{
  "Debt (last)": 18341000000.0,
  "Equity (last)": 32300000000.0,
  "w_d": 0.36217689224146443,
  "w_e": 0.6378231077585356,
  "r_d (input)": 0.0243,
  "r_e (input)": 0.07518280778186726,
  "Debt contrib": 0.008800898481467586,
  "Equity contrib": 0.047953332109443185,
  "WACC": 0.05675423059091077,
  "beta": 0.6970625353779969,
  "risk_free_rate": 0.045,
  "equity_premium": 0.0433
}