{
  "Debt (last)": 18341000000.0,
  "Equity (last)": 32300000000.0,
  "w_d": 0.36217689224146443,
  "w_e": 0.6378231077585356,
  "r_d (input)": 0.0243,
  "r_e (input)": 0.07489129248910695,
  "Debt contrib": 0.008800898481467586,
  "Equity contrib": 0.04776739691945567,
  "WACC": 0.05656829540092326,
  "beta": 0.6903300805798372,
  "risk_free_rate": 0.045,
  "equity_premium": 0.0433
}