{
  "Debt (last)": 38140000000.0,
  "Equity (last)": 75188000000.0,
  "w_d": 0.3365452491881971,
  "w_e": 0.6634547508118029,
  "r_d (input)": 0.0318,
  "r_e (input)": 0.06706135524400539,
  "Debt contrib": 0.01070213892418467,
  "Equity contrib": 0.04449217473251339,
  "WACC": 0.055194313656698066,
  "beta": 0.5095001211086695,
  "risk_free_rate": 0.045,
  "equity_premium": 0.0433
}