{
  "enterprise_value": 137844309110.63245,
  "terminal_value": 201096309291.9558,
  "npv": 137844309110.63245,
  "net_debt": 22509000000.0,
  "equity_value": 115335309110.63245,
  "per_share_value": 556.1892907797196,
  "share_price": 629.4,
  "upside": -11.631825424258082,
  "average_growth_rate": 0.062392023046559025
}