{
  "enterprise_value": 64438900711.30646,
  "terminal_value": 77752309697.95653,
  "npv": 64438900711.30646,
  "net_debt": 22509000000.0,
  "equity_value": 41929900711.30646,
  "per_share_value": 202.2014066543626,
  "share_price": 629.4,
  "upside": -67.87394238094016,
  "average_growth_rate": 0.06590909090909093
}