{
  "enterprise_value": 86080524022.89626,
  "terminal_value": 96330631113.36699,
  "npv": 86080524022.89626,
  "net_debt": 22509000000.0,
  "equity_value": 63571524022.896255,
  "per_share_value": 306.56527591359304,
  "share_price": 629.4,
  "upside": -51.292456956848895,
  "average_growth_rate": 0.04762793528579306
}