{
  "enterprise_value": 83695178698.23999,
  "terminal_value": 95033596498.4132,
  "npv": 83695178698.23999,
  "net_debt": 22509000000.0,
  "equity_value": 61186178698.23999,
  "per_share_value": 295.0622632228941,
  "share_price": 629.4,
  "upside": -53.12007257342007,
  "average_growth_rate": 0.05125000000000001
}