{
  "enterprise_value": 95011553872.31255,
  "terminal_value": 127425363700.00002,
  "npv": 95011553872.31255,
  "net_debt": 22509000000.0,
  "equity_value": 72502553872.31255,
  "per_share_value": 349.6339874485364,
  "share_price": 629.4,
  "upside": -44.449636566803875,
  "average_growth_rate": 0.06076312680611788
}