{
  "enterprise_value": 122035402450.55653,
  "terminal_value": 165380616655.4602,
  "npv": 122035402450.55653,
  "net_debt": 22509000000.0,
  "equity_value": 99526402450.55653,
  "per_share_value": 479.95292698902483,
  "share_price": 629.4,
  "upside": -23.744371307749468,
  "average_growth_rate": 0.04340909090909092
}