{
  "enterprise_value": 51374650579.193146,
  "terminal_value": 55436322237.57711,
  "npv": 51374650579.193146,
  "net_debt": 22509000000.0,
  "equity_value": 28865650579.193146,
  "per_share_value": 139.2007863622797,
  "share_price": 629.4,
  "upside": -77.88357382232607,
  "average_growth_rate": 0.06250000000000001
}