{
  "enterprise_value": 56165311582.18718,
  "terminal_value": 62453539342.85715,
  "npv": 56165311582.18718,
  "net_debt": 22509000000.0,
  "equity_value": 33656311582.18718,
  "per_share_value": 162.30311613594375,
  "share_price": 629.4,
  "upside": -74.21304160534736,
  "average_growth_rate": 0.06469434577829264
}