{
  "enterprise_value": 117820396671.42946,
  "terminal_value": 156616852777.79254,
  "npv": 117820396671.42946,
  "net_debt": 22509000000.0,
  "equity_value": 95311396671.42946,
  "per_share_value": 459.62661848035856,
  "share_price": 629.4,
  "upside": -26.973845173123834,
  "average_growth_rate": 0.04086894162899773
}