{
  "enterprise_value": 50855727865.45442,
  "terminal_value": 58984090116.85985,
  "npv": 50855727865.45442,
  "net_debt": 22509000000.0,
  "equity_value": 28346727865.454422,
  "per_share_value": 136.69835013221785,
  "share_price": 629.4,
  "upside": -78.28116458020052,
  "average_growth_rate": 0.07831825508490824
}