{
  "enterprise_value": -38388245134.41806,
  "terminal_value": -71315306515.38953,
  "npv": -38388245134.41806,
  "net_debt": 22509000000.0,
  "equity_value": -60897245134.41806,
  "per_share_value": -293.6689192835249,
  "share_price": 629.4,
  "upside": -146.65855088711865,
  "average_growth_rate": 0.10809338454790893
}