{
  "enterprise_value": -30449045027.487267,
  "terminal_value": -41122387168.41581,
  "npv": -30449045027.487267,
  "net_debt": 22509000000.0,
  "equity_value": -52958045027.48727,
  "per_share_value": -255.38317564714666,
  "share_price": 629.4,
  "upside": -140.57565548890162,
  "average_growth_rate": 0.10116893583558319
}