{
  "Debt (avg)": 7087500000.0,
  "Equity (avg)": 101569500000.0,
  "w_d": 0.06522819514619399,
  "w_e": 0.9347718048538061,
  "r_d (input)": 0.0253,
  "r_e (input)": 0.08,
  "Debt contrib": 0.0016502733371987078,
  "Equity contrib": 0.07478174438830448,
  "WACC": 0.07643201772550319
}