{
  "enterprise_value": 272463040047.7665,
  "terminal_value": 351066655013.7311,
  "npv": 272463040047.7665,
  "net_debt": 24475000000.0,
  "equity_value": 247988040047.7665,
  "per_share_value": 2520.734037858601,
  "upside": 176.5782354464122,
  "average_growth_rate": 0.030000000000000027
}