{
  "enterprise_value": 231978885456.1705,
  "terminal_value": 290996076897.7303,
  "npv": 231978885456.1705,
  "net_debt": 24475000000.0,
  "equity_value": 207503885456.1705,
  "per_share_value": 2109.2231180041226,
  "upside": 131.42671911390417,
  "average_growth_rate": 0.00917775295625927
}