{
  "enterprise_value": 267536427588.42734,
  "terminal_value": 343292934462.67993,
  "npv": 267536427588.42734,
  "net_debt": 24475000000.0,
  "equity_value": 243061427588.42734,
  "per_share_value": 2470.6563013871064,
  "upside": 171.08364070519053,
  "average_growth_rate": 0.027447220504860273
}