{
  "enterprise_value": 231865853983.14154,
  "terminal_value": 292105849585.6573,
  "npv": 231865853983.14154,
  "net_debt": 24475000000.0,
  "equity_value": 207390853983.14154,
  "per_share_value": 2108.07418242901,
  "upside": 131.30065639993524,
  "average_growth_rate": 0.009589024318666952
}