{
  "enterprise_value": 247338236518.59033,
  "terminal_value": 314262251596.72186,
  "npv": 247338236518.59033,
  "net_debt": 24475000000.0,
  "equity_value": 222863236518.59033,
  "per_share_value": 2265.3469335518557,
  "upside": 148.5568283467035,
  "average_growth_rate": 0.01762625174601309
}