{
  "enterprise_value": 234136409764.93573,
  "terminal_value": 293500182592.25806,
  "npv": 234136409764.93573,
  "net_debt": 24475000000.0,
  "equity_value": 209661409764.93573,
  "per_share_value": 2131.153792409083,
  "upside": 133.83298139226278,
  "average_growth_rate": 0.009937282579690374
}