{
  "Debt (last)": 15681000000.0,
  "Equity (last)": 16769000000.0,
  "w_d": 0.4832357473035439,
  "w_e": 0.5167642526964561,
  "r_d (input)": 0.0313,
  "r_e (input)": 0.09199417832942244,
  "Debt contrib": 0.015125278890600925,
  "Equity contrib": 0.047539302816828506,
  "WACC": 0.06266458170742943,
  "beta": 1.0853158967534051,
  "risk_free_rate": 0.045,
  "equity_premium": 0.0433
}