{
  "Debt (last)": 98186000000.0,
  "Equity (last)": 233047000000.0,
  "w_d": 0.2964257788324231,
  "w_e": 0.703574221167577,
  "r_d (input)": 0.04,
  "r_e (input)": 0.11568815081684383,
  "Debt contrib": 0.011857031153296924,
  "Equity contrib": 0.08139520060927809,
  "WACC": 0.09325223176257501,
  "beta": 1.2922879491196313,
  "risk_free_rate": 0.045,
  "equity_premium": 0.0547
}