{
  "enterprise_value": 1131720946954.1504,
  "terminal_value": 1236648719321.1692,
  "npv": 1131720946954.1504,
  "net_debt": 70024000000.0,
  "equity_value": 1061696946954.1504,
  "per_share_value": 71.08403705206855,
  "upside": -66.71316457407234,
  "average_growth_rate": -0.029817233609034405
}