{
  "enterprise_value": 1329735591995.4124,
  "terminal_value": 1471059867478.1206,
  "npv": 1329735591995.4124,
  "net_debt": 70024000000.0,
  "equity_value": 1259711591995.4124,
  "per_share_value": 84.34175659750596,
  "upside": -60.50491379184923,
  "average_growth_rate": -0.014539647385896581
}