{
  "enterprise_value": 1788319673301.359,
  "terminal_value": 2047001942124.222,
  "npv": 1788319673301.359,
  "net_debt": 70024000000.0,
  "equity_value": 1718295673301.359,
  "per_share_value": 115.04544084616047,
  "upside": -46.127164202219404,
  "average_growth_rate": 0.047750000000000015
}