{
  "enterprise_value": 1830844173425.0425,
  "terminal_value": 2396027311974.7314,
  "npv": 1830844173425.0425,
  "net_debt": 70024000000.0,
  "equity_value": 1760820173425.0425,
  "per_share_value": 117.89259337031966,
  "upside": -44.7939155371952,
  "average_growth_rate": 0.039
}