{
  "enterprise_value": 950226872983.8435,
  "terminal_value": 1037670061051.9054,
  "npv": 950226872983.8435,
  "net_debt": 70024000000.0,
  "equity_value": 880202872983.8435,
  "per_share_value": 58.932423057276395,
  "upside": -72.40345443349267,
  "average_growth_rate": -0.03240522500505605
}