{
  "enterprise_value": 756407445458.4028,
  "terminal_value": 855236080723.4886,
  "npv": 756407445458.4028,
  "net_debt": 70024000000.0,
  "equity_value": 686383445458.4028,
  "per_share_value": 45.95558686390254,
  "upside": -78.48017473008544,
  "average_growth_rate": -0.03773353945020973
}