{
  "enterprise_value": 2087434877810.2815,
  "terminal_value": 2879312772019.0425,
  "npv": 2087434877810.2815,
  "net_debt": 70024000000.0,
  "equity_value": 2017410877810.2815,
  "per_share_value": 135.07216913350058,
  "upside": -36.74915985319571,
  "average_growth_rate": 0.06000000000000005
}