{
  "enterprise_value": 833765442599.5792,
  "terminal_value": 884090427216.5128,
  "npv": 833765442599.5792,
  "net_debt": 70024000000.0,
  "equity_value": 763741442599.5792,
  "per_share_value": 51.1349544328051,
  "upside": -76.05480944378127,
  "average_growth_rate": -0.07694200160659079
}