{
  "enterprise_value": 1278235655779.982,
  "terminal_value": 1567628955387.0994,
  "npv": 1278235655779.982,
  "net_debt": 70024000000.0,
  "equity_value": 1208211655779.982,
  "per_share_value": 80.89366966025031,
  "upside": -62.11956466389589,
  "average_growth_rate": 0.0006679093009867268
}