{
  "enterprise_value": 1866096315154.7134,
  "terminal_value": 2151590001128.8513,
  "npv": 1866096315154.7134,
  "net_debt": 70024000000.0,
  "equity_value": 1796072315154.7134,
  "per_share_value": 120.25283802965079,
  "upside": -43.68867336471516,
  "average_growth_rate": 0.06000000000000005
}