{
  "enterprise_value": 1230833633462.0483,
  "terminal_value": 1339669753371.3984,
  "npv": 1230833633462.0483,
  "net_debt": 70024000000.0,
  "equity_value": 1160809633462.0483,
  "per_share_value": 77.71995128377985,
  "upside": -63.6057357603466,
  "average_growth_rate": -0.03583022674753314
}