{
  "enterprise_value": 1029711215080.1323,
  "terminal_value": 1116259873214.0012,
  "npv": 1029711215080.1323,
  "net_debt": 70024000000.0,
  "equity_value": 959687215080.1323,
  "per_share_value": 64.25415628335477,
  "upside": -69.91142295324056,
  "average_growth_rate": -0.03583022674753314
}