{
  "Debt (last)": 118723000000.0,
  "Equity (last)": 370439000000.0,
  "w_d": 0.24270691509152387,
  "w_e": 0.7572930849084761,
  "r_d (input)": 0.0323,
  "r_e (input)": 0.08867153854436777,
  "Debt contrib": 0.00783943335745622,
  "Equity contrib": 0.06715034296784511,
  "WACC": 0.07498977632530134,
  "beta": 1.0085805668445214,
  "risk_free_rate": 0.045,
  "equity_premium": 0.0433
}