{
  "Debt (last)": 3332000000.0,
  "Equity (last)": 21945000000.0,
  "w_d": 0.13181944059817224,
  "w_e": 0.8681805594018277,
  "r_d (input)": 0.0354,
  "r_e (input)": 0.11581489935636448,
  "Debt contrib": 0.004666408197175297,
  "Equity contrib": 0.10054824411027488,
  "WACC": 0.10521465230745018,
  "beta": 1.6354480220869396,
  "risk_free_rate": 0.045,
  "equity_premium": 0.0433
}