{
  "enterprise_value": 289274789986.0365,
  "terminal_value": 365560196378.6837,
  "npv": 289274789986.0365,
  "net_debt": -2943000000.0,
  "equity_value": 292217789986.0365,
  "per_share_value": 1240.9136423653063,
  "upside": -17.547266288019518,
  "average_growth_rate": 0.016431578233611695
}