{
  "enterprise_value": 266527188015.48624,
  "terminal_value": 325350368513.33325,
  "npv": 266527188015.48624,
  "net_debt": -2943000000.0,
  "equity_value": 269470188015.48624,
  "per_share_value": 1144.3151100935352,
  "upside": -23.965773415711947,
  "average_growth_rate": 0.0035789455840291584
}