{
  "enterprise_value": 295358800905.37634,
  "terminal_value": 329573249512.9992,
  "npv": 295358800905.37634,
  "net_debt": -2943000000.0,
  "equity_value": 298301800905.37634,
  "per_share_value": 1266.7496195331203,
  "upside": -15.8305900642445,
  "average_growth_rate": -0.003018406082485464
}