{
  "enterprise_value": 456935007903.7379,
  "terminal_value": 534640415825.2187,
  "npv": 456935007903.7379,
  "net_debt": -2943000000.0,
  "equity_value": 459878007903.7379,
  "per_share_value": 1952.88895265,
  "upside": 29.76006329900332,
  "average_growth_rate": 0.10625000000000001
}