{
  "enterprise_value": 286743719955.9761,
  "terminal_value": 357430171220.41296,
  "npv": 286743719955.9761,
  "net_debt": -2943000000.0,
  "equity_value": 289686719955.9761,
  "per_share_value": 1230.1653599618494,
  "upside": -18.261437876289076,
  "average_growth_rate": 0.007757903949239709
}