{
  "enterprise_value": 529835276990.70166,
  "terminal_value": 631429821965.2518,
  "npv": 529835276990.70166,
  "net_debt": -2943000000.0,
  "equity_value": 532778276990.70166,
  "per_share_value": 2262.462638928436,
  "upside": 50.3297434503944,
  "average_growth_rate": 0.14999999999999986
}