{
  "enterprise_value": 260909377906.82312,
  "terminal_value": 288576550006.16,
  "npv": 260909377906.82312,
  "net_debt": -2943000000.0,
  "equity_value": 263852377906.82312,
  "per_share_value": 1120.4588718939688,
  "upside": -25.550905521995432,
  "average_growth_rate": -0.016351187910040532
}