{
  "enterprise_value": 227815336126.0526,
  "terminal_value": 263986738421.26337,
  "npv": 227815336126.0526,
  "net_debt": -2943000000.0,
  "equity_value": 230758336126.0526,
  "per_share_value": 979.9238006762721,
  "upside": -34.88878400822112,
  "average_growth_rate": -0.01707525227273639
}