{
  "enterprise_value": 293591167346.1761,
  "terminal_value": 329947089557.47064,
  "npv": 293591167346.1761,
  "net_debt": -2943000000.0,
  "equity_value": 296534167346.1761,
  "per_share_value": 1259.2432983114754,
  "upside": -16.329348949403624,
  "average_growth_rate": 0.011076314629619
}