{
  "enterprise_value": 285681228511.0263,
  "terminal_value": 319590304354.00085,
  "npv": 285681228511.0263,
  "net_debt": -2943000000.0,
  "equity_value": 288624228511.0263,
  "per_share_value": 1225.6534507827485,
  "upside": -18.56123250612967,
  "average_growth_rate": 0.0035789455840291584
}