{
  "enterprise_value": 499725989786.3887,
  "terminal_value": 681868234238.3293,
  "npv": 499725989786.3887,
  "net_debt": -2943000000.0,
  "equity_value": 502668989786.3887,
  "per_share_value": 2134.602438303715,
  "upside": 41.83404905672526,
  "average_growth_rate": 0.07500000000000001
}