{
  "enterprise_value": 819047761900.2281,
  "terminal_value": 1270030910811.6538,
  "npv": 819047761900.2281,
  "net_debt": -2943000000.0,
  "equity_value": 821990761900.2281,
  "per_share_value": 3490.6141422429705,
  "upside": 131.93449450119405,
  "average_growth_rate": 0.14999999999999988
}