{
  "Debt (last)": 24264000000.0,
  "Equity (last)": 24888000000.0,
  "w_d": 0.49365234375,
  "w_e": 0.50634765625,
  "r_d (input)": 0.031,
  "r_e (input)": 0.07729088829301721,
  "Debt contrib": 0.01530322265625,
  "Equity contrib": 0.03913606013664983,
  "WACC": 0.054439282792899835,
  "beta": 0.7457479975292659,
  "risk_free_rate": 0.045,
  "equity_premium": 0.0433
}