{
  "enterprise_value": 1016032328.3742316,
  "terminal_value": 562133038.6481302,
  "npv": 1016032328.3742316,
  "net_debt": 10535000000.0,
  "equity_value": -9518967671.625769,
  "per_share_value": -65.37169205084234,
  "upside": -165.45023232963788,
  "average_growth_rate": -0.48197847682119205
}