{
  "enterprise_value": 34260469194.254795,
  "terminal_value": 39462068184.943954,
  "npv": 34260469194.254795,
  "net_debt": 10535000000.0,
  "equity_value": 23725469194.254795,
  "per_share_value": 162.93511223404292,
  "upside": 63.13086927717554,
  "average_growth_rate": 0.07000000000000006
}