{
  "enterprise_value": 32369832954.018806,
  "terminal_value": 37031309089.42733,
  "npv": 32369832954.018806,
  "net_debt": 10535000000.0,
  "equity_value": 21834832954.018806,
  "per_share_value": 149.95113179199564,
  "upside": 50.13128933920269,
  "average_growth_rate": 0.05425000000000002
}