{
  "enterprise_value": 14035868726.898222,
  "terminal_value": 14822798975.566639,
  "npv": 14035868726.898222,
  "net_debt": 10535000000.0,
  "equity_value": 3500868726.898222,
  "per_share_value": 24.042282757971364,
  "upside": -75.92883184023692,
  "average_growth_rate": -0.10947100423749523
}