{
  "enterprise_value": -23435785154.312477,
  "terminal_value": -30620316225.70784,
  "npv": -23435785154.312477,
  "net_debt": 10535000000.0,
  "equity_value": -33970785154.312477,
  "per_share_value": -233.29501501014744,
  "upside": -333.5753053765993,
  "average_growth_rate": 0.9116840059265661
}