{
  "enterprise_value": 796153778.9535836,
  "terminal_value": 267434292.5594842,
  "npv": 796153778.9535836,
  "net_debt": 10535000000.0,
  "equity_value": -9738846221.046417,
  "per_share_value": -66.88171218297896,
  "upside": -166.96206666297454,
  "average_growth_rate": -0.2869867549668874
}