{
  "enterprise_value": 12172383979.914585,
  "terminal_value": 13618058385.209743,
  "npv": 12172383979.914585,
  "net_debt": 10535000000.0,
  "equity_value": 1637383979.914585,
  "per_share_value": 11.244765713725497,
  "upside": -88.7417243555011,
  "average_growth_rate": -0.057751387223073984
}