{
  "enterprise_value": -47682575176.5208,
  "terminal_value": -77513498275.21985,
  "npv": -47682575176.5208,
  "net_debt": 10535000000.0,
  "equity_value": -58217575176.5208,
  "per_share_value": -399.8103079738984,
  "upside": -500.2906567620128,
  "average_growth_rate": 0.5194111993725024
}