{
  "enterprise_value": 33469803258.302986,
  "terminal_value": 43765372518.878746,
  "npv": 33469803258.302986,
  "net_debt": 10535000000.0,
  "equity_value": 22934803258.302986,
  "per_share_value": 157.50519883763522,
  "upside": 57.694432156222696,
  "average_growth_rate": 0.043000000000000003
}