{
  "enterprise_value": 40257605279.18437,
  "terminal_value": 55347592029.79456,
  "npv": 40257605279.18437,
  "net_debt": 10535000000.0,
  "equity_value": 29722605279.184372,
  "per_share_value": 204.1205586874032,
  "upside": 104.36579764457669,
  "average_growth_rate": 0.07000000000000006
}