{
  "enterprise_value": 5894790791.424323,
  "terminal_value": 3779542064.953822,
  "npv": 5894790791.424323,
  "net_debt": 10535000000.0,
  "equity_value": -4640209208.575677,
  "per_share_value": -31.866725247810834,
  "upside": -131.90501126132443,
  "average_growth_rate": -0.18187846805768493
}