{
  "enterprise_value": 10426344452.11354,
  "terminal_value": 10312170114.45219,
  "npv": 10426344452.11354,
  "net_debt": 10535000000.0,
  "equity_value": -108655547.88645935,
  "per_share_value": -0.7461940476194552,
  "upside": -100.74709055628699,
  "average_growth_rate": -0.18187846805768493
}