{
  "enterprise_value": 112669630512.02142,
  "terminal_value": 127278682851.0383,
  "npv": 112669630512.02142,
  "net_debt": -1476000000.0,
  "equity_value": 114145630512.02142,
  "per_share_value": 1855.951067225258,
  "upside": 43.20610086614644,
  "average_growth_rate": 0.050000000000000044
}