{
  "enterprise_value": 144555803844.95386,
  "terminal_value": 168687184705.06097,
  "npv": 144555803844.95386,
  "net_debt": -1476000000.0,
  "equity_value": 146031803844.95386,
  "per_share_value": 2374.4043550254682,
  "upside": 83.21021257912564,
  "average_growth_rate": 0.10450000000000004
}