{
  "enterprise_value": 124673526649.0437,
  "terminal_value": 145711325967.6323,
  "npv": 124673526649.0437,
  "net_debt": -1476000000.0,
  "equity_value": 126149526649.0437,
  "per_share_value": 2051.1284362268802,
  "upside": 58.26608304219755,
  "average_growth_rate": 0.10607113016040509
}