{
  "enterprise_value": 122043232341.12106,
  "terminal_value": 162443436222.06512,
  "npv": 122043232341.12106,
  "net_debt": -1476000000.0,
  "equity_value": 123519232341.12106,
  "per_share_value": 2008.3611615970256,
  "upside": 54.966139012116166,
  "average_growth_rate": 0.050000000000000044
}