{
  "enterprise_value": 110753382662.73695,
  "terminal_value": 138599935593.29404,
  "npv": 110753382662.73695,
  "net_debt": -1476000000.0,
  "equity_value": 112229382662.73695,
  "per_share_value": 1824.793832165147,
  "upside": 40.80199322261937,
  "average_growth_rate": 0.03199999999999998
}