{
  "enterprise_value": 87403350711.89362,
  "terminal_value": 94396408114.31357,
  "npv": 87403350711.89362,
  "net_debt": -1476000000.0,
  "equity_value": 88879350711.89362,
  "per_share_value": 1445.1339492198465,
  "upside": 11.507249168198033,
  "average_growth_rate": -0.008287160439309549
}