{
  "enterprise_value": 243295791149.4664,
  "terminal_value": 403448012670.58264,
  "npv": 243295791149.4664,
  "net_debt": -1476000000.0,
  "equity_value": 244771791149.4664,
  "per_share_value": 3979.8673411563173,
  "upside": 207.08852941020967,
  "average_growth_rate": 0.1499999999999999
}