{
  "enterprise_value": 85341600168.33531,
  "terminal_value": 99840617541.01465,
  "npv": 85341600168.33531,
  "net_debt": -1476000000.0,
  "equity_value": 86817600168.33531,
  "per_share_value": 1411.6109128626529,
  "upside": 8.920595128291117,
  "average_growth_rate": 0.0025925166527325733
}