{
  "enterprise_value": 108874866453.73701,
  "terminal_value": 121911532364.47818,
  "npv": 108874866453.73701,
  "net_debt": -1476000000.0,
  "equity_value": 110350866453.73701,
  "per_share_value": 1794.250094772359,
  "upside": 38.44522336206474,
  "average_growth_rate": 0.03949999999999998
}