{
  "enterprise_value": 156177682607.4349,
  "terminal_value": 211059552716.02426,
  "npv": 156177682607.4349,
  "net_debt": -1476000000.0,
  "equity_value": 157653682607.4349,
  "per_share_value": 2563.370311896832,
  "upside": 97.79091912784197,
  "average_growth_rate": 0.07200000000000001
}