{
  "enterprise_value": 144302460706.25455,
  "terminal_value": 206124549002.358,
  "npv": 144302460706.25455,
  "net_debt": -1476000000.0,
  "equity_value": 145778460706.25455,
  "per_share_value": 2370.2851218447145,
  "upside": 82.89237051270945,
  "average_growth_rate": 0.08706398283483119
}