{
  "enterprise_value": 166774112470.51306,
  "terminal_value": 200584965802.14337,
  "npv": 166774112470.51306,
  "net_debt": -1476000000.0,
  "equity_value": 168250112470.51306,
  "per_share_value": 2735.662980700184,
  "upside": 111.08510653550803,
  "average_growth_rate": 0.1499999999999999
}