{
  "Debt (last)": 82695000000.0,
  "Equity (last)": 153492000000.0,
  "w_d": 0.35012511272847363,
  "w_e": 0.6498748872715264,
  "r_d (input)": 0.04,
  "r_e (input)": 0.10876921930583486,
  "Debt contrib": 0.014005004509138946,
  "Equity contrib": 0.07068638413499137,
  "WACC": 0.08469138864413031,
  "beta": 1.1657992560481694,
  "risk_free_rate": 0.045,
  "equity_premium": 0.0547
}