{
  "sum_pv": 7291838976.378019,
  "terminal_value": 36078278570.93652,
  "npv": 7291838976.378019,
  "per_share_value": 65.2496038260988,
  "upside": -77.4222824131146,
  "average_growth_rate": 0.07704474664801764
}