{
  "sum_pv": 6626533388.123746,
  "terminal_value": 32264147975.031094,
  "npv": 6626533388.123746,
  "per_share_value": 59.29624607951237,
  "upside": -79.48226779255627,
  "average_growth_rate": 0.06631615578562283
}