{
  "sum_pv": 14304054664.923708,
  "terminal_value": 52677928663.74714,
  "npv": 14304054664.923708,
  "per_share_value": 127.99705300907992,
  "upside": -55.71036228059518,
  "average_growth_rate": 0.08000000000000007
}