{
  "sum_pv": 7717670769.989905,
  "terminal_value": 40702565386.98535,
  "npv": 7717670769.989905,
  "per_share_value": 69.06007686585511,
  "upside": -76.103779631192,
  "average_growth_rate": 0.10776114868925801
}