{
  "sum_pv": 6874939472.862423,
  "terminal_value": 32956751931.69293,
  "npv": 6874939472.862423,
  "per_share_value": 61.519059648174306,
  "upside": -78.71312814942065,
  "average_growth_rate": 0.05900000000000005
}