{
  "sum_pv": 10677174162.102734,
  "terminal_value": 30116940779.40536,
  "npv": 10677174162.102734,
  "per_share_value": 95.54261775614734,
  "upside": -66.94027067261338,
  "average_growth_rate": 0.021132097414439728
}