{
  "sum_pv": 6077820952.480251,
  "terminal_value": 27202288319.36417,
  "npv": 6077820952.480251,
  "per_share_value": 54.386199497823334,
  "upside": -81.18124584850403,
  "average_growth_rate": 0.02183965829846457
}