{
  "sum_pv": 12695157270.953417,
  "terminal_value": 38571762593.29944,
  "npv": 12695157270.953417,
  "per_share_value": 113.60014738712533,
  "upside": -60.69199052348605,
  "average_growth_rate": 0.04400000000000004
}