{
  "sum_pv": 12598528277.402754,
  "terminal_value": 41397916514.24208,
  "npv": 12598528277.402754,
  "per_share_value": 112.73548161931004,
  "upside": -60.991182830688565,
  "average_growth_rate": 0.05787659392946923
}