{
  "sum_pv": 7147158548.626986,
  "terminal_value": 35851713103.089,
  "npv": 7147158548.626986,
  "per_share_value": 63.954959138698605,
  "upside": -77.87025635339148,
  "average_growth_rate": 0.08000000000000007
}