{
  "sum_pv": 16491504808.301369,
  "terminal_value": 67897288404.939995,
  "npv": 16491504808.301369,
  "per_share_value": 147.5710254606263,
  "upside": -48.93736143230924,
  "average_growth_rate": 0.10776114868925801
}