{
  "sum_pv": 13797984264.623686,
  "terminal_value": 43365091690.40031,
  "npv": 13797984264.623686,
  "per_share_value": 123.46858039268463,
  "upside": -57.27730782260047,
  "average_growth_rate": 0.05510445947570321
}