{
  "Debt (avg)": 20000000.0,
  "Equity (avg)": 3700500000.0,
  "w_d": 0.005375621556242441,
  "w_e": 0.9946243784437575,
  "r_d (input)": 0.0253,
  "r_e (input)": 0.08,
  "Debt contrib": 0.00013600322537293374,
  "Equity contrib": 0.07956995027550061,
  "WACC": 0.07970595350087355
}