{
  "Debt (last)": 17039000000.0,
  "Equity (last)": 69926000000.0,
  "w_d": 0.19592939688380384,
  "w_e": 0.8040706031161962,
  "r_d (input)": 0.0507,
  "r_e (input)": 0.09186401423993037,
  "Debt contrib": 0.009933620422008856,
  "Equity contrib": 0.07386515333457565,
  "WACC": 0.08379877375658451,
  "beta": 1.0823097976889233,
  "risk_free_rate": 0.045,
  "equity_premium": 0.0433
}