{
  "Debt (last)": 17039000000.0,
  "Equity (last)": 69926000000.0,
  "w_d": 0.19592939688380384,
  "w_e": 0.8040706031161962,
  "r_d (input)": 0.0507,
  "r_e (input)": 0.09185656934386076,
  "Debt contrib": 0.009933620422008856,
  "Equity contrib": 0.07385916711250282,
  "WACC": 0.08379278753451166,
  "beta": 1.0821378601353524,
  "risk_free_rate": 0.045,
  "equity_premium": 0.0433
}