{
  "enterprise_value": 10512622768.450817,
  "terminal_value": 15340462224.292484,
  "npv": 10512622768.450817,
  "net_debt": -43000000.0,
  "equity_value": 10555622768.450817,
  "per_share_value": 10.476005129466868,
  "upside": -91.30982569102707,
  "average_growth_rate": 0.11030054056168795
}