{
  "enterprise_value": 6242365546.447657,
  "terminal_value": 4807893933.346898,
  "npv": 6242365546.447657,
  "net_debt": -43000000.0,
  "equity_value": 6285365546.447657,
  "per_share_value": 6.237957072695173,
  "upside": -94.82541926777671,
  "average_growth_rate": -0.12840645158381714
}