{
  "enterprise_value": 17480783480.447227,
  "terminal_value": 30039979262.38962,
  "npv": 17480783480.447227,
  "net_debt": -43000000.0,
  "equity_value": 17523783480.447227,
  "per_share_value": 17.391607265231467,
  "upside": -85.57311715866324,
  "average_growth_rate": 0.19530541842249402
}