{
  "enterprise_value": 5284247736.58609,
  "terminal_value": 10557208105.171513,
  "npv": 5284247736.58609,
  "net_debt": -43000000.0,
  "equity_value": 5327247736.58609,
  "per_share_value": 5.287066034722201,
  "upside": -95.61421316074474,
  "average_growth_rate": 0.0642733405319132
}