{
  "enterprise_value": 21818280312.942734,
  "terminal_value": 35500753319.09304,
  "npv": 21818280312.942734,
  "net_debt": -43000000.0,
  "equity_value": 21861280312.942734,
  "per_share_value": 21.696387765921727,
  "upside": -82.00216692996953,
  "average_growth_rate": 0.13853344320570465
}