{
  "enterprise_value": -2985880193.032357,
  "terminal_value": -4512211397.916598,
  "npv": -2985880193.032357,
  "net_debt": -43000000.0,
  "equity_value": -2942880193.032357,
  "per_share_value": -2.9206830022155192,
  "upside": -102.4227980109627,
  "average_growth_rate": 0.10000000000000028
}