{
  "Debt (last)": 11771000000.0,
  "Equity (last)": 18172000000.0,
  "w_d": 0.3931135824733661,
  "w_e": 0.606886417526634,
  "r_d (input)": 0.0315,
  "r_e (input)": 0.10236795008370615,
  "Debt contrib": 0.012383077847911032,
  "Equity contrib": 0.062125718495845715,
  "WACC": 0.07450879634375675,
  "beta": 1.3248949211017589,
  "risk_free_rate": 0.045,
  "equity_premium": 0.0433
}