date,FCFF,FCF,EBIT,CapEx,Depreciation And Amortization,Delta WC,Tax Provision,Revenue,EBITDA,Net Income,Total Debt,Total Equity,Cash,Operating Cash Flow,Dividends,Ordinary Shares Number,Net Debt,Current Assets,Current Liabilities,Pretax Income,Total Assets,Interest Expense,WorkingCapital,ttm,effective_tax_rate,ReinvestmentRate,capital_invested,ROCE,operating_margin,sales_to_capital,FCFE,ticker,share_price,company_name,company_sector,company_industry,EPS,EPS Growth Rate,PE Ratio,PEG Ratio,book_value,book_value_per_share,PB Ratio,graham_number,p_to_graham,dividends_per_share,dividend_yield,dividend_payout_ratio,debt_to_equity,current_ratio,interest_coverage,fcf_per_share,fcf_yield,market_cap,revenue_growth_pct,ebit_growth_pct,net_income_growth_pct,fcf_growth_pct,roce_trend_pct,cagr_revenue,cagr_ebit,cagr_net_income,cagr_fcf,cagr_eps
2021-12-31,,19046000000.0,19538000000.0,2976000000.0,4944000000.0,,697000000.0,61787000000.0,24482000000.0,17942000000.0,15335000000.0,45588000000.0,11832000000.0,22022000000.0,,18705935.0,3503000000.0,25802000000.0,12093000000.0,18730000000.0,72271000000.0,808000000.0,13709000000.0,0,0.037213027229044314,,49091000000.0,0.38318493968342326,0.3162153851133734,1.258621743293068,,MAERSK-B.CO,15665.3583984375,A.P. Møller - Mærsk A/S B,Industrials,Industrial Goods,959.1608224876222,,16.33235848583636,,56936000000.0,3043.7398611724034,5.146746802600744,8104.770857051473,1.9328564218207371,,,,0.269337501756358,2.133631026213512,24.18069306930693,1018.1795243060558,0.0649956099572935,293035175952.876,,,,,,,,,,
2022-12-31,18827942211.637062,30313000000.0,30997000000.0,4163000000.0,5960000000.0,13033000000.0,910000000.0,81529000000.0,36957000000.0,29198000000.0,15643000000.0,65032000000.0,10057000000.0,34476000000.0,,17617887.0,5586000000.0,40063000000.0,13321000000.0,30231000000.0,93680000000.0,766000000.0,26742000000.0,0,0.030101551387648442,0.7696347259613787,70618000000.0,0.4257263333942771,0.38019600387592145,1.1545073494010025,18827942211.637062,MAERSK-B.CO,11694.8896484375,A.P. Møller - Mærsk A/S B,Industrials,Industrial Goods,1657.2929545977904,72.78572224202553,7.05662183381196,0.09695063285004485,78037000000.0,4429.4188060123215,2.640276334349624,12851.809329964457,0.9099800151228857,,,,0.20045619385676025,3.007506943923129,40.46605744125326,1720.580907347175,0.14712245767766213,206039244303.6416,31.951705051224376,58.64981062544785,62.735480994315004,59.156778326157735,11.102052639647164,0.31951705051224377,0.5864981062544785,0.6273548099431501,0.5915677832615773,0.7278572224202553
2023-12-31,15301753782.6685,5997000000.0,5133000000.0,3646000000.0,6238000000.0,-8111000000.0,454000000.0,51065000000.0,11371000000.0,3822000000.0,14814000000.0,55090000000.0,6701000000.0,9643000000.0,,15983774.0,8113000000.0,31500000000.0,12869000000.0,4362000000.0,82578000000.0,771000000.0,18631000000.0,0,0.10408069692801467,0.37892712117973926,63203000000.0,0.0727616376227157,0.10051894644081073,0.807952154169897,15301753782.6685,MAERSK-B.CO,10445.4873046875,A.P. Møller - Mærsk A/S B,Industrials,Industrial Goods,239.11749502964693,-85.5718028387034,43.683492516481984,-0.5104893325529459,67764000000.0,4239.549433068811,2.4638201463608134,4775.917180083833,2.187116507850362,,,,0.21861165220471046,2.4477426373455593,6.657587548638133,375.192992593614,0.035919146866919556,166958308397.99414,-37.365845282046884,-83.44033293544537,-86.9100623330365,-80.2164088015043,-82.90882383464658,-0.09089695251439711,-0.48743897496863275,-0.5384593948070326,-0.43886787305712893,-0.5007018458711292
2024-12-31,7511144366.197184,7207000000.0,7713000000.0,4201000000.0,6178000000.0,1518000000.0,584000000.0,55482000000.0,13891000000.0,6109000000.0,16477000000.0,57947000000.0,6575000000.0,11408000000.0,,15708635.0,9902000000.0,34072000000.0,13923000000.0,6816000000.0,87697000000.0,897000000.0,20149000000.0,0,0.08568075117370892,1.6688175059615655,67849000000.0,0.10393881068545127,0.1390180599113226,0.8177276009963301,7511144366.197184,MAERSK-B.CO,10839.1650390625,A.P. Møller - Mærsk A/S B,Industrials,Industrial Goods,388.8943883411894,62.637362980476375,27.87174452502759,0.44496995401474704,71220000000.0,4533.812135809381,2.3907397824121532,6298.525001277097,1.7209052971711214,,,,0.23135355237292896,2.4471737412913885,8.59866220735786,458.79225024962386,0.04232726862227994,170268487303.39355,8.649760109664161,50.26300409117474,59.837781266352685,20.176755044188766,42.84836636634779,-0.0352421233731991,-0.26641956146666523,-0.3017143922986083,-0.2767025832490033,-0.2598607852825724
2025-08-03,,8186000000.0,,4893000000.0,,1518000000.0,687000000.0,56448000000.0,,7094000000.0,17039000000.0,56455000000.0,7128000000.0,13079000000.0,,15515868.0,9911000000.0,32499000000.0,15166000000.0,7918000000.0,86965000000.0,,,1,0.08676433442788584,,66366000000.0,,,0.8505560075942501,,MAERSK-B.CO,12720.0,A.P. Møller - Mærsk A/S B,Industrials,Industrial Goods,457.20935496486567,17.566457288075178,27.820953053284466,1.5837543448314109,69926000000.0,4506.741098854412,2.822438591654034,6808.9495733938065,1.8681295643169127,,,,0.24367188170351514,2.1428854015561125,,527.5889173586679,0.04147711614454937,197361840960.0,1.7411052233156754,0.0,16.123751841545264,13.584015540446792,0.0,-0.022339964646191368,-0.26641956146666523,-0.20703305698233165,-0.19031332887642882,-0.16908630095296495
2021-09-30,,-256000000.0,334000000.0,584000000.0,216000000.0,,61000000.0,4013000000.0,550000000.0,247000000.0,823000000.0,3952000000.0,64000000.0,328000000.0,,253727461.0,486000000.0,1608000000.0,980000000.0,308000000.0,5740000000.0,26000000.0,628000000.0,0,0.19805194805194806,,4711000000.0,0.056856431617628815,0.08322950411163718,0.851836128210571,,AMBU-B.CO,188.88050842285156,Ambu A/S B,Health Care,Medical Devices,0.9734854833076187,,194.02498718428845,,4917000000.0,19.379061220338308,9.746628398315892,20.602615914196473,9.167792537097254,,,,0.16737848281472442,1.6408163265306122,12.846153846153847,-1.0089566142783417,-0.0053417720160915975,47924171834.51924,,,,,,,,,,
2022-09-30,-596697247.7064221,-458000000.0,141000000.0,553000000.0,351000000.0,515000000.0,16000000.0,4444000000.0,492000000.0,93000000.0,1845000000.0,4261000000.0,187000000.0,95000000.0,,254074119.0,1063000000.0,2304000000.0,1161000000.0,109000000.0,7215000000.0,32000000.0,1143000000.0,0,0.14678899082568808,11.352,5919000000.0,0.020324844111096127,0.03172817281728173,0.7508025004223686,-596697247.7064221,AMBU-B.CO,66.19343566894531,Ambu A/S B,Health Care,Medical Devices,0.36603492069965615,-62.39955017552222,180.8391274319404,-2.8980838311055495,5370000000.0,21.13556477588337,3.131850810273828,13.193482575702504,5.017131397198268,,,,0.3435754189944134,1.9844961240310077,4.40625,-1.8026235879617476,-0.027232663930261133,16818038851.170456,10.74009469225019,-57.78443113772455,-62.34817813765182,78.90625,-64.25233956329711,0.1074009469225019,-0.5778443113772456,-0.6234817813765182,,-0.6239955017552222
2023-09-30,315800000.0,192000000.0,271000000.0,326000000.0,348000000.0,-77000000.0,42000000.0,4775000000.0,619000000.0,168000000.0,584000000.0,5393000000.0,157000000.0,518000000.0,,266301620.0,427000000.0,2008000000.0,942000000.0,210000000.0,6859000000.0,61000000.0,1066000000.0,0,0.2,2.606986899563319,5820000000.0,0.037250859106529206,0.05675392670157068,0.820446735395189,315800000.0,AMBU-B.CO,73.6080551147461,Ambu A/S B,Health Care,Medical Devices,0.6308636049604205,72.35066090266974,116.67824001253672,1.6126769065661883,6275000000.0,23.563506673372846,3.123815828224091,18.288536634272866,4.024819294552195,,,,0.09306772908366534,2.1316348195329087,4.442622950819672,0.7209869770976234,0.009794946707581005,19601944322.10617,7.448244824482453,92.19858156028369,80.64516129032258,-141.92139737991266,83.27746526819611,0.0908175285710835,-0.09923518857085556,-0.17528068816121567,,-0.1949868089598521
2024-09-30,-189850000.0,524000000.0,327000000.0,289000000.0,355000000.0,512000000.0,65000000.0,5391000000.0,682000000.0,235000000.0,558000000.0,5594000000.0,615000000.0,813000000.0,,266389799.0,-57000000.0,2637000000.0,1059000000.0,300000000.0,7154000000.0,27000000.0,1578000000.0,0,0.21666666666666667,4.412213740458015,5537000000.0,0.0462615134549395,0.06065664997217585,0.9736319306483655,-189850000.0,AMBU-B.CO,130.70262145996094,Ambu A/S B,Health Care,Medical Devices,0.882165912066325,39.83464969764279,148.1610428063493,3.719401172871785,6596000000.0,24.760707897827576,5.27863023946211,22.169092910787658,5.895713549757374,,,,0.08459672528805337,2.490084985835694,12.11111111111111,1.967042289032997,0.015049753915116194,34817845059.49208,12.900523560209432,20.66420664206643,39.88095238095237,172.91666666666666,24.189118223130947,0.10340104441132225,-0.007035408844563884,-0.016463904567927012,,-0.03230106263836918
2025-08-03,-74744292.23744297,410000000.0,475000000.0,323000000.0,359000000.0,512000000.0,68000000.0,5834000000.0,834000000.0,370000000.0,554000000.0,5914000000.0,640000000.0,733000000.0,,266389799.0,-86000000.0,2891000000.0,1003000000.0,438000000.0,7414000000.0,37000000.0,,1,0.1552511415525114,2.9336609336609336,5828000000.0,0.06884964100249778,0.08141926636955776,1.0010295126973232,-74744292.23744297,AMBU-B.CO,92.0,Ambu A/S B,Health Care,Medical Devices,1.3889420743171925,57.446808510638306,66.23746353513513,1.1530225133893892,6860000000.0,25.75173683734038,3.572574563848397,28.36851410548031,3.243032033962864,,,,0.08075801749271137,2.8823529411764706,12.837837837837839,1.5390979742433757,0.016729325806993215,24507861508.0,8.217399369319246,45.2599388379205,57.446808510638306,-21.75572519083969,48.82703971533484,0.09805556234999768,0.0920355729618143,0.10630835612990852,,0.09292073007323176
2021-12-31,,-1416951000.0,-302370000.0,1058451000.0,388310000.0,,10345000.0,1897875000.0,85940000.0,-464775000.0,1132593000.0,7374667000.0,591820000.0,-358500000.0,,70357166.0,461960000.0,4753639000.0,1908558000.0,-454430000.0,12089269000.0,152060000.0,2845081000.0,0,0.25,,7915440000.0,-0.028650018192292532,-0.15932029243232562,0.23976873048118613,,BAVA.CO,268.79998779296875,Bavarian Nordic A/S,Health Care,Biotechnology,-6.605936913377096,,-40.6906683060575,,10956676000.0,155.72935385146127,1.7260714254896172,,,,,,0.10337012794756366,2.4906966411290616,-1.9884913849796133,-20.139398451609036,-0.07492336073735432,18912005361.947876,,,,,,,,,,
2022-12-31,-493428500.0,-1161522000.0,-211922000.0,1381575000.0,399247000.0,-647841000.0,15771000.0,3150793000.0,187325000.0,-347382000.0,1759332000.0,7149987000.0,575407000.0,220053000.0,,70589046.0,1113604000.0,4484580000.0,2287340000.0,-331611000.0,12391246000.0,119689000.0,2197240000.0,0,0.25,-4.975914938096472,8333912000.0,-0.019071655664230677,-0.06725989298567059,0.3780689068951052,-493428500.0,BAVA.CO,213.39999389648438,Bavarian Nordic A/S,Health Care,Biotechnology,-4.921188480150305,-25.503550144645747,-43.363507566767005,1.7002929914002896,10631914000.0,150.6170518298264,1.4168382085820723,,,,,,0.1654765078047095,1.9606092666590886,-1.77060548588425,-16.454706017701387,-0.07710734062009018,15063701985.558655,66.01688730817361,-29.91302047160763,-25.258028078102313,-18.02666429537789,-33.43230871189687,0.6601688730817361,,,,
2023-12-31,738630263.1321635,141801000.0,1588462000.0,977405000.0,553821000.0,417942000.0,7754000.0,7062340000.0,2142283000.0,1475189000.0,145302000.0,10339932000.0,1477234000.0,1119206000.0,,77944140.0,-1331932000.0,5403051000.0,2787869000.0,1482943000.0,14353213000.0,105519000.0,2615182000.0,0,0.005228791666301402,1.2330980801008156,9008000000.0,0.17541699191076415,0.22492006898563366,0.7840075488454707,738630263.1321635,BAVA.CO,177.4499969482422,Bavarian Nordic A/S,Health Care,Biotechnology,18.926233582152552,-484.58664321620336,9.375874823587596,-0.01934819078247778,14207911000.0,182.2832479773335,0.9734849412509244,278.610022989088,0.6369117487032839,,,,0.010226837710343202,1.9380577064417301,15.053800737307974,1.8192644116671246,0.010252265105407466,13831187405.133362,124.14484226669286,-849.5503062447505,-524.6590209049403,-112.20820612954383,-1019.7785184417036,0.9290367808649449,,,,
2024-12-31,-650623250.0,262195000.0,1049229000.0,1687637000.0,624900000.0,374808000.0,-16620000.0,5716206000.0,1674129000.0,987977000.0,128250000.0,11408561000.0,1623490000.0,1949832000.0,,78570622.0,-1495240000.0,5786998000.0,2797008000.0,971357000.0,14405864000.0,77872000.0,2989990000.0,0,0.25,2.521318685855126,9913321000.0,0.07938023493842275,0.18355339188265785,0.576618672995659,-650623250.0,BAVA.CO,189.35000610351562,Bavarian Nordic A/S,Health Care,Biotechnology,12.574381809017625,-33.56109785691711,15.058394836374752,-0.4486860024834123,14277614000.0,181.71695267984515,1.0420051806455208,226.74217239801274,0.8350894943845707,,,,0.00898259331005867,2.068995869872378,13.473764639408259,3.337061529180716,0.017623773021461536,14877347755.257019,-19.06073624322816,-33.94686180720722,-33.027090088117525,84.90349151275379,-54.747693439638944,0.44415371619274513,,,,
2025-08-03,-755724500.0,-921104000.0,1377218000.0,2048658000.0,634828000.0,374808000.0,-6141000.0,6231324000.0,2012046000.0,1321187000.0,116959000.0,11556393000.0,691509000.0,1127554000.0,,78570622.0,-574550000.0,5078084000.0,1807394000.0,1315046000.0,13552982000.0,62172000.0,,1,0.25,2.2107739205802686,10981843000.0,0.09405648031937809,0.22101530910605835,0.5674206050842285,-755724500.0,BAVA.CO,235.60000610351562,Bavarian Nordic A/S,Health Care,Biotechnology,16.815279889218644,33.72649363294893,14.011066580852688,0.4154320556811351,13436023000.0,171.00568454199077,1.3777320136142235,254.35986335303102,0.9262467867287764,,,,0.008704882389677362,2.8096164975650026,22.151740333268997,-11.723262162796674,-0.04975917597237167,18511239022.75702,9.011536673100995,31.260001391497937,33.72649363294895,-451.3049447929976,18.48853860452804,0.3461026586822189,,,,
2021-12-31,,8375000000.0,11093000000.0,3903000000.0,4238000000.0,,2154000000.0,60097000000.0,15331000000.0,6846000000.0,28922000000.0,48756000000.0,8344000000.0,12278000000.0,,141892288.0,19191000000.0,23091000000.0,43282000000.0,10447000000.0,126383000000.0,646000000.0,-20191000000.0,0,0.20618359337608883,,69334000000.0,0.12700558742722254,0.1845849210443117,0.8667753194680821,,CARL-B.CO,1005.4856567382812,Carlsberg A/S B,Consumer Staples,Food,48.247865310340195,,20.84000297776473,,97461000000.0,686.8660825315609,1.4638743742191989,863.5079619291503,1.1644196707716983,,,,0.29675459927560766,0.5335012245275172,17.171826625387,59.02364475227857,0.05870162777234115,142670660385.77734,,,,,,,,,,
2022-12-31,3232409697.8215046,8931000000.0,10659000000.0,4018000000.0,4187000000.0,5693000000.0,1778000000.0,70265000000.0,14846000000.0,-1063000000.0,28646000000.0,34722000000.0,8163000000.0,12949000000.0,,137341421.0,18890000000.0,34249000000.0,48747000000.0,9961000000.0,115341000000.0,698000000.0,-14498000000.0,0,0.17849613492621222,1.5649138610516833,55205000000.0,0.15861624305446073,0.15169714651675797,1.2728013766868942,3232409697.8215046,CARL-B.CO,846.7974853515625,Carlsberg A/S B,Consumer Staples,Food,-7.739835457214324,-116.04181948243743,-109.40768573603977,0.9428298024282382,86695000000.0,631.2370978016894,1.341488781791456,,,,,,0.33042274640982755,0.7025868258559501,15.270773638968482,65.02772386489288,0.07679253303154945,116300369937.41028,16.91931377606204,-3.912377174794912,-115.52731522056676,6.638805970149253,24.889185009558656,0.1691931377606204,-0.03912377174794912,,0.06638805970149253,
2023-12-31,11240136826.042727,7364000000.0,10945000000.0,4243000000.0,4074000000.0,-2534000000.0,1859000000.0,73585000000.0,15019000000.0,-40788000000.0,39101000000.0,25749000000.0,13382000000.0,11607000000.0,,134114316.0,23918000000.0,30198000000.0,47230000000.0,9830000000.0,111831000000.0,1115000000.0,-17032000000.0,0,0.1891149542217701,0.6364736957957297,51468000000.0,0.1724399010267103,0.1487395528980091,1.4297233232299682,11240136826.042727,CARL-B.CO,798.1853637695312,Carlsberg A/S B,Consumer Staples,Food,-304.12860622575147,3829.3936919843977,-2.624499463154895,-0.0006853563969273881,72730000000.0,542.298556702925,1.4718559618199074,,,,,,0.5376185893029012,0.6393817488884184,9.816143497757848,54.90838129465612,0.06879151609012767,107048084103.16187,4.724969757347175,2.6831785345717174,3737.0649106302913,-17.54562758929571,8.715159119928995,0.10654288661795142,-0.006693273478774686,,-0.06229877781376847,
2024-12-31,11165220486.632622,6282000000.0,11427000000.0,5030000000.0,4370000000.0,-2666000000.0,1982000000.0,75011000000.0,15797000000.0,9116000000.0,38140000000.0,30612000000.0,11542000000.0,11312000000.0,,132078587.0,24475000000.0,26347000000.0,46045000000.0,9987000000.0,113328000000.0,1440000000.0,-19698000000.0,0,0.1984579953940122,0.7129698253043939,57210000000.0,0.16009824308045134,0.15233765714361894,1.3111518965215871,11165220486.632622,CARL-B.CO,669.6126098632812,Carlsberg A/S B,Consumer Staples,Food,69.01951487412566,-122.69418708442481,9.70178667706499,-0.07907291215344435,75188000000.0,569.2671439617991,1.1762713112215306,940.232523089637,0.7121776724579902,,,,0.5072617970952812,0.5722011076121186,7.935416666666667,47.562592413257725,0.07103001304436136,88441487348.12445,1.9378949514167187,4.4038373686614785,-122.34971069922527,-14.693101575230848,-7.157077841483616,0.0766901024591784,0.009937282579690399,0.10015988996881098,-0.09140354341926504,0.12675959866387765
2025-08-03,11165220486.632622,6282000000.0,11427000000.0,5030000000.0,4370000000.0,-2666000000.0,1982000000.0,75011000000.0,15797000000.0,9116000000.0,38140000000.0,30612000000.0,11542000000.0,11312000000.0,,132078587.0,24475000000.0,26347000000.0,46045000000.0,9987000000.0,113328000000.0,1440000000.0,,1,0.1984579953940122,0.7129698253043939,57210000000.0,0.16009824308045134,0.15233765714361894,1.3111518965215871,11165220486.632622,CARL-B.CO,824.5999755859375,Carlsberg A/S B,Consumer Staples,Food,69.01951487412566,0.0,11.9473452847329,inf,75188000000.0,569.2671439617991,1.4485290154762078,940.232523089637,0.8770170732621257,,,,0.5072617970952812,0.5722011076121186,7.935416666666667,47.562592413257725,0.057679594738601694,108911999615.62512,0.0,0.0,0.0,0.0,0.0,0.05698309299903426,0.007443742280406118,0.07421659042701201,-0.0693673628921353,0.09363764198491187
2021-09-30,,3324000000.0,6258000000.0,1966000000.0,792000000.0,,1408000000.0,19426000000.0,7050000000.0,4825000000.0,2786000000.0,8168000000.0,448000000.0,5290000000.0,3830000000.0,212800651.0,1712000000.0,6994000000.0,6314000000.0,6233000000.0,15841000000.0,25000000.0,680000000.0,0,0.22589443285737204,,10506000000.0,0.4611034303425248,0.32214557809121797,1.8490386445840472,,COLO-B.CO,914.3622436523438,Coloplast A/S B,Health Care,Medical Devices,22.67380281651488,,40.32681465265065,,13055000000.0,61.34849653255995,14.904395304407458,176.91123071487152,5.168480485707686,17.998065240881242,0.01968373624985812,0.7937823834196892,0.2134048257372654,1.1076971808679126,250.32,15.620252966237402,0.01708322174791864,194576880699.03937,,,,,,,,,,
2022-09-30,3877109025.6242857,3964000000.0,6299000000.0,1135000000.0,930000000.0,756000000.0,1421000000.0,22579000000.0,7229000000.0,4706000000.0,18708000000.0,8292000000.0,414000000.0,5099000000.0,4041000000.0,212307124.0,17589000000.0,8772000000.0,7336000000.0,6127000000.0,37446000000.0,172000000.0,1436000000.0,0,0.2319242696262445,0.5783107831078311,26586000000.0,0.18197957668036882,0.2789760396828912,0.8492815767697284,3877109025.6242857,COLO-B.CO,718.148193359375,Coloplast A/S B,Health Care,Medical Devices,22.166001363194955,-2.239595437206754,32.3986352609275,-14.466289188968613,18738000000.0,88.25893190470613,8.136833041836098,209.80424473914144,3.4229440603181276,19.033746601927497,0.02650392603912414,0.8586910327241818,0.9983989753442203,1.1957470010905125,36.622093023255815,18.67106447167548,0.025998901959685253,152467977537.9248,16.230824667970765,0.6551613934164369,-2.4663212435233173,19.253910950661847,-60.533892245133025,0.16230824667970767,0.006551613934164369,-0.024663212435233173,0.19253910950661846,-0.02239595437206754
2023-09-30,12927481991.701244,2985000000.0,6663000000.0,1241000000.0,1069000000.0,-7810000000.0,1242000000.0,24500000000.0,7732000000.0,4783000000.0,19567000000.0,17299000000.0,911000000.0,4226000000.0,4247000000.0,224660000.0,17762000000.0,9937000000.0,16311000000.0,6025000000.0,48159000000.0,638000000.0,-6374000000.0,0,0.20614107883817429,-1.014572957019,35955000000.0,0.14711394775973424,0.2719591836734694,0.6814073146989292,12927481991.701244,COLO-B.CO,708.1412353515625,Coloplast A/S B,Health Care,Medical Devices,21.2899492566545,-3.9522333874574156,33.26176247837802,-8.415940866229121,28592000000.0,127.26787145019141,5.564179138712998,246.90959239463047,2.868018323969184,18.9041217840292,0.026695411649971343,0.8879364415638722,0.6843522663682149,0.6092207712586598,10.443573667711599,13.286744413780823,0.018762845249626667,159091009934.08203,8.50790557597767,5.778695030957293,1.6362090947726227,-24.69727547931383,-19.159088924507717,0.12302997947918515,0.03185132748502029,-0.004361844449719432,-0.05236376154496236,-0.03099698032488518
2024-09-30,-989956215.7935886,1420000000.0,7190000000.0,1346000000.0,1290000000.0,6614000000.0,1343000000.0,27030000000.0,8480000000.0,5052000000.0,22629000000.0,17942000000.0,788000000.0,2766000000.0,,225335455.0,20854000000.0,10444000000.0,10204000000.0,6395000000.0,48073000000.0,795000000.0,240000000.0,0,0.21000781860828774,1.582007867282367,39783000000.0,0.14277565252008173,0.26600073991860895,0.6794359399743609,-989956215.7935886,COLO-B.CO,851.2971801757812,Coloplast A/S B,Health Care,Medical Devices,22.41990724451241,5.307471493877447,37.97059331653338,7.1541775326226835,25444000000.0,112.9160965814279,7.539201282625635,238.66354825314318,3.5669342319206456,,,,0.8893648797358906,1.0235201881615053,9.044025157232705,6.301715812986465,0.007402486416888222,191827437435.12665,10.326530612244888,7.9093501425784085,5.624085302111648,-52.428810720268004,-2.948935369974437,0.11640272300269983,0.04736432542915692,0.015442511999913089,-0.24685989177703827,-0.003746602784109432
2025-08-03,-1570329226.9787502,4873000000.0,7321000000.0,1414000000.0,1335000000.0,6614000000.0,1950000000.0,27794000000.0,8656000000.0,4544000000.0,24264000000.0,16942000000.0,729000000.0,6287000000.0,,225366796.0,22509000000.0,10467000000.0,10967000000.0,6494000000.0,49152000000.0,827000000.0,,1,0.300277178934401,1.743250791286539,40477000000.0,0.12655757029970727,0.26340217313089154,0.6866615608864294,-1570329226.9787502,COLO-B.CO,593.4000244140625,Coloplast A/S B,Health Care,Medical Devices,20.162686254811025,-10.067931883410763,29.430603487790282,-2.9232024837478274,24888000000.0,110.43330446957235,5.373379228886172,223.82855398115578,2.6511363892563105,,,,0.9749276759884281,0.9544086805872162,8.852478839177751,21.622528635496064,0.036438368294383995,133732662248.51904,2.826489086200512,1.8219749652294892,-10.055423594615998,243.16901408450704,-11.359137173681177,0.09368414738401487,0.04000089252960248,-0.014888812374977967,0.10035760421901996,-0.028917770598240522
2021-12-31,,-39133000000.0,,1571000000.0,4876000000.0,,3651000000.0,47358000000.0,,12920000000.0,1171982000000.0,176704000000.0,326808000000.0,-37562000000.0,1708000000.0,853352443.0,841265000000.0,,,16571000000.0,3935834000000.0,30904000000.0,,0,0.22032466356888541,,1021878000000.0,,,0.04634408412745944,,DANSKE.CO,95.06463623046875,Danske Bank A/S,Financials,Banks,15.140285946307415,,6.278919471375915,,2763852000000.0,3238.816531987124,0.02935165832692084,1050.3921598588963,0.09050394687184184,2.0015176777316617,0.021054282192584293,0.1321981424148607,0.42403934798245346,,,-45.85795742545264,-0.4823871340997664,81123639570.17682,,,,,,,,,,
2022-12-31,,-110743000000.0,,1386000000.0,4706000000.0,,2883000000.0,44054000000.0,,-4580000000.0,1053562000000.0,160278000000.0,198459000000.0,-109357000000.0,1705000000.0,850946772.0,852360000000.0,,,-1697000000.0,3790556000000.0,24634000000.0,,0,0.25,,1015381000000.0,,,0.043386669634354,,DANSKE.CO,117.6059799194336,Danske Bank A/S,Financials,Banks,-5.382240288937838,-135.54913234812793,-21.8507486856635,0.16120168611293426,2736994000000.0,3216.41034440636,0.036564358190167325,,,2.003650587912448,0.01703697881081435,-0.37227074235807855,0.3849339823178275,,,-130.14092496022772,-1.1065842489419435,100076428980.33884,-6.976645973225226,,-135.44891640866874,182.99133723455907,,-0.06976645973225226,,,,
2023-12-31,,140119000000.0,,1381000000.0,4244000000.0,,5420000000.0,53087000000.0,,21262000000.0,1102243000000.0,175739000000.0,277853000000.0,141500000000.0,6011000000.0,859773706.0,820288000000.0,,,26682000000.0,3729292000000.0,41085000000.0,,0,0.20313319841091373,,1000129000000.0,,,0.05308015266030682,,DANSKE.CO,161.35897827148438,Danske Bank A/S,Financials,Banks,24.729763019759062,-559.4696946285796,6.524889791404741,-0.011662633122132702,2627049000000.0,3055.5121442618297,0.052809143165905015,1303.8968719614277,0.12375133474226001,6.991374541989075,0.04332807890135607,0.2827109397046374,0.4195745873030918,,,162.97195299433827,1.0099961882513913,138732206744.8476,20.50438098697054,,-564.2358078602621,-226.5262815708442,,0.058759731682703764,,0.28283499900607745,,0.2780355622714614
2024-12-31,,-94729000000.0,,2260000000.0,1026000000.0,,7583000000.0,56415000000.0,,23629000000.0,1126723000000.0,175687000000.0,189023000000.0,-92469000000.0,18207000000.0,833817419.0,933913000000.0,,,31212000000.0,3716042000000.0,43831000000.0,,0,0.24295142893758812,,1113387000000.0,,,0.05066971322639837,,DANSKE.CO,195.8750457763672,Danske Bank A/S,Financials,Banks,28.338338180003888,14.592032917426568,6.91201595986954,0.47368423570473506,2589319000000.0,3105.378876715455,0.0630760540187429,1407.1349358435996,0.13920132375857544,21.835715571684403,0.11147778158844436,0.7705362055101781,0.43514259927031007,,,-113.60880432746153,-0.5800065234300954,163324025115.75732,6.268954734680809,,11.13253692032734,-167.6061062382689,,0.06006805286443506,,0.22290938017767914,,0.23238603123915436
2025-08-03,,-96926000000.0,,2516000000.0,,,7529000000.0,56319000000.0,,23372000000.0,1118727000000.0,172770000000.0,219547000000.0,-94410000000.0,24016000000.0,824856754.0,895553000000.0,,,30900000000.0,3739632000000.0,42742000000.0,,1,0.2436569579288026,,1071950000000.0,,,0.05253883110219693,,DANSKE.CO,254.89999389648438,Danske Bank A/S,Financials,Banks,28.33461675213488,-0.013132131621018672,8.996062876949937,-685.0420888678318,2620905000000.0,3177.406243314824,0.08022266414084979,1423.2667472504017,0.17909502515176703,29.115358374091702,0.11422267191546318,1.0275543385247303,0.42684759653631094,,,-117.50646343134629,-0.46099045211851203,210255981560.0739,-0.1701675086413168,,-1.0876465360362242,2.319247537712843,,0.04427623671283265,,0.1597338702334561,,0.16962277503428047
2021-12-31,,2867000000.0,3570000000.0,726000000.0,1065000000.0,,750000000.0,17905000000.0,4635000000.0,2513000000.0,11338000000.0,7981000000.0,1172000000.0,3593000000.0,,230135128.0,8045000000.0,7886000000.0,10973000000.0,3461000000.0,24860000000.0,109000000.0,-3087000000.0,0,0.2167003756139844,,18147000000.0,0.15409597504039654,0.19938564646746718,0.9866644624455833,,DEMANT.CO,335.1000061035156,Demant A/S,Health Care,Medical Devices,10.919671507080832,,30.687736887160106,,13522000000.0,58.75678397085038,5.7031713354114295,120.15035391092059,2.789005568406054,,,,0.8384854311492382,0.7186731067164859,32.75229357798165,12.457898213609528,0.03717665767442918,77118282797.43335,,,,,,,,,,
2022-12-31,1136519303.040656,1698000000.0,3118000000.0,924000000.0,1176000000.0,1540000000.0,651000000.0,19705000000.0,4294000000.0,2082000000.0,15076000000.0,8562000000.0,1130000000.0,2622000000.0,,223184957.0,11566000000.0,10022000000.0,11569000000.0,2927000000.0,29857000000.0,191000000.0,-1547000000.0,0,0.22241202596515203,1.4754762869882447,22508000000.0,0.10771811369471546,0.15823395077391525,0.8754665007997157,1136519303.040656,DEMANT.CO,192.5500030517578,Demant A/S,Health Care,Medical Devices,9.328585707503574,-14.570821096088116,20.640856941141422,-1.4165884547634005,14781000000.0,66.22758181681573,2.907398968368611,117.9013046854215,1.6331456514879994,,,,1.0199580542588458,0.8662805774051344,16.32460732984293,7.608039640413579,0.03951202035747838,42974264151.456436,10.053057805082389,-12.661064425770308,-17.1508157580581,-40.77432856644576,-30.096737655557227,0.10053057805082388,-0.12661064425770308,-0.17150815758058102,-0.4077432856644576,-0.14570821096088116
2023-12-31,-387729506.00801086,3623000000.0,4276000000.0,835000000.0,1293000000.0,4069000000.0,922000000.0,21601000000.0,5569000000.0,1795000000.0,14454000000.0,9338000000.0,1138000000.0,4458000000.0,,220552501.0,10630000000.0,9384000000.0,6862000000.0,3745000000.0,30546000000.0,531000000.0,2522000000.0,0,0.24619492656875835,1.847644603458557,22654000000.0,0.1422826209054467,0.19795379843525762,0.9535181424913922,-387729506.00801086,DEMANT.CO,296.0,Demant A/S,Health Care,Medical Devices,8.138651758022911,-12.755780852434295,36.369660332033426,-2.8512296309239815,16092000000.0,72.96221954880484,4.056894127268208,115.58900107277948,2.5607972839355755,,,,0.8982102908277405,1.3675313319731857,8.052730696798493,16.426927754494155,0.05549637754896674,65283540296.0,9.621923369703111,37.13919178960872,-13.78482228626321,113.36866902237928,32.08792470010262,0.09837279050922643,0.09442181248431658,-0.15484574527148343,0.12413979049467949,-0.13668070762379658
2024-12-31,2751423035.522066,3301000000.0,4368000000.0,779000000.0,1435000000.0,1304000000.0,824000000.0,22419000000.0,5803000000.0,2387000000.0,15681000000.0,9644000000.0,1112000000.0,4080000000.0,,213014319.0,11798000000.0,9921000000.0,6095000000.0,3716000000.0,32450000000.0,652000000.0,3826000000.0,0,0.2217438105489774,0.9926636568848759,24213000000.0,0.1403966065965418,0.1948347383915429,0.9259075703134679,2751423035.522066,DEMANT.CO,264.20001220703125,Demant A/S,Health Care,Medical Devices,11.205819454794492,37.68643490302963,23.57703631339441,0.6256106838988647,16769000000.0,78.72240738896055,3.3560967070232244,140.88418788341053,1.8752992523594727,,,,0.9351183731886219,1.6277276456111567,6.699386503067485,15.496610817040896,0.0586548451969696,56278385680.07245,3.7868617193648424,2.1515434985968085,32.98050139275765,-8.887662158432242,-1.3255408825778026,0.07782264503650937,0.06955914285695197,-0.017000470103205267,0.04810777776509001,0.008659730206692196
2025-08-03,2751423035.522066,3301000000.0,4368000000.0,779000000.0,1435000000.0,1304000000.0,824000000.0,22419000000.0,5803000000.0,2387000000.0,15681000000.0,9644000000.0,1112000000.0,4080000000.0,,213014319.0,11798000000.0,9921000000.0,6095000000.0,3716000000.0,32450000000.0,652000000.0,,1,0.2217438105489774,0.9926636568848759,24213000000.0,0.1403966065965418,0.1948347383915429,0.9259075703134679,2751423035.522066,DEMANT.CO,244.8000030517578,Demant A/S,Health Care,Medical Devices,11.205819454794492,0.0,21.84579218318731,inf,16769000000.0,78.72240738896055,3.109661037704581,140.88418788341053,1.737597431830628,,,,0.9351183731886219,1.6277276456111567,6.699386503067485,15.496610817040896,0.06330314797326397,52145905941.26811,0.0,0.0,0.0,0.0,0.0,0.05781684336896298,0.051728404822245055,-0.01277764161177286,0.03586809726834095,0.006487792499948464
2021-12-31,,10719000000.0,15824000000.0,1483000000.0,4194000000.0,,3650000000.0,182306000000.0,20018000000.0,11205000000.0,36753000000.0,74278000000.0,8299000000.0,12202000000.0,,234200000.0,13166000000.0,58824000000.0,53413000000.0,14904000000.0,161395000000.0,920000000.0,5411000000.0,0,0.24490069779924853,,102732000000.0,0.1163093423473182,0.08679911796649589,1.7745785149709925,,DSV.CO,1496.319091796875,DSV A/S,Industrials,Transportation,47.843723313407345,,31.2751388932466,,124642000000.0,532.203245089667,2.811555746047304,756.9069679311783,1.9768864010945764,,,,0.2948685033937196,1.1013049257671352,17.2,45.768573868488474,0.030587442290485423,350437931298.8281,,,,,,,,,,
2022-12-31,19739408251.151974,25052000000.0,24600000000.0,1794000000.0,5071000000.0,2258000000.0,5550000000.0,235665000000.0,29671000000.0,17568000000.0,38979000000.0,71741000000.0,8383000000.0,26846000000.0,,216900000.0,13829000000.0,54438000000.0,46769000000.0,23221000000.0,159045000000.0,1379000000.0,7669000000.0,0,0.23900779466861893,0.4788976377952756,102337000000.0,0.18292903105574693,0.10438546241486857,2.302832797521913,19739408251.151974,DSV.CO,1078.5809326171875,DSV A/S,Industrials,Transportation,80.99585062240664,69.292532046119,13.316496145529825,0.19217794114763723,120066000000.0,553.554633471646,1.948463380846101,1004.3911783215921,1.0738653981604773,,,,0.32464644445554947,1.1639761380401548,17.83901377810007,115.50023052097741,0.10708536283940691,233944204284.66797,29.268921483659337,55.46006066734075,56.7871485943775,133.71583170071835,57.27802028962707,0.2926892148365934,0.5546006066734075,0.567871485943775,1.3371583170071837,0.69292532046119
2023-12-31,20087535597.331715,14083000000.0,17966000000.0,2375000000.0,5311000000.0,-3634000000.0,4083000000.0,150785000000.0,23277000000.0,12315000000.0,40090000000.0,68966000000.0,4534000000.0,16458000000.0,,209160702.0,17609000000.0,42374000000.0,38339000000.0,16490000000.0,147110000000.0,1476000000.0,4035000000.0,0,0.24760460885385083,0.29186775192681697,104522000000.0,0.12932718085505174,0.11914978280332925,1.44261495187616,20087535597.331715,DSV.CO,1172.17333984375,DSV A/S,Industrials,Transportation,58.878173013590285,-27.30717368711445,19.90845299451103,-0.7290557866816263,107020000000.0,511.6639931721017,2.290904491005451,823.3051834424816,1.4237409935190106,,,,0.3746028779667352,1.1052453115626386,12.172086720867208,67.3310036987732,0.057441166259376265,245172598627.40332,-36.017227844609934,-26.967479674796746,-29.900956284153,-43.784927351109694,-29.301992084766592,-0.0905504989246525,0.06553460950101919,0.04836201683389252,0.14622652465608654,0.10934001226391987
2024-12-31,-68253170230.20189,9222000000.0,15395000000.0,2429000000.0,5769000000.0,83263000000.0,3248000000.0,167106000000.0,21164000000.0,10109000000.0,82817000000.0,114503000000.0,81790000000.0,11651000000.0,,234944523.0,1027000000.0,126512000000.0,39214000000.0,13423000000.0,236545000000.0,1972000000.0,87298000000.0,0,0.24197273336809952,7.529513460113608,115530000000.0,0.10101125049595869,0.0921271528251529,1.4464294988314723,-68253170230.20189,DSV.CO,1521.8192138671875,DSV A/S,Industrials,Transportation,43.02717880339777,-26.921681497375584,35.368789127931684,-1.313765974513128,153728000000.0,654.3161680768358,2.3258163073367335,795.896363888171,1.9120821289252852,,,,0.5387242402164862,3.226194726373234,7.806795131845842,39.25181946037533,0.025792695415265614,357543089294.26135,10.824020956991752,-14.310364020928423,-17.91311408850995,-34.51679329688277,-21.894802138174796,-0.02860239777269713,-0.009119824325790393,-0.033729371578929634,-0.04890561953982875,-0.034751133311667015
2025-08-03,-66487544127.30856,14595000000.0,16361000000.0,2143000000.0,6691000000.0,83263000000.0,3461000000.0,191272000000.0,23052000000.0,10160000000.0,108138000000.0,113926000000.0,16422000000.0,16738000000.0,,235485523.0,62830000000.0,89158000000.0,93119000000.0,13699000000.0,299781000000.0,2662000000.0,,1,0.25264617855317906,7.139302325581395,205642000000.0,0.05945991515688156,0.08553787276757706,0.9301212787271083,-66487544127.30856,DSV.CO,1435.5,DSV A/S,Industrials,Transportation,43.14490279727302,0.2736037945066272,33.27160120733268,121.60504304163362,191643000000.0,813.8207290135623,1.7639019858095522,888.8334295992474,1.6150382649842847,,,,0.564267935692929,0.957463031175163,6.146130728775357,61.97833231557084,0.043175431776782194,338039468266.5,14.461479539932732,6.274764533939581,0.5045009397566469,58.26284970722186,-41.13535386906187,0.01207479497434738,0.00837807101592647,-0.02417832204530712,0.08022060498183547,-0.025512817491556206
2021-12-31,,1976000000.0,3931000000.0,252000000.0,248000000.0,,961000000.0,8417000000.0,4179000000.0,2957000000.0,425000000.0,22196000000.0,8957000000.0,2228000000.0,,65718456.0,-8532000000.0,22736000000.0,1568000000.0,3918000000.0,24627000000.0,13000000.0,21168000000.0,0,0.24527820316488005,,13664000000.0,0.21712612583129806,0.46703100867292385,0.615998243559719,,GMAB.CO,2630.0,Genmab A/S,Health Care,Biotechnology,44.99497066699193,,58.450977098410554,,24202000000.0,368.2679337445177,7.141539512436989,610.5977478828733,4.307254668264015,,,,0.017560532187422526,14.5,302.38461538461536,30.067657097726094,0.011432569238679123,172839539280.0,,,,,,,,,,
2022-12-31,300615982.72138214,3595000000.0,6984000000.0,317000000.0,362000000.0,5227000000.0,1493000000.0,14505000000.0,7346000000.0,5452000000.0,597000000.0,27282000000.0,9893000000.0,3912000000.0,,65371625.0,-9296000000.0,28218000000.0,1823000000.0,6945000000.0,30119000000.0,39000000.0,26395000000.0,0,0.21497480201583874,1.0755782189036605,17986000000.0,0.3048268643790383,0.4814891416752844,0.8064605804514623,300615982.72138214,GMAB.CO,2941.0,Genmab A/S,Health Care,Biotechnology,83.40009904909049,85.35426918340532,35.263747088224505,0.4131456742070088,29522000000.0,451.60266399986233,6.512361937707472,920.5614620651286,3.194789398854857,,,,0.020222207167536074,15.47888096544158,179.07692307692307,54.993278811716856,0.0186988367261873,192257949125.0,72.32980872044672,77.66471635716104,84.37605681433887,81.93319838056681,40.39161027350602,0.7232980872044672,0.7766471635716103,0.8437605681433886,0.8193319838056681,0.8535426918340532
2023-12-31,65042930.63686371,7004000000.0,5707000000.0,376000000.0,295000000.0,4260000000.0,1285000000.0,16474000000.0,6002000000.0,4352000000.0,770000000.0,31610000000.0,14867000000.0,7380000000.0,,65330365.0,-14097000000.0,33139000000.0,2484000000.0,5637000000.0,35289000000.0,70000000.0,30655000000.0,0,0.2279581337590917,1.1151062867480779,17513000000.0,0.2515869885591768,0.3464246691756708,0.9406726431793525,65042930.63686371,GMAB.CO,2155.0,Genmab A/S,Health Care,Biotechnology,66.61527147445143,-20.125668633509974,32.34993947035846,-1.6073970042662147,34519000000.0,528.3760468811096,4.078534620788552,889.9174459356375,2.4215729333570772,,,,0.022306555809843854,13.34098228663446,81.52857142857142,107.20895252919527,0.049748933888257664,140786936575.0,13.574629438124774,-18.284650630011456,-20.17608217168012,94.82614742698192,-17.465611480246736,0.3990101560234529,0.20490391184713697,0.21316195162300655,0.8826933932415724,0.2167599729177856
2024-12-31,16164714971.628109,7467000000.0,9284000000.0,304000000.0,413000000.0,-8109000000.0,1320000000.0,21526000000.0,9697000000.0,7844000000.0,1029000000.0,36697000000.0,9858000000.0,7771000000.0,,63540179.0,-8829000000.0,27854000000.0,5308000000.0,9164000000.0,45811000000.0,120000000.0,22546000000.0,0,0.14404190309908338,-0.9281767955801105,27868000000.0,0.28515555374006424,0.4312923905974171,0.7724271565953782,16164714971.628109,GMAB.CO,1492.5,Genmab A/S,Health Care,Biotechnology,123.44944763218247,85.31703751973497,12.089969040986741,0.14170638588089945,44782000000.0,704.7824023284543,2.117674895214595,1399.1470476820623,1.066721330308057,,,,0.022977982225001116,5.247550866616428,77.36666666666666,117.51619396602581,0.07873781840269736,94833717157.5,30.666504795435223,62.677413702470645,80.2389705882353,6.610508280982286,13.342727051638281,0.36752519444613196,0.33171317386061516,0.3842953290701061,0.5575897133841385,0.3999366798629449
2025-08-03,16145667103.395567,7509000000.0,9280000000.0,330000000.0,416000000.0,-8109000000.0,1312000000.0,21638000000.0,9696000000.0,7847000000.0,143000000.0,5296000000.0,1619000000.0,7839000000.0,,63342626.0,-1476000000.0,4037000000.0,756000000.0,9159000000.0,6586000000.0,121000000.0,,1,0.14324707937547768,-0.9240712851405622,3820000000.0,2.0813264668574787,0.4288751270912284,5.664397905759162,16145667103.395567,GMAB.CO,1387.0,Genmab A/S,Health Care,Biotechnology,123.88182327647736,0.35024510241890017,11.19615423244552,31.96662610018368,6443000000.0,101.7166544374084,13.635918401676237,532.4650258082823,2.6048659212772387,,,,0.02219462983082415,5.33994708994709,76.69421487603306,118.5457641115163,0.08546918825632034,87856222262.0,0.5203010313109768,-0.04308487720809939,0.038245792962765535,0.5624748895138643,629.8916116340936,0.26623684743867915,0.23954196100358782,0.27633030745907816,0.3962037207297562,0.2881335859818688
2021-12-31,,588000000.0,2362000000.0,1524000000.0,1192000000.0,,481000000.0,15775000000.0,3554000000.0,1756000000.0,11566000000.0,6229000000.0,6208000000.0,2112000000.0,,127718083.0,4920000000.0,11975000000.0,6142000000.0,2271000000.0,23552000000.0,91000000.0,5833000000.0,0,0.21180096873623955,,11587000000.0,0.16067369568007267,0.14973058637083994,1.361439544316907,,GN.CO,409.2314758300781,GN Store Nord A/S,Health Care,Medical Devices,13.749031920562102,,29.76438473592165,,11986000000.0,93.84732152611467,4.360609010201769,170.387707698474,2.4017664264506284,,,,0.9649591189721342,1.9496906545099315,25.956043956043956,4.603889959732641,0.011250087619468148,52266259596.27841,,,,,,,,,,
2022-12-31,8783234482.758621,-1041000000.0,911000000.0,1668000000.0,1534000000.0,-8201000000.0,155000000.0,18687000000.0,2445000000.0,511000000.0,16253000000.0,6800000000.0,990000000.0,627000000.0,,127973117.0,14892000000.0,9366000000.0,11734000000.0,725000000.0,30589000000.0,186000000.0,-2368000000.0,0,0.21379310344827587,-6.612433862433862,22063000000.0,0.032463150195287165,0.04875046823995291,0.8469836377645832,8783234482.758621,GN.CO,159.75,GN Store Nord A/S,Health Care,Medical Devices,3.9930261290736553,-70.9577652292598,40.007251351761255,-0.563817803766797,14336000000.0,112.02352756634036,1.4260397210344586,100.32217917527758,1.5923697163803956,,,,1.1337193080357142,0.7981932844724732,4.897849462365591,-8.134520940050246,-0.050920318873553964,20443705440.75,18.459587955625988,-61.43099068585944,-70.8997722095672,-277.0408163265306,-79.79560371852867,0.1845958795562599,-0.6143099068585944,-0.708997722095672,,-0.7095776522925981
2023-12-31,3905816326.530612,1206000000.0,669000000.0,1432000000.0,1729000000.0,-3090000000.0,77000000.0,18120000000.0,2398000000.0,228000000.0,13499000000.0,9587000000.0,2162000000.0,2638000000.0,,145612715.0,11039000000.0,10184000000.0,15642000000.0,343000000.0,30642000000.0,326000000.0,-5458000000.0,0,0.22448979591836735,0.11993243243243243,20924000000.0,0.02479527463824375,0.0369205298013245,0.8659912062703116,3905816326.530612,GN.CO,171.8000030517578,GN Store Nord A/S,Health Care,Medical Devices,1.565797327520471,-60.78669968824568,109.72046000602955,-1.805007683732601,17143000000.0,117.73010344597998,1.459269957497214,64.40251027909969,2.6675979291371106,,,,0.7874351047074608,0.6510676384094105,2.0521472392638036,8.282243758726702,0.04820863569037032,25016264881.37474,-3.034194894846687,-26.564215148188808,-55.38160469667319,-215.850144092219,-23.620244834269343,0.07175227168138054,-0.4678021542752425,-0.6396660622463675,0.43213840398310155,-0.6625326869473862
2024-12-31,-5306098457.016899,1321000000.0,1740000000.0,1404000000.0,1379000000.0,6635000000.0,302000000.0,17985000000.0,3119000000.0,988000000.0,11487000000.0,10824000000.0,980000000.0,2725000000.0,,145613000.0,10060000000.0,9328000000.0,8151000000.0,1361000000.0,30611000000.0,379000000.0,1177000000.0,0,0.221895664952241,6.549374130737135,21331000000.0,0.06347107697637713,0.09674728940783987,0.8431390933383339,-5306098457.016899,GN.CO,133.75,GN Store Nord A/S,Health Care,Medical Devices,6.785108472457816,333.3324851947743,19.712286184210527,0.059137009021764435,19124000000.0,131.33442755797904,1.0183925303283832,141.5985966945062,0.9445715079264574,,,,0.6006588579795022,1.1443994601889338,4.591029023746702,9.07199219849876,0.06782797905419634,19475738750.0,-0.7450331125827825,160.0896860986547,333.3333333333333,9.535655058043124,155.9805362207224,0.04467297052581509,-0.09685714248476829,-0.1744485503698865,0.3097100614002868,-0.20975536102219927
2025-08-03,-5496659010.600706,820000000.0,1461000000.0,1393000000.0,1393000000.0,6635000000.0,250000000.0,17668000000.0,2854000000.0,805000000.0,11771000000.0,10752000000.0,787000000.0,2213000000.0,,145613000.0,10535000000.0,8889000000.0,7893000000.0,1132000000.0,29943000000.0,329000000.0,,1,0.22084805653710246,7.779521056977704,21736000000.0,0.05237122696905103,0.08269187231152365,0.812845049687155,-5496659010.600706,GN.CO,91.0,GN Store Nord A/S,Health Care,Medical Devices,5.52835255093982,-18.52226720647773,16.4606,-0.8886925027322407,18172000000.0,124.79654975860672,0.7291868258859784,124.59207356267025,0.7303835420495404,,,,0.647754787585296,1.1261877613074875,4.4407294832826745,5.631365331392114,0.061883135509803455,13250783000.0,-1.7625799277175447,-16.034482758620694,-18.52226720647774,-37.925813777441334,-17.488044218088948,0.028737344722080227,-0.11316549838521206,-0.17715536435015744,0.08669866010325689,-0.20369232304457907
2021-12-31,,2593000000.0,1430000000.0,628000000.0,1760000000.0,,509000000.0,71363000000.0,3254000000.0,615000000.0,16982000000.0,7789000000.0,3428000000.0,3221000000.0,,184698144.0,13554000000.0,16293000000.0,16690000000.0,1045000000.0,43655000000.0,385000000.0,-397000000.0,0,0.48708133971291867,,21343000000.0,0.03436600685051428,0.020038395246836597,3.343625544675069,,ISS.CO,118.40354919433594,ISS A/S,Industrials,Facility Services,3.329757336381247,,35.559212649116326,,26673000000.0,144.41401208666178,0.8198896179359856,104.01649563886862,1.13831511499308,,,,0.636673789974881,0.9762133013780707,3.7142857142857144,14.039123208514754,0.11857012145364255,21868915779.206543,,,,,,,,,,
2022-12-31,1851142857.142857,2524000000.0,2936000000.0,809000000.0,1517000000.0,1321000000.0,405000000.0,73838000000.0,4453000000.0,2058000000.0,16800000000.0,10815000000.0,5214000000.0,3333000000.0,,184729883.0,11586000000.0,18341000000.0,17417000000.0,2520000000.0,47005000000.0,416000000.0,924000000.0,0,0.16071428571428573,1.4409324377716317,22401000000.0,0.11000146677125383,0.039762723800753,3.29619213427972,1851142857.142857,ISS.CO,139.5267333984375,ISS A/S,Industrials,Facility Services,11.140590610345377,234.57665183652333,12.524177422772375,0.05339055410979472,30205000000.0,163.50900844775612,0.8533274999525096,202.44926721267476,0.6891935709101057,,,,0.5561993047508691,1.0530516162370098,7.0576923076923075,13.663192760209782,0.09792526799285613,25774757136.06555,3.468183792721713,105.3146853146853,234.6341463414634,-2.661010412649445,220.08800804160836,0.03468183792721713,1.053146853146853,2.346341463414634,-0.02661010412649445,2.345766518365233
2023-12-31,4856797313.314896,2673000000.0,3103000000.0,719000000.0,1464000000.0,-1688000000.0,554000000.0,78681000000.0,4589000000.0,279000000.0,16719000000.0,10522000000.0,6093000000.0,3392000000.0,390000000.0,185336319.0,10626000000.0,20138000000.0,20902000000.0,2531000000.0,47693000000.0,572000000.0,-764000000.0,0,0.21888581588305017,0.1941938014907807,21148000000.0,0.11461118372020498,0.0394377295662231,3.7204936637034236,4856797313.314896,ISS.CO,123.98780059814453,ISS A/S,Industrials,Facility Services,1.5053714323526626,-86.48750784402091,82.36359341851652,-0.9523178025554647,30974000000.0,167.1232069738042,0.7418945749262641,75.2370007568373,1.6479630946330208,2.10428264737469,0.016971691063339827,1.3978494623655915,0.5397752954090528,0.9634484738302554,5.424825174825175,14.42242952931422,0.1163213595187368,22979442563.766106,6.558953384436195,5.688010899182561,-86.44314868804665,5.903328050713164,4.190595893177473,0.05002196993876806,0.4730682502620407,-0.32645821467011726,0.015308965113286943,-0.3276188295680218
2024-12-31,4253616853.591997,3093000000.0,4063000000.0,634000000.0,1469000000.0,-166000000.0,658000000.0,83761000000.0,5623000000.0,2581000000.0,18341000000.0,11913000000.0,6829000000.0,3727000000.0,425000000.0,176448461.0,11512000000.0,21370000000.0,22300000000.0,3299000000.0,50641000000.0,764000000.0,-930000000.0,0,0.19945438011518643,0.5688693098384728,23425000000.0,0.13885237368589104,0.04850706175905254,3.575709711846318,4253616853.591997,ISS.CO,128.62744140625,ISS A/S,Industrials,Facility Services,14.62750077485799,871.6871504594366,8.793535094343467,0.010087948514221753,32300000000.0,183.05628633394542,0.7026660705418107,245.45317135724542,0.5240406579185684,2.4086353464992816,0.018725672532752768,0.16466485858194496,0.5678328173374613,0.9582959641255605,5.3180628272251305,17.52919794522889,0.13627883563248075,22696114078.50049,6.4564507314345265,30.9378021269739,825.089605734767,15.71268237934904,21.150806735287688,0.05484727407529677,0.4163489392126425,0.6130121160858002,0.06053694212820471,0.6377685047054595
2025-08-03,3646636396.658191,2729000000.0,3445000000.0,652000000.0,1481000000.0,-166000000.0,634000000.0,81026000000.0,5003000000.0,1725000000.0,18341000000.0,11913000000.0,6829000000.0,3381000000.0,,176448461.0,11512000000.0,21370000000.0,22300000000.0,2753000000.0,50641000000.0,692000000.0,,1,0.23029422448238285,0.6997509782995376,23425000000.0,0.11319685791497079,0.042517216695875396,3.4589541088580575,3646636396.658191,ISS.CO,186.0,ISS A/S,Industrials,Facility Services,9.776225818144143,-33.165439752034096,19.025747099130434,-0.5736618371828931,32300000000.0,183.05628633394542,1.0160809209287924,200.66387525962125,0.926923193122584,,,,0.5678328173374613,0.9582959641255605,4.978323699421965,15.466272613168329,0.08315200329660391,32819413746.0,-3.265242774083399,-15.210435638690623,-33.165439752034096,-11.768509537665695,-18.476829088249957,0.03225697285634377,0.2458429449742734,0.2941317609286098,0.012861946144703928,0.3090000406802047
2021-12-31,,-4115000000.0,,1029000000.0,604000000.0,,851000000.0,9200000000.0,,3176000000.0,419317000000.0,38266000000.0,44523000000.0,-3086000000.0,,67840000.0,374409000000.0,,,4027000000.0,647122000000.0,3734000000.0,,0,0.21132356592997267,,413060000000.0,,,0.022272793298794363,,JYSK.CO,323.3378601074219,Jyske Bank A/S,Financials,Banks,46.81603773584906,,6.906561848138382,,227805000000.0,3357.974646226415,0.09628954776974824,1880.733639955325,0.1719211339863642,,,,1.8406839182634271,,,-60.65742924528302,-0.187597670205187,21935240429.6875,,,,,,,,,,
2022-12-31,,58497000000.0,,1666000000.0,658000000.0,,805000000.0,9470000000.0,,3752000000.0,426350000000.0,40624000000.0,73991000000.0,60163000000.0,,64255000.0,352046000000.0,,,4557000000.0,749997000000.0,5401000000.0,,0,0.17665130568356374,,392983000000.0,,,0.024097734507599566,,JYSK.CO,433.0040588378906,Jyske Bank A/S,Financials,Banks,58.3923430083262,24.72722133768417,7.415425319996978,0.2998891472167115,323647000000.0,5036.91541514279,0.08596611678967722,2572.4772271219877,0.1683218239106913,,,,1.3173303012232462,,,910.3882966306124,2.1024936788674453,27822675800.628662,2.934782608695663,,18.136020151133494,-1521.5552855407047,,0.02934782608695663,,0.18136020151133492,,0.2472722133768417
2023-12-31,,15113000000.0,,1725000000.0,673000000.0,,1984000000.0,14847000000.0,,5904000000.0,445881000000.0,45886000000.0,89495000000.0,16838000000.0,500000000.0,64254000.0,356097000000.0,,,7888000000.0,779675000000.0,15325000000.0,,0,0.2515212981744422,,402272000000.0,,,0.036907863336250096,,JYSK.CO,464.3783874511719,Jyske Bank A/S,Financials,Banks,91.88533009618078,57.358525728414065,5.053890397575813,0.08811053515401346,333794000000.0,5194.913935319202,0.08939096840352911,3277.2043863300964,0.14169955019839198,7.781616708687397,0.01675706044675822,0.08468834688346884,1.3357969286446132,,,235.20714663678527,0.5064989090637141,29838168907.287598,56.77930306230201,,57.35607675906182,-74.16448706771288,,0.27035599255723874,,0.3634302569222907,,0.40096008750783363
2024-12-31,,-35631000000.0,,2442000000.0,598000000.0,,1853000000.0,14116000000.0,,5312000000.0,436593000000.0,50588000000.0,55010000000.0,-33189000000.0,500000000.0,61500000.0,381357000000.0,,,7165000000.0,750200000000.0,16624000000.0,,0,0.2586182833217027,,432171000000.0,,,0.032662996823016814,,JYSK.CO,489.3243408203125,Jyske Bank A/S,Financials,Banks,86.3739837398374,-5.998069931918826,5.665182033217097,-0.9445008306871748,313607000000.0,5099.30081300813,0.09595910474080369,3148.024114252357,0.1554385617965716,8.130081300813009,0.016614912896390128,0.09412650602409639,1.3921659911927986,,,-579.3658536585366,-1.1840119228225532,30093446960.44922,-4.923553579847784,,-10.027100271002709,-335.7639118639582,,0.15338581909588522,,0.18702315539358016,,0.2264864804922404
2025-08-03,,3451000000.0,,,,,1843000000.0,14062000000.0,,5282000000.0,442158000000.0,50166000000.0,78785000000.0,5900000000.0,1543000000.0,61322000.0,363170000000.0,,,7125000000.0,782350000000.0,15663000000.0,,1,0.25866666666666666,,413539000000.0,,,0.03400404798580061,,JYSK.CO,648.5,Jyske Bank A/S,Financials,Banks,86.13548155637454,-0.27612733966426717,7.528836993563044,-27.26581512253395,340192000000.0,5547.633801898177,0.11689668481328191,3278.9605751000895,0.1977760894487744,25.162258243371056,0.03880070662046423,0.2921241953805377,1.2997307402878375,,,56.276703303871365,0.08677980463202986,39767317000.0,-0.38254463020686025,,-0.5647590361445798,-109.68538632090035,,0.11189766079105135,,0.13561069968023087,,0.16465382644494198
2021-12-31,,-4600000.0,26600000.0,213400000.0,94500000.0,,3800000.0,1827900000.0,121100000.0,4100000.0,213900000.0,1159900000.0,200500000.0,208800000.0,,46806447.0,13400000.0,1123100000.0,1062800000.0,15700000.0,2553400000.0,10900000.0,60300000.0,0,0.24203821656050956,,1173300000.0,0.017183826335541164,0.014552218392691066,1.5579135770902584,,NKT.CO,289.7728271484375,NKT A/S,Industrials,Industrial Goods,0.08759477086564592,,3308.1064575520736,,2339500000.0,49.98243083906796,5.797493684959821,9.925194732334647,29.195681793970795,,,,0.09142979269074589,1.056736921339857,2.4403669724770642,-0.09827705999560274,-0.000339152090148397,13563236475.963501,,,,,,,,,,
2022-12-31,-31129629.629629612,107100000.0,86500000.0,191100000.0,85400000.0,-13700000.0,23200000.0,2079000000.0,171900000.0,62400000.0,195800000.0,1143800000.0,258500000.0,298200000.0,,46788961.0,-62700000.0,1381700000.0,1335100000.0,78300000.0,2767400000.0,8200000.0,46600000.0,0,0.2962962962962963,4.151658767772512,1081100000.0,0.05630410727071536,0.041606541606541605,1.9230413467764313,-31129629.629629612,NKT.CO,359.3697204589844,NKT A/S,Industrials,Industrial Goods,1.3336479089586966,1422.5200040813672,269.4637153066718,0.18942701300055578,2571600000.0,54.96168209420166,6.538550254758253,40.61082957722183,8.84911055007236,,,,0.07613936848654534,1.0349037525279006,10.548780487804878,2.2890014591262244,0.006369488938029416,16814535835.136322,13.737075332348603,225.18796992481205,1421.9512195121952,-2428.2608695652175,227.65756689627415,0.13737075332348603,2.2518796992481205,14.21951219512195,,14.225200040813673
2023-12-31,-582413422.8187919,304000000.0,159000000.0,238000000.0,90000000.0,561400000.0,30000000.0,2567000000.0,249000000.0,124000000.0,207000000.0,1575000000.0,888000000.0,542000000.0,,53632932.0,-681000000.0,1982000000.0,1374000000.0,149000000.0,3604000000.0,10000000.0,608000000.0,0,0.20134228187919462,6.894573643410853,894000000.0,0.142043151209405,0.06194000779119595,2.8713646532438477,-582413422.8187919,NKT.CO,463.79998779296875,NKT A/S,Industrials,Industrial Goods,2.3120123285447085,73.36002351249607,200.60446134597677,2.734520134277302,3397000000.0,63.337950645696566,7.322623846600272,57.40085157945091,8.080019285968325,,,,0.06093612010597586,1.4425036390101893,15.9,5.66815925707735,0.012221128517164828,24874953206.901123,23.472823472823467,83.81502890173411,98.71794871794873,183.84687208216621,152.27848925203338,0.18505011813114058,1.444881103248695,4.499445648338057,,4.137549062595816
2024-12-31,-611109489.0510949,544000000.0,282000000.0,495000000.0,102000000.0,461000000.0,38000000.0,3252000000.0,384000000.0,337000000.0,238000000.0,1853000000.0,1518000000.0,1039000000.0,,53669396.0,-1280000000.0,2676000000.0,1607000000.0,274000000.0,4859000000.0,8000000.0,1069000000.0,0,0.1386861313868613,4.336065573770492,573000000.0,0.423892689265105,0.08671586715867159,5.675392670157068,-611109489.0510949,NKT.CO,514.5,NKT A/S,Industrials,Industrial Goods,6.279183764244338,171.5895450348553,81.9374013115727,0.47751977718064703,4621000000.0,86.1012112005136,5.97552569616966,110.29288221671808,4.664852252106733,,,,0.05150400346245401,1.6652146857498444,35.25,10.136130468097685,0.01970093385441727,27612904242.0,26.684846123880025,77.35849056603774,171.7741935483871,78.94736842105263,198.4252923537211,0.21171188601906477,1.1967931072255054,3.3479247061405806,,3.154081416373992
2025-08-03,-702304498.2698963,252000000.0,291000000.0,598000000.0,110000000.0,461000000.0,44000000.0,3385000000.0,401000000.0,349000000.0,241000000.0,1986000000.0,1194000000.0,850000000.0,,53669396.0,-953000000.0,2501000000.0,1698000000.0,289000000.0,4930000000.0,,,1,0.1522491349480969,4.732793522267206,1033000000.0,0.23881461929342093,0.08596750369276218,3.276863504356244,-702304498.2698963,NKT.CO,565.5,NKT A/S,Industrials,Industrial Goods,6.502774877511198,3.5608308605341144,86.96287518051575,24.42207411319491,4689000000.0,87.36822750902581,6.472604699936021,113.06218680935487,5.001672229757456,,,,0.051396886329707826,1.4729093050647821,,4.695413378604075,0.008303118264551856,30350043438.0,4.089790897908974,3.1914893617021267,3.5608308605341144,-53.67647058823529,-43.661538558862745,0.16654517052686102,0.8186655408630781,2.0374587767159698,,1.9353178432610965
2021-12-31,,47615000000.0,59369000000.0,7385000000.0,6025000000.0,,11323000000.0,140800000000.0,65394000000.0,47757000000.0,26645000000.0,70746000000.0,10720000000.0,55000000000.0,,4620000000.0,11796000000.0,85595000000.0,99516000000.0,59080000000.0,194508000000.0,289000000.0,-13921000000.0,0,0.19165538253215977,,86671000000.0,0.5537101405827579,0.4216548295454545,1.6245341579074892,,NOVO-B.CO,347.7908935546875,Novo Nordisk A/S B,Health Care,Pharmaceuticals,10.337012987012987,,33.64520234149248,,167863000000.0,36.33398268398268,9.572055355990637,91.92746675869114,3.7833185860286545,,,,0.15873063152689992,0.8601129466618433,205.42906574394465,10.306277056277056,0.029633544889399097,1606793928222.6562,,,,,,,,,,
2022-12-31,47262907358.60531,64134000000.0,69440000000.0,14753000000.0,7362000000.0,1175000000.0,13537000000.0,176954000000.0,76802000000.0,55525000000.0,25784000000.0,83486000000.0,12653000000.0,78887000000.0,,4499800000.0,8602000000.0,108194000000.0,120940000000.0,69062000000.0,241257000000.0,378000000.0,-12746000000.0,0,0.19601227882192812,0.41661449296102177,96617000000.0,0.5778373097757674,0.3924183686155724,1.8314996325698376,47262907358.60531,NOVO-B.CO,450.5028991699219,Novo Nordisk A/S B,Health Care,Pharmaceuticals,12.339437308324815,19.371401814311294,36.50919307851984,1.8846954613035496,215473000000.0,47.88501711187164,9.40801374503912,115.3025097291903,3.9071387104063295,,,,0.11966232428192859,0.8946088969737059,183.7037037037037,14.252633450375573,0.031637162550200874,2027172945684.8145,25.677556818181824,16.963398406575813,16.26567832987835,34.69284889215582,4.3573645170407405,0.25677556818181824,0.16963398406575814,0.16265678329878352,0.34692848892155825,0.19371401814311295
2023-12-31,71896308997.45877,70012000000.0,105216000000.0,38896000000.0,9413000000.0,-17263000000.0,20991000000.0,232261000000.0,114629000000.0,83683000000.0,27006000000.0,106561000000.0,14392000000.0,108908000000.0,,4458287946.0,6888000000.0,139646000000.0,169655000000.0,104674000000.0,314486000000.0,542000000.0,-30009000000.0,0,0.20053690505760743,0.36860789551795786,119175000000.0,0.7058217662887247,0.45300760782051225,1.9489070694357038,71896308997.45877,NOVO-B.CO,679.0867919921875,Novo Nordisk A/S B,Health Care,Pharmaceuticals,18.770209778639543,52.11560551449297,36.17896656461382,0.6942060100319225,287480000000.0,64.48215177710283,10.531391606465071,165.02341987206432,4.115093436547702,,,,0.09394044803116738,0.8231175031681943,194.12546125461256,15.703786038049683,0.02312485859426102,3027564459026.579,31.255015427738275,51.52073732718894,50.712291760468254,9.165185393083242,22.148873800243596,0.2843601387107477,0.33125430954638135,0.32373210409740305,0.21259102010672737,0.34752562380452745
2024-12-31,86148138673.3338,69659000000.0,128831000000.0,51309000000.0,8545000000.0,-26622000000.0,26203000000.0,290403000000.0,137376000000.0,100988000000.0,102787000000.0,143486000000.0,15655000000.0,120968000000.0,,4441340468.0,80366000000.0,160897000000.0,217528000000.0,127191000000.0,465795000000.0,1640000000.0,-56631000000.0,0,0.206013004064753,0.3238102662041548,230618000000.0,0.44354793933402337,0.44362833717282535,1.259238220780685,86148138673.3338,NOVO-B.CO,613.9395751953125,Novo Nordisk A/S B,Health Care,Pharmaceuticals,22.738180224556476,21.139723491169903,27.000383017998875,1.2772344458184128,363008000000.0,81.73388251035566,7.511445147825035,204.48910581470304,3.0023094518865534,,,,0.28315353931593795,0.7396611010996286,78.55548780487806,15.684228782255115,0.025546860661760554,2726714680221.6704,25.033044721240326,22.444305048661796,20.679229951125077,-0.5041992801234074,-37.15864818589558,0.2729152257015772,0.2946534948124977,0.28354444446969107,0.1352142018786462,0.3005295191480324
2025-08-03,87567057480.38638,74359000000.0,137055000000.0,56886000000.0,9461000000.0,-26622000000.0,27691000000.0,303141000000.0,146516000000.0,104615000000.0,118723000000.0,138540000000.0,38938000000.0,131245000000.0,,4441340468.0,79785000000.0,174395000000.0,236117000000.0,132306000000.0,489162000000.0,4749000000.0,,1,0.2092951188910556,0.3632365312168538,218325000000.0,0.49637035374046207,0.4521163419003038,1.3884850566815528,87567057480.38638,NOVO-B.CO,308.79998779296875,Novo Nordisk A/S B,Health Care,Pharmaceuticals,23.554825565334255,3.591515823662217,13.109839719952378,3.650224686072652,370439000000.0,83.40702602491857,3.7023258412392273,210.24831474034613,1.4687394197396189,,,,0.32049271270033663,0.7385956962014595,28.859759949463044,16.742467850811927,0.05421783844770329,1371485882302.818,4.386318323157812,6.383556752644948,3.591515823662217,6.747153993023147,11.909065452034406,0.21132451330114832,0.2326329916946892,0.2165759602617321,0.11788579601087923,0.22863026071892745
2021-12-31,,379440051.760228,541327302.759277,166727733.58706,184745085.442436,,104742664.89058,2010279310.371075,726072388.201713,423004395.052331,337623660.513796,1641192513.035205,129482909.229305,546167785.347288,,277105638.0,143332067.745005,1051863757.944814,762779381.160799,527612602.093245,3330117562.702188,13714700.666032,289084376.78401494,0,0.1985219164118237,,1849333264.3196957,0.23460453428282668,0.2692796468463649,1.0870292278609857,,NSIS-B.CO,503.4057922363281,Novozymes A/S B,Health Care,Chemicals,1.5265095221640022,,329.77573013936575,,2992493902.188392,10.799108685722201,46.61549456409257,19.259055023335797,26.13865486267949,,,,0.11282350826743336,1.3789881896703682,39.47058823529513,1.3692974798305186,0.0027200669935630983,139496583230.54315,,,,,,,,,,
2022-12-31,296804558.65793157,149780342.261691,625158453.633472,387872033.276242,195546557.952763,16650049.445493937,116764245.311533,2355819307.992343,820705011.586235,493362489.385282,919082243.555607,1909565152.060335,139714459.045179,537652375.537932,,276598989.0,724206744.483945,1240251024.050433,934516597.820924,611468852.459016,3755648133.968537,13689601.174456,305734426.2295089,0,0.19095697980684828,1.1803215513708358,2688932936.570763,0.18809694974093835,0.26536774340568564,0.8761167956076863,296804558.65793157,NSIS-B.CO,334.126708984375,Novozymes A/S B,Health Care,Chemicals,1.783674232393098,16.846584085799577,187.3249626620933,11.119462658307945,2836565890.41293,10.255156393261185,32.58133724844358,20.287109446049225,16.46990222401762,,,,0.3240123018689379,1.3271578342668398,45.6666666666653,0.5415071935121607,0.001620664194006363,92419109902.97534,17.188656115526825,15.486222558309404,16.63294640809745,-60.525953555282896,-19.823821685313746,0.17188656115526824,0.15486222558309404,0.1663294640809745,-0.605259535552829,0.16846584085799576
2023-12-31,395916444.4313376,281300000.0,610900000.0,275800000.0,186563713.758003,-10241143.099482894,116800000.0,2402200000.0,610900000.0,405900000.0,1038658890.202041,1927556411.908636,149895683.62414,557100000.0,383200000.0,277317446.0,839200924.089273,1270889747.716502,975396464.586476,524700000.0,3813340818.792983,23236517.264316,295493283.130026,0,0.22260339241471316,0.9150426445224046,2816319618.4865375,0.16862844133758673,0.25430855049537926,0.8529571658812357,395916444.4313376,NSIS-B.CO,363.859375,Novozymes A/S B,Health Care,Chemicals,1.4636655783999972,-17.940980935950147,248.59461093411247,-13.856244082840446,2774681928.590942,10.005435895262579,36.36616923129574,18.1522387772867,20.04487597724228,1.3818099276740057,0.003797648274622595,0.9440748952944075,0.3743343982960598,1.3029468465987333,26.290514755330857,1.0143609933577709,0.002787783036668413,100904552578.15625,1.968771197786956,-2.280774346183867,-17.72783526657209,87.80835705964833,-10.350252053616583,0.09314149415436113,0.062319360742440155,-0.020426369269156863,-0.13897991839454926,-0.02080052741712879
2024-12-31,-372255913.7052653,660100000.0,659000000.0,359800000.0,0.0,495606716.869974,111300000.0,3833500000.0,659000000.0,305800000.0,1796800000.0,11176000000.0,280000000.0,1019900000.0,249800000.0,466228115.0,1516800000.0,1879400000.0,1088300000.0,417100000.0,15195600000.0,,791100000.0,0,0.2668424838168305,1.561816171024236,12692800000.0,0.038064950457322944,0.1719055693230729,0.3020216185554015,-372255913.7052653,NSIS-B.CO,403.5599365234375,Novozymes A/S B,Health Care,Chemicals,0.6559021006272863,-55.18770747179256,615.2746517162915,-11.148762648471484,13398800000.0,28.738721601978035,14.042376070606467,20.594179445459915,19.595825004448244,0.5357892241226164,0.0013276571226031489,0.816873773708306,0.1341015613338508,1.7269135348708995,,1.4158305317987956,0.0035083525485602026,188150988494.84192,59.58288235783864,7.873629071861199,-24.661246612466126,134.6605047991468,-77.42673172130046,0.2400704391116586,0.06776372085921811,-0.10250741925266604,0.2026950419636393,-0.24540631213908892
2025-08-03,-248076202.88168514,585500000.0,820400000.0,364300000.0,0.0,495606716.869974,156300000.0,4057600000.0,820400000.0,458500000.0,1699000000.0,11230700000.0,249500000.0,949800000.0,,466228115.0,1449500000.0,1945900000.0,1170200000.0,614800000.0,15057400000.0,,,1,0.25422901756668836,1.2948452294382984,12680200000.0,0.04825085676789711,0.2021884858044164,0.3199949527609975,-248076202.88168514,NSIS-B.CO,420.79998779296875,Novozymes A/S B,Health Care,Chemicals,0.9834241763819842,49.93459777632441,427.8926610703137,8.569061935514204,13358400000.0,28.652068741071094,14.686548171992069,25.179070372531157,16.712292454293152,,,,0.12718589052581147,1.6628781404888053,,1.2558230213122175,0.0029843703843691065,196188785100.73883,5.845832789878691,24.491654021244315,49.93459777632439,-11.301317982123916,26.75927904331372,0.19193674177596254,0.1095360817673765,0.020348698987683322,0.1145406994080258,-0.10409834110238725
2021-12-31,,5643000000.0,5511000000.0,585000000.0,1999000000.0,,1218000000.0,23394000000.0,7510000000.0,4160000000.0,3926000000.0,7001000000.0,1043000000.0,6228000000.0,,96056203.0,272000000.0,5988000000.0,8246000000.0,5378000000.0,18542000000.0,133000000.0,-2258000000.0,0,0.22647824470063221,,9884000000.0,0.43129081277365605,0.23557322390356503,2.36685552407932,,PNDORA.CO,746.8745727539062,Pandora A/S,Consumer Discretionary,Apparel,43.307978767388924,,17.245657590381608,,14616000000.0,152.1609177077299,4.908452078269533,385.05855444274647,1.9396389565601961,,,,0.2686097427476738,0.726170264370604,41.43609022556391,58.74685677509031,0.0786569243594363,71741935575.98749,,,,,,,,,,
2022-12-31,7204683453.23741,3243000000.0,6795000000.0,1191000000.0,1973000000.0,-1192000000.0,1504000000.0,26463000000.0,8768000000.0,5029000000.0,7588000000.0,7168000000.0,794000000.0,4434000000.0,,88904380.0,3731000000.0,7731000000.0,11181000000.0,6533000000.0,22013000000.0,262000000.0,-3450000000.0,0,0.2302158273381295,0.3727083727083727,13962000000.0,0.3746371188395222,0.2567736084344179,1.895358831113021,7204683453.23741,PNDORA.CO,459.8497314453125,Pandora A/S,Consumer Discretionary,Apparel,56.56639189205301,30.614250542322075,8.129380645717243,0.2655423700305496,14425000000.0,162.25297336306716,2.8341528781498795,454.4298281697485,1.0119268211274624,,,,0.5260311958405546,0.6914408371344245,25.935114503816795,36.477392902351944,0.07932459324854474,40882655267.31201,13.11874839702487,23.29885683179096,20.889423076923073,-42.53056884635832,-13.135845294220537,0.1311874839702487,0.2329885683179096,0.20889423076923075,-0.4253056884635832,0.30614250542322075
2023-12-31,2425663137.6323385,5896000000.0,6878000000.0,1488000000.0,2079000000.0,3395000000.0,1494000000.0,28136000000.0,8957000000.0,4740000000.0,11167000000.0,5355000000.0,1397000000.0,7384000000.0,,82209972.0,5889000000.0,7998000000.0,8053000000.0,6234000000.0,23798000000.0,644000000.0,-55000000.0,0,0.23965351299326276,1.2930906389301635,15125000000.0,0.34576285207486535,0.24445550184816606,1.8602314049586777,2425663137.6323385,PNDORA.CO,902.6723022460938,Pandora A/S,Consumer Discretionary,Apparel,57.657238953931284,1.9284367013543413,15.655836433085843,8.118408253737728,12631000000.0,153.64316144031773,5.875121897935785,446.45202501281295,2.021879735499436,,,,0.884094687673185,0.9931702471128772,10.680124223602485,71.71879343299132,0.07945163848999852,74208664692.8269,6.322034538790011,1.2214863870493087,-5.746669317955854,81.80696885599754,-7.707262658355352,0.09667750382932416,0.1171612935622981,0.06743762202907044,0.022171369190216783,0.1538330194918982
2024-12-31,7101508663.008951,7042000000.0,7727000000.0,1679000000.0,2353000000.0,-596000000.0,1699000000.0,31680000000.0,10080000000.0,5227000000.0,13401000000.0,5508000000.0,2394000000.0,8721000000.0,,78817541.0,5834000000.0,9226000000.0,9877000000.0,6926000000.0,27758000000.0,801000000.0,-651000000.0,0,0.24530753681778805,0.5700066357000664,16515000000.0,0.3531037640332396,0.24390782828282828,1.9182561307901906,7101508663.008951,PNDORA.CO,1293.6593017578125,Pandora A/S,Consumer Discretionary,Apparel,66.31772488309423,15.020639361664134,19.506991592945813,1.2986791789124372,14357000000.0,182.15488351761698,7.101974302175089,521.3465187883693,2.4813809148746784,,,,0.9334122727589329,0.9340892983699504,9.64669163545568,89.34559376827045,0.06906423789236352,101963045056.32776,12.595962468012512,12.3437045652806,10.274261603375523,19.436906377204878,2.123106028979893,0.1063526041714784,0.11924930592849314,0.07907854205624609,0.07661887666401057,0.15262287544060515
2025-08-03,7231241667.848532,6491000000.0,7852000000.0,1753000000.0,2416000000.0,-596000000.0,1688000000.0,32193000000.0,10268000000.0,5363000000.0,15213000000.0,3833000000.0,744000000.0,8244000000.0,,78223450.0,9251000000.0,7597000000.0,9444000000.0,7051000000.0,26448000000.0,801000000.0,,1,0.23939866685576514,0.5796560674886437,18302000000.0,0.32631634071951326,0.24390395427577424,1.7589880887334717,7231241667.848532,PNDORA.CO,1074.5,Pandora A/S,Consumer Discretionary,Apparel,68.56000342608259,3.3811149989555256,15.67240295077382,4.635276515473519,11235000000.0,143.6270069908704,7.4811835358255445,470.70057579725926,2.2827675495829647,,,,1.354072096128171,0.8044260906395595,9.80274656679151,82.98023163130749,0.0772268326024267,84051097025.0,1.6193181818181746,1.6177041542642767,2.601874880428534,-7.824481681340534,-7.586275209234161,0.08308923916965849,0.09254031114299144,0.06556173566013612,0.035619906360756515,0.121697440397601
2021-12-31,,124000000.0,403000000.0,302000000.0,201000000.0,,90000000.0,3088000000.0,604000000.0,303000000.0,90000000.0,2394000000.0,166000000.0,426000000.0,,215644810.0,-76000000.0,951000000.0,523000000.0,393000000.0,3080000000.0,10000000.0,428000000.0,0,0.22900763358778625,,2318000000.0,0.13404224489392674,0.13050518134715025,1.3321829163071612,,ROCK-B.CO,264.10015869140625,Rockwool International A/S B,Materials,Construction Materials,1.4050883023801963,,187.95983017154506,,2990000000.0,13.865392818867285,19.047434294975968,20.936744692004485,12.614193972201573,,,,0.030100334448160536,1.818355640535373,40.3,0.5750196352975061,0.0021772786436277786,56951828541.97815,,,,,,,,,,
2022-12-31,126388268.15642458,60000000.0,369000000.0,334000000.0,236000000.0,57000000.0,85000000.0,3907000000.0,605000000.0,273000000.0,233000000.0,2580000000.0,209000000.0,394000000.0,,215728520.0,24000000.0,1127000000.0,642000000.0,358000000.0,3428000000.0,11000000.0,485000000.0,0,0.23743016759776536,2.2077464788732395,2604000000.0,0.10806001081275905,0.09444586639365242,1.500384024577573,126388268.15642458,ROCK-B.CO,153.4612274169922,Rockwool International A/S B,Materials,Construction Materials,1.2654794090276056,-9.935951577996605,121.2672654507368,-12.204896984329713,3195000000.0,14.810280995762637,10.361803902363427,20.53527153329451,7.473055672440487,,,,0.0729264475743349,1.7554517133956387,33.54545454545455,0.2781273426434298,0.001812362297140299,33105963468.051147,26.522020725388607,-8.436724565756826,-9.9009900990099,-51.61290322580645,-19.383616039651173,0.26522020725388606,-0.08436724565756826,-0.09900990099009899,-0.5161290322580645,-0.09935951577996605
2023-12-31,183394636.01532567,381000000.0,544000000.0,326000000.0,261000000.0,157000000.0,133000000.0,3620000000.0,805000000.0,389000000.0,115000000.0,2804000000.0,354000000.0,707000000.0,,215704210.0,-239000000.0,1193000000.0,551000000.0,522000000.0,3554000000.0,22000000.0,642000000.0,0,0.2547892720306513,1.8102189781021898,2565000000.0,0.15804859103911334,0.15027624309392265,1.4113060428849902,183394636.01532567,ROCK-B.CO,189.63961791992188,Rockwool International A/S B,Materials,Construction Materials,1.803395492373561,42.5069012983222,105.15697678179588,2.4738800893479045,3439000000.0,15.943128787333357,11.894755442895782,25.43451883291058,7.455993925646464,,,,0.033439953474847336,2.165154264972777,24.727272727272727,1.7663076673376008,0.009314022495465321,40906063968.11859,-7.345789608395192,47.425474254742554,42.490842490842496,535.0,46.26001779045903,0.08271870434850892,0.16184161163262356,0.13306150885037304,0.7528778180926616,0.1329054885118066
2024-12-31,437433908.045977,430000000.0,713000000.0,387000000.0,263000000.0,2000000.0,146000000.0,3855000000.0,976000000.0,550000000.0,122000000.0,3086000000.0,403000000.0,817000000.0,,211399260.0,-281000000.0,1241000000.0,597000000.0,696000000.0,3888000000.0,17000000.0,644000000.0,0,0.20977011494252873,1.1499118165784832,2805000000.0,0.20086770340320034,0.18495460440985734,1.374331550802139,437433908.045977,ROCK-B.CO,249.60194396972656,Rockwool International A/S B,Materials,Construction Materials,2.6017120400516065,44.267413945198,95.93757499956665,2.1672279098646934,3766000000.0,17.814631896062455,14.01106379441361,32.293067392153134,7.729273312400703,,,,0.0323951141795008,2.0787269681742044,41.94117647058823,2.0340657767676196,0.0081492385212125,52765666249.76166,6.491712707182318,31.066176470588225,41.38817480719794,12.86089238845145,27.092372087955074,0.07675202429065187,0.2094692408966412,0.21985072036957098,0.5136155826608995,0.22796277849839863
2025-08-03,,377000000.0,715000000.0,,268000000.0,2000000.0,144000000.0,3896000000.0,983000000.0,550000000.0,,3202000000.0,499000000.0,764000000.0,,1094077970.0,,1516000000.0,746000000.0,694000000.0,4177000000.0,,,1,0.207492795389049,,,,0.18352156057494867,,,ROCK-B.CO,273.0,Rockwool International A/S B,Materials,Construction Materials,0.5027064021771684,-80.67786156045167,543.0605196545454,-6.731221045659865,,,,,,,,,,2.032171581769437,,0.3445823884014409,0.001262206550921029,298683285810.0,1.0635538261997368,0.28050490883591017,0.0,-12.32558139534884,0.0,0.05982806104361349,0.1541180915163438,0.16072680875009016,0.32047418805014605,-0.22660261467280096
2021-12-31,,1327000000.0,1682000000.0,426000000.0,381000000.0,,349000000.0,8746000000.0,2063000000.0,1299000000.0,3622000000.0,3342000000.0,86000000.0,1753000000.0,653000000.0,47919126.0,3536000000.0,2143000000.0,3801000000.0,1647000000.0,10914000000.0,35000000.0,-1658000000.0,0,0.2119004250151791,,6878000000.0,0.19272804378081837,0.19231648753715985,1.2715905786565862,,RBREW.CO,683.8515625,Royal Unibrew A/S,Consumer Staples,Food,27.1081738844736,,25.22676611911807,,7292000000.0,152.1730592498703,4.493906910139107,304.6563792049171,2.2446651676380287,13.627126671717678,0.019927024253479975,0.5026943802925328,0.49670872188699944,0.5637990002630887,48.05714285714286,27.692491720320607,0.04049488695921581,32769569188.734375,,,,,,,,,,
2022-12-31,1420117647.0588236,633000000.0,1845000000.0,502000000.0,487000000.0,106000000.0,294000000.0,11487000000.0,2332000000.0,1492000000.0,4674000000.0,5158000000.0,214000000.0,1135000000.0,692000000.0,49623048.0,4460000000.0,3058000000.0,4610000000.0,1785000000.0,14474000000.0,60000000.0,-1552000000.0,0,0.16470588235294117,0.7059961315280464,9618000000.0,0.16023265201277018,0.1606163489161661,1.1943231441048034,1420117647.0588236,RBREW.CO,470.34814453125,Royal Unibrew A/S,Consumer Staples,Food,30.066673856873926,10.913682290103743,15.643504391947156,1.433384624558138,9800000000.0,197.48887653978852,2.3816437298760365,365.51505704806596,1.2868092174637782,13.945132914850374,0.029648533914698707,0.4638069705093834,0.4769387755102041,0.6633405639913232,30.75,12.756169270376137,0.027120696485555318,23340108552.785156,31.340041161673902,9.690844233055884,14.857582755966137,-52.29841748304447,-16.86074902778749,0.31340041161673904,0.09690844233055884,0.14857582755966137,-0.5229841748304447,0.10913682290103743
2023-12-31,1417567567.5675676,1175000000.0,1634000000.0,602000000.0,579000000.0,-168000000.0,311000000.0,12927000000.0,2213000000.0,1095000000.0,6483000000.0,5748000000.0,57000000.0,1777000000.0,720000000.0,50053048.0,6426000000.0,3524000000.0,5244000000.0,1406000000.0,17778000000.0,228000000.0,-1720000000.0,0,0.22119487908961594,0.7656840513983371,12174000000.0,0.10453158925312696,0.1264021041231531,1.0618531296205027,1417567567.5675676,RBREW.CO,438.650146484375,Royal Unibrew A/S,Consumer Staples,Food,21.8767896013046,-27.239076375908912,20.050937750857948,-0.7361093112757532,11295000000.0,225.66058314770362,1.9438492109065473,333.2812696862446,1.3161560110993518,14.384738367981107,0.032793191757188894,0.6575342465753424,0.5739707835325365,0.6720061022120518,7.166666666666667,23.475093864413612,0.053516667103745766,21955776837.189453,12.535910159310525,-11.43631436314363,-26.60857908847185,85.62401263823065,-34.76261677002262,0.21574960713504998,-0.014372004968520535,-0.08187358163901048,-0.059013328681486676,-0.1016580848041797
2024-12-31,1808775871.313673,1370000000.0,2173000000.0,819000000.0,666000000.0,-256000000.0,401000000.0,15036000000.0,2839000000.0,1464000000.0,5799000000.0,6408000000.0,103000000.0,2189000000.0,726000000.0,50056052.0,5696000000.0,3534000000.0,5510000000.0,1865000000.0,17886000000.0,308000000.0,-1976000000.0,0,0.21501340482573728,0.6935665914221218,12104000000.0,0.14092662519114946,0.14451981910082468,1.2422339722405815,1808775871.313673,RBREW.CO,491.5487365722656,Royal Unibrew A/S,Consumer Staples,Food,29.247212704669558,33.690606518085396,16.806686556281168,0.49885378428136046,12087000000.0,241.46930325228206,2.035657244841204,398.62493858516507,1.2331108493033927,14.50374072649597,0.029506210976424075,0.4959016393442623,0.4797716554976421,0.6413793103448275,7.055194805194805,27.36931789986154,0.05567976451473964,24604989118.39563,16.3146901833372,32.98653610771114,33.69863013698631,16.595744680851055,34.81726069417219,0.19795622333666874,0.0891254628838849,0.04066426535721268,0.010686693950723969,0.025639504710669447
2025-08-03,1046297425.1182344,1314000000.0,2188000000.0,924000000.0,0.0,-256000000.0,412000000.0,15043000000.0,2188000000.0,1491000000.0,6594000000.0,6564000000.0,96000000.0,2238000000.0,,49982658.0,6498000000.0,3952000000.0,5789000000.0,1903000000.0,18760000000.0,285000000.0,,1,0.2165002627430373,0.3761261261261261,13062000000.0,0.1312431040513118,0.145449710828957,1.1516613076098607,1046297425.1182344,RBREW.CO,485.0,Royal Unibrew A/S,Consumer Staples,Food,29.830346357330576,1.993809319709694,16.258611086519114,8.154546638836269,12166000000.0,243.4044223898617,1.99256856238698,404.189138965782,1.1999332818318489,,,,0.5420023014959724,0.682674036966661,7.67719298245614,26.289118117727952,0.05420436725304732,24241589130.0,0.04655493482308426,0.6902899217671399,1.8442622950819665,-4.087591240875909,-6.871321247282536,0.14519975285374653,0.06796084806646507,0.03506380744619375,-0.002458182530767683,0.024211170895940493
2021-12-31,,-3445000000.0,,153000000.0,138000000.0,,353000000.0,4750000000.0,,1411000000.0,15171000000.0,13212000000.0,18481000000.0,-3292000000.0,584000000.0,58384311.0,-3310000000.0,,,1764000000.0,168185000000.0,437000000.0,,0,0.20011337868480725,,9902000000.0,,,0.47970107049080996,,SYDB.CO,161.244873046875,Sydbank A/S,Financials,Banks,24.167451423722376,,6.671984985913726,,153014000000.0,2620.806812295858,0.06152489847415444,1193.7797032368321,0.13507087832844974,10.002687194510182,0.062034141027245755,0.4138908575478384,0.09914779039826421,,,-59.00557771419106,-0.36593769835421514,9414170815.124268,,,,,,,,,,
2022-12-31,,4300000000.0,,72000000.0,115000000.0,,504000000.0,5391000000.0,,1901000000.0,14357000000.0,13981000000.0,26844000000.0,4372000000.0,711000000.0,56494660.0,-12487000000.0,,,2405000000.0,179318000000.0,433000000.0,,0,0.20956340956340958,,1494000000.0,,,3.608433734939759,,SYDB.CO,240.2582244873047,Sydbank A/S,Financials,Banks,33.64919799499634,39.23353937919509,7.14008769311623,0.18198938474825704,164961000000.0,2919.939689875114,0.08228191332868953,1486.844526860915,0.16158933913187773,12.585260270616727,0.052382224573051965,0.37401367701209887,0.08703269257582096,,,76.1133884158255,0.31679826394391486,13573306704.613953,13.49473684210527,,34.727143869596034,-224.81857764876634,,0.1349473684210527,,0.34727143869596033,,0.3923353937919509
2023-12-31,,1778000000.0,,92000000.0,101000000.0,,939000000.0,7433000000.0,,3342000000.0,12279000000.0,15748000000.0,20575000000.0,1870000000.0,959000000.0,54582651.0,-8296000000.0,,,4281000000.0,185101000000.0,1502000000.0,,0,0.21934127540294324,,7452000000.0,,,0.9974503488996243,,SYDB.CO,254.02780151367188,Sydbank A/S,Financials,Banks,61.2282463158486,81.96049226776007,4.148866198180139,0.05062031819704107,172822000000.0,3166.24416062166,0.08023001026673701,2088.5235192977493,0.12163032839538568,17.569685283332976,0.06916441892832494,0.2869539198084979,0.0710499820624689,,,32.5744530070553,0.1282318423926608,13865510834.318024,37.87794472268595,,75.80220936349289,-58.651162790697676,,0.25093649129888207,,0.539003884124668,,0.5916973131101559
2024-12-31,,-1004000000.0,,94000000.0,111000000.0,,883000000.0,7548000000.0,,2762000000.0,13317000000.0,15784000000.0,14139000000.0,-910000000.0,1680000000.0,51395137.0,-822000000.0,,,3645000000.0,193669000000.0,2394000000.0,,0,0.24224965706447188,,14962000000.0,,,0.5044780109611015,,SYDB.CO,357.2912292480469,Sydbank A/S,Financials,Banks,53.74049299644828,-12.229246744671428,6.648454625670448,-0.543652014263866,180352000000.0,3509.125775849182,0.10181773241273608,2059.8782382862537,0.17345259666673338,32.68791753585558,0.09148816108542712,0.608254887762491,0.07383893718949609,,,-19.534922146427977,-0.05467506769629096,18363031676.101776,1.547154580922916,,-17.354877318970672,-156.4679415073116,,0.16693346327046177,,0.250927730842639,,0.3052396675001767
2025-08-03,,6151000000.0,,94000000.0,112000000.0,,820000000.0,7368000000.0,,2546000000.0,13358000000.0,14870000000.0,17052000000.0,6245000000.0,1391000000.0,50963704.0,-3694000000.0,,,3366000000.0,191615000000.0,2316000000.0,,1,0.24361259655377301,,11176000000.0,,,0.6592698639942735,,SYDB.CO,476.6000061035156,Sydbank A/S,Financials,Banks,49.957122425795426,-7.04007417814887,9.540181318718682,-1.3551251133588476,178257000000.0,3497.7245766908936,0.13626001580559396,1982.8176252527262,0.24036502401110596,27.2939345224986,0.0572680112735258,0.5463472113118617,0.0749367486269824,,,120.69373921487339,0.25323906351075287,24289301637.457764,-2.384737678855331,,-7.820419985517746,-712.6494023904382,,0.11599950479463406,,0.15899842661049246,,0.19906200083903292
2021-12-31,,3648000000.0,4046000000.0,22000000.0,,,795000000.0,23905000000.0,,3158000000.0,12361000000.0,49007000000.0,802000000.0,,2630000000.0,653446980.0,10688000000.0,,,3955000000.0,100392000000.0,91000000.0,,0,0.20101137800252844,,60566000000.0,0.05337496226598702,0.16925329428989752,0.3946933923323317,,TRYG.CO,136.6439208984375,Tryg A/S,Financials,Insurance,4.832832803053126,,28.2740840552384,,88031000000.0,134.71789249068073,1.0142967528080207,121.03327486567812,1.1289781347326506,4.024810092472996,0.029454732168176675,0.8328055731475618,0.1404164442071543,,44.46153846153846,5.5827023640081705,0.04085584142566863,89289557446.44287,,,,,,,,,,
2022-12-31,,193000000.0,3827000000.0,50000000.0,,,804000000.0,33909000000.0,,2247000000.0,11279000000.0,42501000000.0,2662000000.0,,3771000000.0,633709980.0,7678000000.0,,,3051000000.0,113387000000.0,776000000.0,,0,0.2635201573254671,,51118000000.0,0.05513729719307167,0.11286089238845144,0.6633475488086389,,TRYG.CO,143.73902893066406,Tryg A/S,Financials,Insurance,3.545786039222548,-26.63131161950173,40.53798716015601,-1.5221926632584861,102108000000.0,161.12733462079925,0.8920834523139278,113.37887240046234,1.267776137541459,5.9506716305777605,0.0413991361625812,1.678237650200267,0.11046147216672543,,4.931701030927835,0.3045557212149318,0.0021188102040249727,91088857148.87054,41.84898556787282,-5.412753336628773,-28.847371754274853,-94.70942982456141,3.3018007924807247,0.4184898556787282,-0.05412753336628773,-0.28847371754274853,-0.9470942982456141,-0.2663131161950173
2023-12-31,,5998000000.0,6314000000.0,571000000.0,,,1178000000.0,40213000000.0,,3794000000.0,9417000000.0,40350000000.0,3132000000.0,,4607000000.0,617455170.0,5282000000.0,,,5029000000.0,112940000000.0,1285000000.0,,0,0.23424139988069198,,46635000000.0,0.10367749117944271,0.1570139009772959,0.8622922697544763,,TRYG.CO,134.13027954101562,Tryg A/S,Financials,Insurance,6.144575645872396,73.29234132862854,21.82905496999086,0.29783541601043473,103523000000.0,167.66075503100896,0.8000099934907734,152.24846246505282,0.8809959547000611,7.461270427130766,0.05562704001410202,1.2142857142857142,0.09096529273687973,,4.913618677042802,9.71406555718045,0.0724226147177304,82819434556.14532,18.590934560146266,64.98562842957931,68.84735202492212,3007.7720207253888,88.03513494032929,0.2969966755895228,0.2492212106820766,0.09608087607185123,0.2822591768013314,0.12757402371937832
2024-12-31,,4821000000.0,7428000000.0,828000000.0,,,1488000000.0,40255000000.0,,4742000000.0,6617000000.0,38864000000.0,2123000000.0,,4816000000.0,613164666.0,3638000000.0,,,6303000000.0,104376000000.0,1125000000.0,,0,0.23607805806758686,,43358000000.0,0.1308734762828997,0.18452366165693704,0.9284330458046958,,TRYG.CO,145.62210083007812,Tryg A/S,Financials,Insurance,7.733648500874315,25.861392984385745,18.829676680238965,0.7280998626643083,97759000000.0,159.43351830387434,0.9133719331999425,166.5609881423234,0.8742869651184264,7.854333863393231,0.05393641362555405,1.0156052298608182,0.06768686259065662,,6.602666666666667,7.862488279779644,0.05399241073272343,89290326817.69318,0.10444383657026712,17.643332277478628,24.9868212967844,-19.623207735911976,26.231330247359843,0.1897170739723295,0.22447147459032557,0.14511685733137814,0.09738941609742824,0.16966336134590088
2025-08-03,,7356000000.0,,966000000.0,,,1647000000.0,41331000000.0,,4973000000.0,9577000000.0,38096000000.0,3038000000.0,,4870000000.0,603075744.0,6539000000.0,,,6693000000.0,103698000000.0,,,1,0.2460779919318691,,44635000000.0,,,0.9259773720174751,,TRYG.CO,158.0,Tryg A/S,Financials,Insurance,8.246062040260071,6.625767117911119,19.160661080233258,2.891840407194083,94121000000.0,156.0682898233095,1.0123773392972875,170.16564873383447,0.928507023454167,8.075270890019414,0.051109309430502625,0.9792881560426302,0.10175200008499698,,,12.197472826895853,0.07719919510693578,95285967552.0,2.6729598807601507,0.0,4.871362294390558,52.582451773490966,0.0,0.14669202283834415,0.22447147459032557,0.12021551508041539,0.19164452708160606,0.1429078268469235
2021-12-31,,120000000.0,276000000.0,836000000.0,982000000.0,,81000000.0,15587000000.0,1258000000.0,134000000.0,1436000000.0,4697000000.0,2394000000.0,956000000.0,,1005144100.0,-958000000.0,12864000000.0,12700000000.0,224000000.0,19648000000.0,52000000.0,164000000.0,0,0.36160714285714285,,3739000000.0,0.04712394452298171,0.01770706357862321,4.168761700989569,,VWS.CO,198.42230224609375,Vestas Wind Systems A/S,Energy,Renewable Energy,0.13331421832949125,,1488.3806448587902,,18212000000.0,18.118795106094737,10.95118638321315,7.372149798357851,26.91512078204005,,,,0.07884911047660884,1.0129133858267716,5.3076923076923075,0.11938586716073844,0.0006016756473910368,199443006411.07788,,,,,,,,,,
2022-12-31,-1195606132.0754716,-1014000000.0,-1633000000.0,819000000.0,1088000000.0,-49000000.0,-124000000.0,14486000000.0,-545000000.0,-1572000000.0,2427000000.0,3060000000.0,2352000000.0,-195000000.0,,1006177558.0,75000000.0,13628000000.0,13513000000.0,-1696000000.0,20090000000.0,63000000.0,115000000.0,0,0.07311320754716981,-1.2312789927104042,3135000000.0,-0.4828089735487949,-0.11272953196189424,4.6207336523126,-1195606132.0754716,VWS.CO,200.847412109375,Vestas Wind Systems A/S,Energy,Renewable Energy,-1.5623485015156737,-1271.9293868972543,-128.55480829951054,0.10107071164784333,17663000000.0,17.55455571391307,11.441326991271616,,,,,,0.1374058766913888,1.008510323392289,-25.92063492063492,-1.007774415099805,-0.005017612149022879,202088158646.83057,-7.063578623211653,-691.6666666666667,-1273.134328358209,-944.9999999999999,-1124.5512731077413,-0.07063578623211653,,,,
2023-12-31,-631294117.6470588,135000000.0,337000000.0,892000000.0,789000000.0,786000000.0,24000000.0,15382000000.0,1126000000.0,77000000.0,3387000000.0,3042000000.0,3288000000.0,1027000000.0,,1006473655.0,99000000.0,14921000000.0,14020000000.0,102000000.0,22514000000.0,235000000.0,901000000.0,0,0.23529411764705882,7.881789137380192,3141000000.0,0.08204580781691855,0.021908724483162136,4.8971665074816935,-631294117.6470588,VWS.CO,212.9718017578125,Vestas Wind Systems A/S,Energy,Renewable Energy,0.07650473474141754,-104.89677781027717,2783.7728276249477,-26.538211046480875,19127000000.0,19.00397482336485,11.206697742830604,5.719494399867646,37.236123836879855,,,,0.1770795210958331,1.0642653352353781,1.4340425531914893,0.1341316777933944,0.0006298095648640208,214350507727.12097,6.185282341571163,-120.63686466625842,-104.89821882951654,-113.3136094674556,-116.99343059302659,-0.006597758019969979,0.10499524557964657,-0.24195853301310632,0.06066017177982119,-0.24245938610723883
2024-12-31,630937588.6524823,1177000000.0,899000000.0,1155000000.0,864000000.0,-292000000.0,211000000.0,17295000000.0,1763000000.0,499000000.0,3271000000.0,3542000000.0,3785000000.0,2332000000.0,,1005762617.0,-514000000.0,16089000000.0,15480000000.0,705000000.0,24644000000.0,194000000.0,609000000.0,0,0.29929078014184396,2.510174418604651,3028000000.0,0.20803751276502055,0.05198034113905753,5.711690885072655,630937588.6524823,VWS.CO,97.47211456298828,Vestas Wind Systems A/S,Energy,Renewable Energy,0.4961409298432893,548.5100974733429,196.4605391330559,0.3581712352024727,21373000000.0,21.250541269620484,4.586806205371024,15.402059095023976,6.328511919193915,,,,0.15304355963131053,1.0393410852713179,4.634020618556701,1.1702562613738505,0.012006062109359589,98033809027.3949,12.436614224418152,166.76557863501483,548.051948051948,771.8518518518518,153.5626356793838,0.03526773003367123,0.4823481074147211,0.5500007765538844,1.1405813581479172,0.5496829751142709
2025-08-03,-282778457.7723379,1851000000.0,981000000.0,1264000000.0,0.0,-292000000.0,243000000.0,18082000000.0,981000000.0,572000000.0,3332000000.0,3365000000.0,3375000000.0,3115000000.0,,1007603731.0,-43000000.0,16443000000.0,16198000000.0,817000000.0,25277000000.0,,,1,0.2974296205630355,1.3170731707317074,3322000000.0,0.20747186701615355,0.054252848136268114,5.44310656231186,-282778457.7723379,VWS.CO,117.44999694824219,Vestas Wind Systems A/S,Energy,Renewable Energy,0.5676834874681503,14.4198056079466,206.89345302620183,14.347866999828698,21945000000.0,21.77939533651846,5.392711557575185,16.678895938898453,7.041832827455071,,,,0.1518341307814992,1.015125324114088,,1.8370317050761298,0.01564096852114583,118343055130.98744,4.550448106389138,9.121245828698555,14.62925851703407,57.2642310960068,-0.27189603516645233,0.03781748266718821,0.373061472887561,0.4373840044215318,0.9817838876454457,0.4365060116392283
2021-12-31,,-1234104000.0,-754796000.0,22133000.0,42946000.0,,-3949000.0,108546000.0,-711850000.0,-1018149000.0,787429000.0,927803000.0,1129103000.0,-1211971000.0,,43215895.0,-341674000.0,1721596000.0,334317000.0,-758887000.0,2067629000.0,4091000.0,1387279000.0,0,0.00520367327415017,,586129000.0,-1.2810631929615572,-6.953697050098576,0.18519131453997328,,ZEAL.CO,145.10000610351562,Zealand Pharma A/S,Health Care,Pharmaceuticals,-23.55959537572923,,-6.158849665686349,,1280200000.0,29.62335964579699,4.898161715567014,,,,,,0.6150827995625684,5.14959155532025,-184.50158885358104,-28.556715069767733,-0.19680712521400667,6270626628.26889,,,,,,,,,,
2022-12-31,-536859504.9293189,-954021000.0,-915586000.0,11710000.0,117961000.0,-266418000.0,-6431000.0,103986000.0,-797625000.0,-1202135000.0,443472000.0,815911000.0,1069234000.0,-942311000.0,,51472035.0,-625762000.0,1316352000.0,195491000.0,-972041000.0,1539806000.0,56455000.0,1120861000.0,0,0.006615976075083253,0.15041109601773076,190149000.0,-4.783241063215262,-8.804896813032524,0.5468658788634176,-536859504.9293189,ZEAL.CO,201.39999389648438,Zealand Pharma A/S,Health Care,Pharmaceuticals,-23.355109235529547,-0.8679526831362416,-8.623380514534249,9.935311776875567,1096334000.0,21.299604727110555,9.455574245475951,,,,,,0.4045044667044897,6.733568297261766,-16.217978921264724,-18.534744157677075,-0.09202951697805695,10366467534.83963,-4.200983914653699,21.302444634046825,18.0706360267505,-22.695250967503544,273.3805708801439,-0.042009839146537,,,,
2023-12-31,-1051105791.1464101,-449417000.0,-683034000.0,23749000.0,25086000.0,374348000.0,-5126000.0,342788000.0,-657948000.0,-703739000.0,119230000.0,1592839000.0,449311000.0,-425668000.0,,58378018.0,-330081000.0,1779788000.0,284579000.0,-708865000.0,1979993000.0,25831000.0,1495209000.0,0,0.007231278170032376,-0.6242484230898588,1262758000.0,-0.5369950466727672,-1.9925843378414647,0.27145977297312707,-1051105791.1464101,ZEAL.CO,373.20001220703125,Zealand Pharma A/S,Health Care,Pharmaceuticals,-12.054862842380157,-48.38447244750458,-30.958461915884,0.6398429155029607,1860763000.0,31.874377783774708,11.708464232265092,,,,,,0.06407586565296064,6.254108700923118,-26.442414153536447,-7.698394282587668,-0.020628065462969532,21786677030.22229,229.64822187602175,-25.399252500584325,-41.45923710731324,-52.89233675149708,-88.77340615754368,0.7770755557940359,,,,
2024-12-31,-7661249088.120763,-943964000.0,-1049398000.0,13148000.0,25847000.0,6629022000.0,-4617000.0,62691000.0,-1023551000.0,-1078828000.0,391756000.0,8616742000.0,480303000.0,-930816000.0,,70650370.0,-88547000.0,8527704000.0,403473000.0,-1083445000.0,9505600000.0,34047000.0,8124231000.0,0,0.004261406901134806,-6.382215028795509,8528195000.0,-0.12252605482411727,-16.739212965178414,0.007351027972507664,-7661249088.120763,ZEAL.CO,715.5,Zealand Pharma A/S,Health Care,Pharmaceuticals,-15.26995541566166,26.670503143167256,-46.85671834157067,-1.7568741800649135,9113844000.0,128.99923949442868,5.546544326960173,,,,,,0.0429847164379816,21.135748860518547,-30.82204012100919,-13.361062369524745,-0.01867374195600943,50550339735.0,-81.71143680642263,53.63773984896798,53.299447664546086,110.04189872657241,-77.1830195486362,-0.1672196717686767,,,,
2025-08-03,-7772378403.509598,-1226306000.0,-1154672000.0,18375000.0,25188000.0,6629022000.0,-4641000.0,55694000.0,-1129484000.0,-1185524000.0,394640000.0,8308484000.0,776151000.0,-1207931000.0,,70693408.0,-381511000.0,8958084000.0,356851000.0,-1190165000.0,9122227000.0,35493000.0,,1,0.0038994593186658993,-5.80209142188341,7926973000.0,-0.1450956630620033,-20.732430782490034,0.00702588491218527,-7772378403.509598,ZEAL.CO,327.5,Zealand Pharma A/S,Health Care,Pharmaceuticals,-16.769937021567838,9.823090932981504,-19.528994031331294,-1.9880701669737932,8727587000.0,123.45687167889827,2.652748247596959,,,,,,0.045217538364269526,25.103149493766306,-32.53238666779365,-17.346822492982657,-0.05296739692513788,23152091120.0,-11.161091703753334,10.031846830277935,9.889991731768188,29.910250814649707,18.42025214170495,-0.15365263461493994,,,,
2021-12-31,,-22421000000.0,15138000000.0,34569000000.0,6101000000.0,,2390000000.0,69139000000.0,21239000000.0,10962000000.0,58527000000.0,85137000000.0,7305000000.0,12148000000.0,,420171505.0,43690000000.0,88164000000.0,87460000000.0,13277000000.0,270385000000.0,1861000000.0,704000000.0,0,0.18001054455072682,,136359000000.0,0.09103176450832799,0.21895023069468753,0.5070365725768009,,ORSTED.CO,804.9365844726562,Ørsted A/S,Utilities,Electric Utilities,26.089346539575548,,30.853075727735416,,211858000000.0,504.217914539445,1.5964061594437577,544.0414578295827,1.4795500837085052,,,,0.27625579397520983,1.0080493940086896,8.134336378291241,-53.361543401188044,-0.06629285390991038,338211416127.4356,,,,,,,,,,
2022-12-31,-42827918564.37049,-21080000000.0,20641000000.0,33004000000.0,9754000000.0,37156000000.0,2613000000.0,108231000000.0,30395000000.0,15126000000.0,71547000000.0,95532000000.0,13707000000.0,11924000000.0,,420226736.0,49574000000.0,112728000000.0,74868000000.0,17609000000.0,314142000000.0,3032000000.0,37860000000.0,0,0.14839002782667954,4.43277124473042,153372000000.0,0.11461075969296552,0.1907124576138075,0.7056763946483061,-42827918564.37049,ORSTED.CO,617.4241333007812,Ørsted A/S,Utilities,Electric Utilities,35.99485397806769,37.96763335358455,17.15312232345737,0.4517827635900812,242595000000.0,577.2954912606989,1.0695114419696043,683.7707989361847,0.9029694369244401,,,,0.2949236381623694,1.5056900144253886,6.807717678100264,-50.163395600797756,-0.08124625017914615,259458128264.6162,56.54117068514153,36.35222618575769,37.985769020251766,-5.980999955398958,25.901942373621047,0.5654117068514153,0.36352226185757686,0.3798576902025177,,0.3796763335358455
2023-12-31,-26462250000.0,-9671000000.0,-14747000000.0,38203000000.0,9795000000.0,-13006000000.0,1156000000.0,69077000000.0,-4952000000.0,-20506000000.0,88046000000.0,77791000000.0,9664000000.0,28532000000.0,,420230296.0,69956000000.0,84055000000.0,59201000000.0,-19026000000.0,281136000000.0,4279000000.0,24854000000.0,0,0.25,-2.200339558573854,156173000000.0,-0.07082050034256882,-0.2134863992356356,0.44231077074782454,-26462250000.0,ORSTED.CO,374.29998779296875,Ørsted A/S,Utilities,Electric Utilities,-48.79705293784911,-235.56674786785362,-7.670544946017539,0.032562087032421486,193090000000.0,459.4861480429769,0.8146055966804892,,,,,,0.45598425604640325,1.4198239894596376,-3.4463659733582612,-23.013571586947172,-0.061484296920886736,157292194663.03564,-36.17632656078204,-171.44518191948066,-235.56789633743222,-54.12239089184061,-161.7921917037215,-0.00044847268380632244,,,,
2024-12-31,-33421398311.588642,-24298000000.0,6613000000.0,42654000000.0,10225000000.0,1033000000.0,2590000000.0,58833000000.0,16838000000.0,-206000000.0,96618000000.0,93484000000.0,22809000000.0,18356000000.0,,420234763.0,64899000000.0,79639000000.0,53752000000.0,2606000000.0,298786000000.0,4007000000.0,25887000000.0,0,0.9938603223330775,13.400944568729804,167293000000.0,0.00024269807111689255,0.11240290313259566,0.35167640008846757,-33421398311.588642,ORSTED.CO,324.20001220703125,Ørsted A/S,Utilities,Electric Utilities,-0.4902021872950097,-98.99542665431177,-661.3597829826159,6.68071046647497,202168000000.0,481.0834747624151,0.6738955487239271,,,,,,0.47790946143801194,1.4816006846256884,1.650361866733217,-57.820061878126914,-0.17834688371696772,136240115294.41888,-14.82982758371093,-144.84301891910218,-98.99541597581197,151.24599317547305,-100.34269465753974,-0.05238345757776308,-0.2412302521030506,,,
2025-08-03,-33525693102.400486,-32598000000.0,7360000000.0,47980000000.0,10357000000.0,1033000000.0,997000000.0,61677000000.0,17717000000.0,1829000000.0,91775000000.0,96677000000.0,7831000000.0,15382000000.0,,420234763.0,75345000000.0,65195000000.0,52641000000.0,3291000000.0,287287000000.0,4069000000.0,,1,0.3029474323913704,9.33050447901933,180621000000.0,0.028403712179644193,0.11933135528641146,0.34147192186955005,-33525693102.400486,ORSTED.CO,308.20001220703125,Ørsted A/S,Utilities,Electric Utilities,4.352329128944527,-987.8640776699027,70.81266215769213,-0.07168259658223382,195512000000.0,465.2447089437958,0.6624471085479096,213.4483713302271,1.4439089428806808,,,,0.4694085273538197,1.2384833114872438,1.8087982305234702,-77.57092670603265,-0.251690212957957,129516359086.41888,4.834021722502668,11.295932254649932,-987.8640776699029,34.1591900567948,11603.311875916761,-0.02814821455663774,-0.16496951977709695,-0.3608821062135805,,-0.3609061591987641
2021-12-31,,2510000000.0,5935000000.0,820000000.0,893000000.0,,1057000000.0,28945000000.0,6828000000.0,4546000000.0,6480000000.0,15957000000.0,4159000000.0,3330000000.0,1726000000.0,1958344400.0,1402000000.0,18695000000.0,15568000000.0,5787000000.0,40260000000.0,148000000.0,3127000000.0,0,0.18265076896492138,,18278000000.0,0.26539926065177766,0.20504404905855933,1.5835977678082942,,ABB.ST,328.4539794921875,ABB Ltd,Industrials,Industrial Machinery,2.32134858403864,,141.49274337796749,,33780000000.0,17.249264225434505,19.041622599059806,30.01557911188733,10.942783354864774,0.8813567215245695,0.0026833491951816437,0.3796744390673119,0.19182948490230906,1.200860739979445,40.101351351351354,1.2816948847199705,0.0039022053765387747,643226011396.2402,,,,,,,,,,
2022-12-31,2876004714.2015324,525000000.0,3524000000.0,762000000.0,814000000.0,-86000000.0,757000000.0,29446000000.0,4338000000.0,2475000000.0,8549000000.0,13272000000.0,4156000000.0,1287000000.0,1698000000.0,1865003331.0,3522000000.0,19570000000.0,16529000000.0,3394000000.0,39148000000.0,130000000.0,3041000000.0,0,0.22304065998821448,0.5384893386338996,17665000000.0,0.15499602118321723,0.11967669632547714,1.6669119728276252,2876004714.2015324,ABB.ST,314.34552001953125,ABB Ltd,Industrials,Industrial Machinery,1.327075377754379,-42.83170623838161,236.87088562478908,-5.5302696630032555,30599000000.0,16.406941205618683,19.15930069353093,22.133641209941185,14.20216027891267,0.910454137950277,0.0028963483808953526,0.6860606060606061,0.27938821530115365,1.1839796720914757,27.107692307692307,0.2815008377054743,0.0008955140753651707,586255441921.353,1.730868889272763,-40.623420387531596,-45.55653321601408,-79.08366533864542,-41.59892502994467,0.01730868889272763,-0.40623420387531595,-0.45556533216014083,-0.7908366533864541,-0.42831706238381606
2023-12-31,3847473419.8409376,3520000000.0,5053000000.0,770000000.0,780000000.0,232000000.0,930000000.0,32235000000.0,5833000000.0,3745000000.0,8743000000.0,14146000000.0,3891000000.0,4290000000.0,1713000000.0,1841507246.0,3937000000.0,21277000000.0,18004000000.0,4778000000.0,40940000000.0,275000000.0,3273000000.0,0,0.19464210966931772,0.4322095561484356,18998000000.0,0.21420535950315495,0.1567550798821157,1.6967575534266766,3847473419.8409376,ABB.ST,443.7831726074219,ABB Ltd,Industrials,Industrial Machinery,2.0336602031486115,53.243759716941305,218.21893938836743,4.098488546798353,32197000000.0,17.484047412757235,25.382176227891918,28.284691209185514,15.689871574885794,0.9302162691571619,0.00209610532028903,0.45740987983978637,0.2715470385439637,1.181792934903355,18.374545454545455,1.91147768093007,0.004307233349338812,817229928009.436,9.471575086599193,43.38819523269013,51.31313131313131,570.4761904761905,38.2005537096644,0.05530272681524906,-0.07729199690682276,-0.0923650822810217,0.18422567032091153,-0.06401472914190764
2024-12-31,1625822281.6739922,3830000000.0,5332000000.0,845000000.0,802000000.0,2361000000.0,1278000000.0,32850000000.0,6134000000.0,3935000000.0,7811000000.0,15060000000.0,4311000000.0,4675000000.0,1769000000.0,1838192288.0,2634000000.0,20850000000.0,15216000000.0,5233000000.0,40357000000.0,99000000.0,5634000000.0,0,0.2442193770303841,0.9886531820424272,18560000000.0,0.21712404534881424,0.16231354642313547,1.7699353448275863,1625822281.6739922,ABB.ST,594.3988037109375,ABB Ltd,Industrials,Industrial Machinery,2.140690082146618,5.262918497018232,277.66691155727347,52.75911297402551,32546000000.0,17.705438224534646,33.571538652303545,29.20259851733611,20.35431207801843,0.9623585146931048,0.0016190451741910136,0.4495552731893266,0.23999877097031894,1.3702681388012619,53.85858585858586,2.083568745774218,0.0035053380537883446,1092619296977.8711,1.9078641228478466,5.521472392638027,5.073431241655535,8.806818181818187,1.3625643412607191,0.04308717735492351,-0.03508333792362728,-0.046973225907588456,0.1512642465331786,-0.026645266241893006
2025-08-03,1875479264.2720804,3727000000.0,5875000000.0,898000000.0,808000000.0,2361000000.0,1519000000.0,33576000000.0,6683000000.0,4187000000.0,9690000000.0,14600000000.0,3266000000.0,4625000000.0,,1825948058.0,5547000000.0,21636000000.0,15737000000.0,5763000000.0,42799000000.0,112000000.0,,1,0.2635779975707097,0.9336547291092746,21024000000.0,0.20578763623820778,0.17497617345723135,1.5970319634703196,1875479264.2720804,ABB.ST,624.5999755859375,ABB Ltd,Industrials,Industrial Machinery,2.293055370143503,7.117578077630804,272.38765522999523,38.26971088466987,33109000000.0,18.132498268469366,34.44643790051013,30.5863287580286,20.420887401270292,,,,0.29266966685795404,1.3748490817817882,52.455357142857146,2.041131446029337,0.0032679018985144062,1140487112447.99,2.210045662100457,10.183795948987239,6.40406607369759,-2.6892950391644854,-5.221167048722897,0.037800440207432784,-0.0025370183233469623,-0.020355775639818496,0.1038788636040644,-0.0030610932630067422
2022-03-31,,995000000.0,1484000000.0,126000000.0,576000000.0,,316000000.0,14038000000.0,2060000000.0,1074000000.0,4193000000.0,4259000000.0,437000000.0,1121000000.0,323000000.0,269564712.0,3076000000.0,5937000000.0,5209000000.0,1433000000.0,12427000000.0,51000000.0,728000000.0,0,0.22051639916259597,,8015000000.0,0.14432360120308266,0.10571306453910813,1.7514660012476606,,ADDT-B.ST,175.98623657226562,Addtech AB B,Industrials,Industrial Machinery,3.9842010181213925,,44.17102344279949,,8234000000.0,30.545541138930677,5.761437840365151,52.32819949470764,3.3631242479509447,1.1982280529359495,0.006808646382093172,0.30074487895716945,0.5092300218605781,1.139758110961797,29.098039215686274,3.691135952542631,0.020974003560937173,47439679177.56665,,,,,,,,,,
2023-03-31,405083291.7705736,1714000000.0,2138000000.0,197000000.0,705000000.0,1760000000.0,451000000.0,18714000000.0,2843000000.0,1495000000.0,4713000000.0,5573000000.0,606000000.0,1911000000.0,485000000.0,269564712.0,3387000000.0,7700000000.0,5212000000.0,2005000000.0,15271000000.0,133000000.0,2488000000.0,0,0.22493765586034914,1.5779490219324244,9680000000.0,0.17118629047216669,0.11424601902319119,1.9332644628099174,405083291.7705736,ADDT-B.ST,188.05361938476562,Addtech AB B,Industrials,Industrial Machinery,5.545978139749983,39.19925512104283,33.908106856195296,0.8650191630297802,10558000000.0,39.16684762507045,4.801346822315965,69.91005518850692,2.6899366461332916,1.7991969215911316,0.009567467658837765,0.32441471571906355,0.4463913620003789,1.4773599386032232,16.075187969924812,6.3583990177468035,0.03381162797370707,50692619750.01196,33.30958826043595,44.0700808625337,39.19925512104283,72.26130653266331,18.612818031947963,0.3330958826043595,0.440700808625337,0.3919925512104283,0.7226130653266332,0.3919925512104283
2024-03-31,2475500229.042602,2386000000.0,2447000000.0,189000000.0,819000000.0,50000000.0,492000000.0,20019000000.0,3266000000.0,1632000000.0,5225000000.0,6478000000.0,798000000.0,2575000000.0,674000000.0,269779292.0,3729000000.0,7792000000.0,5254000000.0,2183000000.0,16657000000.0,264000000.0,2538000000.0,0,0.22537792029317452,0.5411764705882353,10905000000.0,0.17381936992596075,0.12223387781607473,1.8357634112792298,2475500229.042602,ADDT-B.ST,241.70216369628906,Addtech AB B,Industrials,Industrial Machinery,6.04938943942369,9.077051639738354,39.954803061797165,4.401737992420286,11432000000.0,42.37537994576693,5.703834726806592,75.94581264657388,3.182560766333348,2.498338530742382,0.01033643428149725,0.4129901960784314,0.45705038488453464,1.4830605253140465,9.268939393939394,8.844266668177037,0.03659159079473655,65206238596.85297,6.9733889067008725,14.452759588400376,9.163879598662206,39.206534422403735,1.538136872135909,0.19417663810576125,0.2841035133057215,0.2327015342838259,0.5485444616635144,0.2322111969565568
2025-03-31,2436041749.502982,2476000000.0,2786000000.0,233000000.0,935000000.0,415000000.0,575000000.0,21796000000.0,3721000000.0,1892000000.0,6186000000.0,7063000000.0,1168000000.0,2709000000.0,755000000.0,269862072.0,4240000000.0,8278000000.0,5325000000.0,2515000000.0,18513000000.0,271000000.0,2953000000.0,0,0.2286282306163022,0.7159656264133876,12081000000.0,0.1778860814090706,0.12782161864562305,1.8041552851585134,2436041749.502982,ADDT-B.ST,292.79998779296875,Addtech AB B,Industrials,Industrial Machinery,7.0109889321534595,15.895810682364964,41.76300813286747,2.6272965228001826,12327000000.0,45.67889036292584,6.409962796088688,84.8865088354404,3.449311225186396,2.7977254988244513,0.009555073823304427,0.39904862579281186,0.5018252616208323,1.5545539906103287,10.280442804428045,9.175057397469326,0.031335579849671204,79015611387.38525,8.876567261101954,13.85369840621169,15.931372549019617,3.772003352891873,2.339619275367344,0.1579519019095581,0.233622846126482,0.20773675555836868,0.3551140658331666,0.20729299233180254
2025-08-03,,2351000000.0,2859000000.0,,0.0,415000000.0,592000000.0,22197000000.0,2859000000.0,1956000000.0,6045000000.0,7750000000.0,1023000000.0,2584000000.0,755000000.0,269886892.0,5022000000.0,8461000000.0,5260000000.0,2599000000.0,19000000000.0,,,1,0.2277799153520585,,12772000000.0,0.1728607283125951,0.12880118934991214,1.7379423739430002,,ADDT-B.ST,322.0,Addtech AB B,Industrials,Industrial Machinery,7.247480548258713,3.373156317800863,44.42923273210634,13.171412334982472,12955000000.0,48.00159023654991,6.708111094094944,88.47337627393802,3.639512964928557,2.7974682075333988,0.008687789464389438,0.38599182004089977,0.466615206483983,1.608555133079848,,8.711056630345723,0.027052970901694794,86903579224.0,1.8397871169021807,2.6202440775305202,3.3826638477801207,-5.048465266558965,-2.825040079959429,0.12136568217332977,0.17813501468765702,0.1616923843196154,0.23981642939255754,0.16134553372434857
2021-12-31,,4035000000.0,6359000000.0,1229000000.0,1987000000.0,,1341000000.0,40911000000.0,8346000000.0,4759000000.0,10802000000.0,32344000000.0,3356000000.0,5264000000.0,,415395315.0,5019000000.0,26149000000.0,23285000000.0,6142000000.0,64361000000.0,217000000.0,2864000000.0,0,0.21833279062194724,,39790000000.0,0.12492138186567071,0.15543496859035466,1.0281729077657702,,ALFA.ST,337.83837890625,Alfa Laval AB,Industrials,Automobiles,11.456556750044232,,29.488648839010523,,53559000000.0,128.9350121823112,2.6202221816100204,182.3071690664456,1.8531272282721798,,,,0.20168412405011296,1.1229976379643547,29.304147465437786,9.713638681745845,0.028752324449323075,140336479824.85107,,,,,,,,,,
2022-12-31,-1689118627.6096458,1438000000.0,6498000000.0,1853000000.0,2392000000.0,7033000000.0,1610000000.0,52135000000.0,8890000000.0,4503000000.0,18156000000.0,35704000000.0,4352000000.0,3291000000.0,,413326315.0,11133000000.0,36456000000.0,26559000000.0,6179000000.0,81249000000.0,319000000.0,9897000000.0,0,0.26055996115876356,2.3072831423895255,49508000000.0,0.09705262528056786,0.12463795914452863,1.0530621313727075,-1689118627.6096458,ALFA.ST,285.383544921875,Alfa Laval AB,Industrials,Automobiles,10.894539826238743,-4.9056355767916004,26.19509859742295,-5.339797094050585,63093000000.0,152.64694675924517,1.8695660213366865,193.43709680023295,1.4753299632934282,,,,0.2877656792354144,1.3726420422455665,20.369905956112852,3.479091332474198,0.01219093179821077,117956528984.19556,27.435164136784728,2.1858782827488543,-5.379281361630595,-64.36183395291202,-22.309036426662665,0.2743516413678473,0.021858782827488543,-0.053792813616305946,-0.6436183395291202,-0.049056355767916004
2023-12-31,8262270057.803469,6729000000.0,9156000000.0,2440000000.0,2524000000.0,-1424000000.0,2269000000.0,63598000000.0,11680000000.0,6330000000.0,16208000000.0,37378000000.0,5135000000.0,9169000000.0,,413326315.0,8472000000.0,38229000000.0,29756000000.0,8650000000.0,82288000000.0,506000000.0,8473000000.0,0,0.2623121387283237,0.5140119064904893,48451000000.0,0.1394041414584522,0.14396679140853486,1.3126251264163795,8262270057.803469,ALFA.ST,388.4401550292969,Alfa Laval AB,Industrials,Automobiles,15.314776171461524,40.57295136575616,25.36375005944518,0.6251393898066867,66080000000.0,159.87368237127606,2.4296691567234867,234.7118816283639,1.6549658770336217,,,,0.24527845036319612,1.2847492942599812,18.09486166007905,16.28011514340673,0.04191151438032675,160552537876.288,21.98714874844154,40.90489381348108,40.57295136575616,367.94158553546595,43.63768219092583,0.2468140327785866,0.19993709537908821,0.1533045425794699,0.2913783305310089,0.15618750491523503
2024-12-31,4738544217.687075,8823000000.0,10489000000.0,3336000000.0,2418000000.0,2142000000.0,2564000000.0,66953000000.0,12907000000.0,7391000000.0,13592000000.0,42281000000.0,7369000000.0,12159000000.0,,413326315.0,3185000000.0,42070000000.0,31455000000.0,9996000000.0,88803000000.0,493000000.0,10615000000.0,0,0.25650260104041617,0.9963406940063092,48504000000.0,0.16078146581080066,0.15666213612534166,1.3803603826488537,4738544217.687075,ALFA.ST,452.6979675292969,Alfa Laval AB,Industrials,Automobiles,17.881755242223086,16.761453396524505,25.31619303570206,1.5103817334212428,75211000000.0,181.96518651371133,2.487827348750501,270.57675597967085,1.6730852060452277,,,,0.1807182460012498,1.3374662215863933,21.275862068965516,21.34633019917931,0.04715358082052325,187111982726.87393,5.275323123368669,14.55875928352992,16.761453396524484,31.119037004012483,15.334784267309388,0.17844680173348393,0.18153997624032225,0.15805494616912164,0.2979488562045185,0.1599840344318042
2025-08-03,5503342814.510864,7992000000.0,11207000000.0,3087000000.0,2296000000.0,2142000000.0,2651000000.0,67802000000.0,13503000000.0,8026000000.0,16810000000.0,40673000000.0,9342000000.0,11079000000.0,,413326315.0,4941000000.0,45229000000.0,33906000000.0,10723000000.0,90962000000.0,484000000.0,,1,0.24722558985358575,0.8794997662459093,48141000000.0,0.17524236751440278,0.16529010943629982,1.4084044785110406,5503342814.510864,ALFA.ST,418.1000061035156,Alfa Laval AB,Industrials,Automobiles,19.41807165120856,8.591530239480427,21.531489512116078,2.5061297477803204,74152000000.0,179.4030462347891,2.330506727050432,279.96852883891233,1.4933821591929037,,,,0.22669651526594023,1.3339526927387484,23.15495867768595,19.335812189940047,0.04624685938213733,172811734824.24362,1.268053709318484,6.845266469634859,8.591530239480448,-9.41856511390683,8.994134759673699,0.1346204382589813,0.1521927462094803,0.13958273950389888,0.18632309181661033,0.14100618119321529
2021-12-31,,10744000000.0,14184000000.0,1713000000.0,3841000000.0,,2638000000.0,95007000000.0,18025000000.0,10900000000.0,28752000000.0,69591000000.0,4325000000.0,12457000000.0,,1110776334.0,20912000000.0,39267000000.0,31276000000.0,13538000000.0,129975000000.0,646000000.0,7991000000.0,0,0.19485891564485153,,94018000000.0,0.12146739071766499,0.14929426252802425,1.0105192622689272,,ASSA-B.ST,258.9638366699219,Assa Abloy AB B,Industrials,Building Products,9.81295663794724,,26.3899909297973,,101223000000.0,91.12815685898472,2.841754355579172,141.8461302413591,1.825667265150487,,,,0.284046116001304,1.2554994244788336,21.956656346749227,9.67251432276194,0.03735083032111017,287650901134.7906,,,,,,,,,,
2022-12-31,16285393071.171738,12363000000.0,18440000000.0,1996000000.0,4089000000.0,-199000000.0,4225000000.0,120793000000.0,22529000000.0,13291000000.0,33735000000.0,86026000000.0,3417000000.0,14359000000.0,,1110776334.0,26410000000.0,47394000000.0,39602000000.0,17521000000.0,154564000000.0,919000000.0,7792000000.0,0,0.24113920438331146,0.4140696447414703,116344000000.0,0.12027601828346744,0.15265785269013932,1.0382400467578905,16285393071.171738,ASSA-B.ST,213.37252807617188,Assa Abloy AB B,Industrials,Building Products,11.965505199537317,21.935779816513758,17.832304154146588,0.812932309829351,120829000000.0,108.77887500977312,1.9615254161895097,171.13114671768068,1.2468363133695226,,,,0.27919621945062856,1.1967577395081057,20.065288356909683,11.13005347843502,0.05216254209849218,237009154512.76227,27.141158019935375,30.005640157924418,21.935779816513758,15.068875651526437,-0.9808166843451316,0.27141158019935374,0.3000564015792442,0.21935779816513756,0.15068875651526437,0.21935779816513756
2023-12-31,21335931650.566116,18655000000.0,21778000000.0,2639000000.0,5174000000.0,-3374000000.0,5615000000.0,140716000000.0,26952000000.0,13633000000.0,65194000000.0,91645000000.0,1466000000.0,21294000000.0,,1110776334.0,58284000000.0,48994000000.0,44576000000.0,19254000000.0,196351000000.0,2524000000.0,4418000000.0,0,0.29162771372182406,0.2746396089834808,155373000000.0,0.0992896555422507,0.15476562722078513,0.9056657205563386,21335931650.566116,ASSA-B.ST,282.423095703125,Assa Abloy AB B,Industrials,Building Products,12.273397967443552,2.573169814159959,23.010994710045356,8.942664640093938,131157000000.0,118.07687649204092,2.3918577802332193,180.5743646219992,1.5640265233347397,,,,0.49706839894172633,1.0991116295764538,8.6283676703645,16.794560190908786,0.059465958862524274,313708890882.04834,16.493505418360343,18.101952277657276,2.573169814159959,50.893796004206095,-17.448501405954364,0.21700941576850385,0.23910935392149613,0.11836217074529509,0.3176941773034738,0.11836217074529509
2024-12-31,20436160388.646915,18829000000.0,24360000000.0,2562000000.0,5645000000.0,860000000.0,5272000000.0,150162000000.0,30005000000.0,15639000000.0,73501000000.0,107081000000.0,4504000000.0,21391000000.0,,1110776334.0,62443000000.0,55747000000.0,50469000000.0,20893000000.0,223605000000.0,3467000000.0,5278000000.0,0,0.2523333173790265,0.4750104777870914,176078000000.0,0.10343802399304237,0.16222479721900349,0.8528152296141482,20436160388.646915,ASSA-B.ST,323.39703369140625,Assa Abloy AB B,Industrials,Building Products,14.07934209732632,14.71429619306095,22.969612603760773,1.5610405215706418,150104000000.0,135.13431588829656,2.3931525576281425,206.90227380526406,1.5630424342063383,,,,0.48966716409955763,1.104579048524837,7.026247476204211,16.951207388615465,0.0524160880362024,359221771510.2147,6.712811620569092,11.856001469372757,14.71429619306095,0.9327258107745928,4.178046975927341,0.16484501760931392,0.19754779044869264,0.12787462826050588,0.20564769058229881,0.12787462826050588
2025-08-03,19525499082.56881,17737000000.0,23336000000.0,2816000000.0,5935000000.0,860000000.0,5103000000.0,152949000000.0,29271000000.0,14533000000.0,73150000000.0,99434000000.0,2086000000.0,20553000000.0,,,64783000000.0,53553000000.0,48541000000.0,19620000000.0,214384000000.0,,,1,0.26009174311926603,0.5271211539516262,170498000000.0,0.10127097726993167,0.1525737337282362,0.8970721064176705,19525499082.56881,ASSA-B.ST,318.70001220703125,Assa Abloy AB B,Industrials,Building Products,,0.0,,,141234000000.0,,,,,,,,0.5179347749125565,1.1032529202117798,,,,,1.855995524833176,-4.20361247947455,-7.072063431165676,-5.799564501566734,-2.0950194517022735,0.12641327293040527,0.13254879772807238,0.07456377024570804,0.13351831471408815,0.12787462826050588
2021-12-31,,3763000000.0,1011000000.0,2200000000.0,4102000000.0,,-380000000.0,37417000000.0,5113000000.0,112000000.0,30688000000.0,39287000000.0,6329000000.0,5963000000.0,3856000000.0,1549400665.0,23372000000.0,26244000000.0,22594000000.0,-265000000.0,105363000000.0,1276000000.0,3650000000.0,0,0.25,,63646000000.0,0.011913553090532006,0.02701980383248256,0.5878924048644062,,AZN.ST,1056.3031005859375,AstraZeneca PLC,Health Care,Pharmaceuticals,0.07228601518639467,,14612.827915084048,,74675000000.0,48.196055214678765,21.916795801666066,8.853686663271022,119.30658275585314,2.488704237131588,0.0023560512467975235,34.42857142857143,0.41095413458319385,1.1615473134460477,0.792319749216301,2.428681028092885,0.002299227396706193,1636636726489.4136,,,,,,,,,,
2022-12-31,12906250000.0,7237000000.0,3831000000.0,2571000000.0,5254000000.0,-7350000000.0,-792000000.0,44351000000.0,9085000000.0,3288000000.0,29143000000.0,37058000000.0,6166000000.0,9808000000.0,4364000000.0,1549800030.0,22024000000.0,22593000000.0,26293000000.0,2501000000.0,96483000000.0,1330000000.0,-3700000000.0,0,0.25,0.1027471338957387,60035000000.0,0.04785958191055218,0.08637911208315484,0.7387523944365787,12906250000.0,AZN.ST,1397.4940185546875,AstraZeneca PLC,Health Care,Pharmaceuticals,2.1215640317157565,2834.9577871254232,658.709328430923,0.23235242916926743,67340000000.0,43.45076699992063,32.162700800131795,45.542624533436864,30.685408073675326,2.815847151583808,0.0020149260849760243,1.327250608272506,0.43277398277398277,0.8592781348647929,2.880451127819549,4.669634701194322,0.0033414344814325135,2165836271880.8752,18.531683459390113,278.9317507418398,2835.714285714286,92.31995748073345,301.7238312270364,0.18531683459390114,2.7893175074183976,28.357142857142858,0.9231995748073345,28.349577871254233
2023-12-31,10277956805.334106,6567000000.0,8488000000.0,3778000000.0,4934000000.0,-1788000000.0,938000000.0,45811000000.0,13422000000.0,5955000000.0,28407000000.0,39166000000.0,5840000000.0,10345000000.0,4481000000.0,1550162626.0,21439000000.0,25054000000.0,30542000000.0,6899000000.0,101119000000.0,1589000000.0,-5488000000.0,0,0.13596173358457747,0.9170860927152318,61733000000.0,0.11880123767408202,0.18528301063063457,0.7420828406200898,10277956805.334106,AZN.ST,1349.8680419921875,AstraZeneca PLC,Health Care,Pharmaceuticals,3.8415324302883818,81.07077480860421,351.38790742705083,4.33433513194643,72712000000.0,46.90604635955144,28.778124501156448,63.67338306548201,21.19987940021935,2.890664453421031,0.0021414422473139496,0.7524769101595299,0.3906782924414127,0.8203130115905966,5.341724354940214,4.2363297178343915,0.003138328774405424,2092514988728.0876,3.2919212644585194,121.56095014356563,81.11313868613139,-9.257979825894713,148.22874110375056,0.1064974159586205,1.8975244387912729,6.291751700184452,0.32104131129952895,6.289959400060791
2024-12-31,5433669658.267174,7275000000.0,10373000000.0,4586000000.0,5065000000.0,3449000000.0,1650000000.0,54073000000.0,15438000000.0,7035000000.0,30114000000.0,40871000000.0,5488000000.0,11861000000.0,4629000000.0,1550103897.0,23174000000.0,25827000000.0,27866000000.0,8691000000.0,104035000000.0,1682000000.0,-2039000000.0,0,0.1898515705902658,1.501776911612977,65497000000.0,0.12830617674499858,0.19183326244151425,0.8255797975479793,5433669658.267174,AZN.ST,1444.96875,AstraZeneca PLC,Health Care,Pharmaceuticals,4.538405466636925,18.140495986811935,318.38687852426705,17.551167220330303,73921000000.0,47.68777121524777,30.300614039558702,69.78248301284326,20.706754583869678,2.986251443505661,0.0020666546895949556,0.6579957356076759,0.4073808525317569,0.9268283930237565,6.167063020214031,4.69323379812134,0.00324798290490458,2239851690418.2188,18.034969767086515,22.20782280867106,18.136020151133494,10.781178620374599,8.000707111311689,0.13058659987256682,1.1729567089028223,2.975105807871414,0.24575582468721602,2.9745045913012955
2025-08-03,6186383118.826698,8184000000.0,11634000000.0,5205000000.0,5204000000.0,3449000000.0,1721000000.0,56501000000.0,16838000000.0,8295000000.0,32839000000.0,44810000000.0,7058000000.0,13389000000.0,4936000000.0,1550228326.0,24148000000.0,28939000000.0,33536000000.0,10023000000.0,112422000000.0,1611000000.0,,1,0.1717050783198643,1.3979622717643498,70591000000.0,0.1365100808718774,0.20590786003787542,0.8003994843535295,6186383118.826698,AZN.ST,1426.5,AstraZeneca PLC,Health Care,Pharmaceuticals,5.350824688775555,17.900983684929628,266.59441917287523,14.892724548836616,79583000000.0,51.33630876513864,27.787350401957706,78.61654239630452,18.14503610205903,3.18404709629851,0.002232069468137757,0.5950572634116938,0.4126383775429426,0.8629234255725191,7.221601489757914,5.2792223330848875,0.003700821824805389,2211400707039.0,4.490226175725409,12.156560300780871,17.910447761194035,12.494845360824748,6.39400560051262,0.10852831982462563,0.8418085129250468,1.9335911847135847,0.214389072392543,1.933199548004246
2021-12-31,,19793000000.0,23802000000.0,3359000000.0,5466000000.0,,5276000000.0,110912000000.0,29268000000.0,18130000000.0,24851000000.0,67634000000.0,18990000000.0,23152000000.0,8889000000.0,4872761472.0,2512000000.0,68006000000.0,40803000000.0,23410000000.0,136683000000.0,392000000.0,27203000000.0,0,0.2253737718923537,,73495000000.0,0.2508694942706061,0.21460256780150028,1.5091094632287911,,ATCO-A.ST,147.55494689941406,Atlas Copco AB A,Industrials,Electrical Components & Equipment,3.720682841583591,,39.65802869577885,,111832000000.0,22.950435937119476,6.429287326118381,43.83268297694469,3.366322499059108,1.8242222713092409,0.012363003136403046,0.49029233314947596,0.22221725445310822,1.6666911746685293,60.71938775510204,4.061967759705682,0.02752850951499893,719000060254.4707,,,,,,,,,,
2022-12-31,33576116695.513245,16346000000.0,30483000000.0,5031000000.0,6333000000.0,-8449000000.0,6562000000.0,141325000000.0,36816000000.0,23477000000.0,36301000000.0,80026000000.0,11254000000.0,21377000000.0,9250000000.0,4868356965.0,20228000000.0,80212000000.0,61458000000.0,30044000000.0,172301000000.0,439000000.0,18754000000.0,0,0.21841299427506325,0.1218594540362025,105073000000.0,0.22674822928357663,0.2156943215991509,1.345017273704948,33576116695.513245,ATCO-A.ST,118.1563949584961,Atlas Copco AB A,Industrials,Electrical Components & Equipment,4.822366184070481,29.609708470018205,24.50174674598481,0.8274903067956395,136000000000.0,27.935502876584977,4.229614032025627,55.05535895041062,2.146137945716088,1.9000250118265516,0.016080593966107032,0.3940026408825659,0.26691911764705883,1.3051514855673794,69.4373576309795,3.35760095603425,0.028416582591349788,575227508355.4854,27.420838141950377,28.06906982606503,29.49255377826807,-17.41524781488405,-9.61506501902959,0.27420838141950377,0.2806906982606503,0.2949255377826807,-0.1741524781488405,0.29609708470018203
2023-12-31,17824570824.8724,22633000000.0,37356000000.0,5451000000.0,7761000000.0,13241000000.0,8390000000.0,172664000000.0,45117000000.0,28040000000.0,32591000000.0,91500000000.0,10887000000.0,28084000000.0,11203000000.0,4870559283.0,15962000000.0,86207000000.0,54212000000.0,36442000000.0,182684000000.0,914000000.0,31995000000.0,0,0.23022885681356675,0.9132431126147897,113204000000.0,0.2540155014387513,0.21635083167307603,1.525246457722342,17824570824.8724,ATCO-A.ST,169.23098754882812,Atlas Copco AB A,Industrials,Electrical Components & Equipment,5.757039052551863,19.382038460058194,29.39549063399437,1.516635657006436,150093000000.0,30.81637883433191,5.491592261978921,63.18029494366367,2.6785406383386983,2.3001465230291913,0.013591757374609253,0.39953637660485025,0.21713870733478577,1.590182985316904,40.87089715536105,4.646899603295518,0.027458916777607,824249557377.2023,22.175128250486466,22.54699340616082,19.43604378753674,38.46200905420287,12.02535174864523,0.24770418135779537,0.25277609553774383,0.24362688629754148,0.06933861357357807,0.24390800308401617
2024-12-31,25177568571.428574,30863000000.0,38718000000.0,6024000000.0,8785000000.0,8101000000.0,8006000000.0,176771000000.0,47503000000.0,29782000000.0,34708000000.0,113760000000.0,18968000000.0,36887000000.0,13647000000.0,4870613982.0,8586000000.0,95511000000.0,55415000000.0,37800000000.0,208538000000.0,918000000.0,40096000000.0,0,0.2117989417989418,0.7459624902318313,129500000000.0,0.2356569001654716,0.21902913939503652,1.365027027027027,25177568571.428574,ATCO-A.ST,167.1229248046875,Atlas Copco AB A,Industrials,Electrical Components & Equipment,6.1146295128423915,6.21136068430912,27.331651812049074,4.400268025183782,173830000000.0,35.68954563888902,4.682685694451163,70.0723758262016,2.3850044020085384,2.8019054785360322,0.016765536396700517,0.45822980323685447,0.19966634067767358,1.7235586032662638,42.1764705882353,6.336572784059322,0.03791564078635364,813991254266.4456,2.3786081638326406,3.6460006424670732,6.212553495007134,36.3628330314143,-7.227354696581911,0.1680931954357332,0.17606995408546267,0.1799185214407848,0.15960168582632384,0.18009190758378013
2025-08-03,23125718911.270187,29680000000.0,37005000000.0,6697000000.0,9076000000.0,8101000000.0,7945000000.0,173033000000.0,46081000000.0,28088000000.0,35082000000.0,100703000000.0,20479000000.0,36377000000.0,14127000000.0,4868336133.0,14603000000.0,91317000000.0,59022000000.0,36042000000.0,198906000000.0,,,1,0.22043726763220686,0.8215416379903647,115306000000.0,0.25018402261174777,0.21386093982072785,1.5006417705930306,23125718911.270187,ATCO-A.ST,145.10000610351562,Atlas Copco AB A,Industrials,Electrical Components & Equipment,5.769527664617401,-5.643871758708885,25.149373490895247,-4.456049776837687,163824000000.0,33.65092210653237,4.311917683686551,66.09367092055248,2.195369149308294,2.9018127783412857,0.01999870886477501,0.5029549985759043,0.2141444476999707,1.5471688522923654,,6.09653877406168,0.04201611659280259,706395602612.2656,-2.1146002455153856,-4.424298775763214,-5.687999462762738,-3.8330687230664573,6.164522420551077,0.1176031063222529,0.11663629352690985,0.1156571500301602,0.10659338048607858,0.1159105979685684
2021-12-31,,7155000000.0,10953000000.0,5989000000.0,5621000000.0,,2135000000.0,68636000000.0,16574000000.0,8701000000.0,6162000000.0,50881000000.0,8251000000.0,13144000000.0,,273511169.0,-2089000000.0,30358000000.0,12445000000.0,10839000000.0,80549000000.0,114000000.0,17913000000.0,0,0.19697389058031184,,48792000000.0,0.18026612921121996,0.15958097791246575,1.4067060173798984,,BOL.ST,320.23541259765625,BillerudKorsnäs AB,Materials,Forestry Products,31.812229211012585,,10.066424785057153,,74387000000.0,271.9706119204222,1.1774632940538303,441.21401554587544,0.7258051678196511,,,,0.08283705486173659,2.43937324226597,96.07894736842105,26.159809217882433,0.08168930789284574,87587962054.78229,,,,,,,,,,
2022-12-31,2282956861.7396317,6370000000.0,15919000000.0,10028000000.0,5829000000.0,6181000000.0,3191000000.0,86437000000.0,21748000000.0,12410000000.0,11192000000.0,58325000000.0,12159000000.0,16398000000.0,,273511169.0,-967000000.0,39926000000.0,15832000000.0,15601000000.0,96376000000.0,318000000.0,24094000000.0,0,0.2045381706300878,1.7314582023884348,57358000000.0,0.22077054398235,0.1841688165947453,1.5069737438543882,2282956861.7396317,BOL.ST,367.04119873046875,BillerudKorsnäs AB,Materials,Forestry Products,45.37291857357386,42.627284220204565,8.089433306682661,0.18977125694647035,85184000000.0,311.4461479267781,1.1785061435942408,563.8727391650851,0.650929142760012,,,,0.1313861758076634,2.521854471955533,50.05974842767296,23.28972532745089,0.06345261896486272,100389867335.93182,25.935369194008985,45.339176481329325,42.627284220204565,-10.971348707197759,22.46923198959385,0.25935369194008984,0.45339176481329324,0.42627284220204564,-0.10971348707197759,0.42627284220204564
2023-12-31,6854541578.947369,-3348000000.0,8434000000.0,15531000000.0,6246000000.0,-9399000000.0,1526000000.0,78554000000.0,14680000000.0,6073000000.0,14582000000.0,56419000000.0,4978000000.0,12183000000.0,,273471169.0,9446000000.0,33091000000.0,18396000000.0,7600000000.0,101957000000.0,834000000.0,14695000000.0,0,0.20078947368421052,1.7918355529820498,66023000000.0,0.10209383970657754,0.10736563383150444,1.189797494812414,6854541578.947369,BOL.ST,307.627197265625,BillerudKorsnäs AB,Materials,Forestry Products,22.207094159896613,-51.05650053371156,13.852654248711358,-0.27132008860585216,87375000000.0,319.50351592639004,0.962828832645769,399.5535069404295,0.7699274112778342,,,,0.1668898426323319,1.7988149597738639,10.112709832134293,-12.242606824853263,-0.03979689355711359,84127169252.42407,-9.119937063988804,-47.01928513097556,-51.06365834004835,-152.55886970172682,-53.755678694735806,0.0698137351063195,-0.1224936770338273,-0.16455655424014715,,-0.16449545727687676
2024-12-31,2129617921.1469536,2671000000.0,13798000000.0,14988000000.0,6783000000.0,684000000.0,2529000000.0,89207000000.0,20581000000.0,10022000000.0,16507000000.0,65011000000.0,7052000000.0,17659000000.0,,273471169.0,9005000000.0,38453000000.0,23074000000.0,12555000000.0,116192000000.0,1243000000.0,15379000000.0,0,0.2014336917562724,1.9926346614606443,74466000000.0,0.14796844091460468,0.1546739605636329,1.197956114199769,2129617921.1469536,BOL.ST,310.5,BillerudKorsnäs AB,Materials,Forestry Products,36.64737323735944,65.02552280586202,8.472639989473159,0.13029714524201186,99685000000.0,364.51740183258585,0.8518111849776797,548.2413872744416,0.5663563663875092,,,,0.16559161358278576,1.6665077576493021,11.100563153660499,9.767025934642492,0.03145580011157002,84912797974.5,13.561371795198207,63.59971543751482,65.025522805862,-179.778972520908,44.93376029334668,0.0913121480587804,0.08000977021880495,0.04824245044243791,-0.27996310576624106,0.04829355595631091
2025-08-03,1187123311.9763432,3952000000.0,11462000000.0,14867000000.0,7651000000.0,684000000.0,2102000000.0,91384000000.0,19113000000.0,8038000000.0,27382000000.0,70616000000.0,7603000000.0,18819000000.0,,284085454.0,19779000000.0,37512000000.0,25868000000.0,10145000000.0,136206000000.0,1317000000.0,,1,0.20719566288812222,2.478846153846154,90395000000.0,0.10052683568755288,0.12542677055064344,1.0109408706233751,1187123311.9763432,BOL.ST,298.29998779296875,BillerudKorsnäs AB,Materials,Forestry Products,28.294303304948517,-22.79309318654127,10.542757832839014,-0.4625417773075327,108824000000.0,383.0678356379345,0.778713220065059,493.83129141233286,0.604052422315819,,,,0.2516172903036095,1.4501314365238904,8.703113135914958,13.911307123806488,0.046635292299983096,84742687460.35999,2.440391449101531,-16.929989853601967,-19.79644781480743,47.95956570572819,-32.06197546842521,0.0741861525908527,0.011420679835132175,-0.019619401003479142,-0.13791155423027113,-0.028872560447392948
2021-12-31,,6681000000.0,9100000000.0,926000000.0,1746000000.0,,1895000000.0,39645000000.0,10846000000.0,7058000000.0,9182000000.0,25785000000.0,10792000000.0,7607000000.0,,1206262770.0,-1610000000.0,32902000000.0,12438000000.0,8964000000.0,48583000000.0,136000000.0,20464000000.0,0,0.21140116019634092,,24175000000.0,0.2968458921287817,0.2295371421364611,1.6399172699069287,,EPI-A.ST,215.81048583984375,Epiroc AB A,Industrials,Industrial Machinery,5.851129766692543,,36.88355829473161,,39401000000.0,32.66369565563231,6.607044350250392,65.57582819659437,3.2910066372757103,,,,0.2330397705641989,2.6452805917350055,66.91176470588235,5.538594215255437,0.02566415711313357,260324154444.2157,,,,,,,,,,
2022-12-31,9012465299.684544,4544000000.0,10999000000.0,1014000000.0,2075000000.0,632000000.0,2367000000.0,49694000000.0,13074000000.0,8397000000.0,10741000000.0,33508000000.0,7326000000.0,5558000000.0,,1205570326.0,1035000000.0,38475000000.0,17379000000.0,10778000000.0,61780000000.0,221000000.0,21096000000.0,0,0.21961402857673037,0.4310704355885079,36923000000.0,0.2324693361775734,0.22133456755342698,1.3458819705874387,9012465299.684544,EPI-A.ST,181.7493896484375,Epiroc AB A,Industrials,Industrial Machinery,6.965168119109793,19.03971364229342,26.094042030340336,1.3705060128833528,51039000000.0,42.33597899621826,4.293024372122648,81.45389648079843,2.2313160880066953,,,,0.21044691314485,2.2138788192646297,49.76923076923077,3.769170410055365,0.020738283728744113,219111670928.76782,25.34745869592634,20.86813186813188,18.971379994332672,-31.98622960634635,-21.68686098013429,0.2534745869592634,0.20868131868131878,0.1897137999433267,-0.3198622960634635,0.1903971364229342
2023-12-31,7801356354.720066,5456000000.0,12815000000.0,1687000000.0,2603000000.0,3021000000.0,2777000000.0,60343000000.0,15418000000.0,9431000000.0,13564000000.0,37210000000.0,6401000000.0,7143000000.0,,1206970688.0,4759000000.0,41120000000.0,17003000000.0,12235000000.0,67784000000.0,580000000.0,24117000000.0,0,0.2269718022067838,0.728332337118948,44373000000.0,0.2232518954030619,0.2123692888984638,1.3599035449485046,7801356354.720066,EPI-A.ST,196.88140869140625,Epiroc AB A,Industrials,Industrial Machinery,7.8137771644045095,12.183611806389184,25.196701230269937,2.0680814220506094,54220000000.0,44.92238340091321,4.3827017577033525,88.86958763123242,2.215396897174462,,,,0.250165990409443,2.418396753514086,22.094827586206897,4.520408038277066,0.02296005533647108,237630089302.67578,21.42914637582003,16.510591871988357,12.31392163868048,20.070422535211275,-3.965013591070221,0.23372747840942143,0.18669362442113013,0.15594732794920896,-0.0963163081376961,0.15560828245520875
2024-12-31,7875400821.750153,8604000000.0,12371000000.0,1856000000.0,3097000000.0,2835000000.0,2683000000.0,63604000000.0,15468000000.0,8731000000.0,21566000000.0,43180000000.0,7179000000.0,10460000000.0,,1208376598.0,11259000000.0,45204000000.0,18252000000.0,11439000000.0,83589000000.0,932000000.0,26952000000.0,0,0.23454847451700322,0.8038810900082577,57567000000.0,0.16449356092466436,0.19450034589019558,1.1048691090381642,7875400821.750153,EPI-A.ST,190.8476104736328,Epiroc AB A,Industrials,Industrial Machinery,7.22539646534929,-7.5300419589078516,26.413444769277014,-3.507742043592542,62023000000.0,51.32754151533146,3.7182301127091177,91.34763999906488,2.0892451132353993,,,,0.347709720587524,2.4766600920447073,13.273605150214593,7.120296780193024,0.03730880760058954,230615786280.5576,5.404106524369023,-3.464689816621147,-7.422330611812111,57.69794721407624,-26.319299270590502,0.17066329648276346,0.10778242692604167,0.07348038037997617,0.08797682191590561,0.07285406423290386
2025-08-03,7940755034.129692,9064000000.0,12609000000.0,2091000000.0,3183000000.0,2835000000.0,2719000000.0,63616000000.0,15792000000.0,8979000000.0,21346000000.0,38596000000.0,7659000000.0,11155000000.0,,1208866260.0,13687000000.0,44346000000.0,21698000000.0,11720000000.0,79352000000.0,,,1,0.2319965870307167,0.8199191102123357,52283000000.0,0.18521804475890238,0.1982048541247485,1.2167626188244745,7940755034.129692,EPI-A.ST,196.14999389648438,Epiroc AB A,Industrials,Industrial Machinery,7.427620653421165,2.7987971184927796,26.408186827115035,9.435548812247058,58006000000.0,47.98380260856978,4.087837629222252,89.54955820055557,2.1904071649039967,,,,0.367996414164052,2.043782837127846,,7.4979344696079115,0.038225514672026194,237119109520.6659,0.018866737941003464,1.923854175086892,2.840453556293676,5.346350534635058,12.59896358115169,0.125497368823567,0.08495022220950976,0.062029497726905136,0.07924390899151912,0.06145722204525095
2021-12-31,,596700000.0,885900000.0,11500000.0,92300000.0,,-30800000.0,1596000000.0,978200000.0,909400000.0,614000000.0,2942800000.0,587900000.0,608200000.0,233900000.0,986280140.0,26100000.0,1531900000.0,356700000.0,877900000.0,3891700000.0,8000000.0,1175200000.0,0,0.25,,2968900000.0,0.22379500825221463,0.5550751879699248,0.5375728384250059,,EQT.ST,472.1541442871094,EQT AB,Financials,Private Equity,0.9220504024343429,,512.0697773576759,,3277700000.0,3.3232951441159506,142.07409327548905,8.30334429994353,56.86312975005991,0.2371537157789672,0.0005022802799645826,0.25720255113261487,0.18732647893339843,4.294645360246706,110.7375,0.6050005224681905,0.0012813623046381635,465676255529.07043,,,,,,,,,,
2022-12-31,-572966818.700114,518200000.0,306900000.0,31000000.0,197400000.0,944900000.0,86900000.0,1497300000.0,504300000.0,176300000.0,2148900000.0,6398700000.0,644900000.0,549200000.0,291000000.0,1185028524.0,1372500000.0,2801100000.0,681000000.0,263100000.0,9602600000.0,43800000.0,2120100000.0,0,0.33029266438616495,5.333181818181818,7902700000.0,0.02600796959265643,0.20496894409937888,0.18946689106254824,-572966818.700114,EQT.ST,213.61972045898438,EQT AB,Financials,Private Equity,0.1487727902151324,-83.8650045786704,1435.8789678548092,-17.12131269852694,7453700000.0,6.289890790848171,33.962389421737235,4.588540461826215,46.55504778396677,0.2455637093170932,0.0011495367037718887,1.6505955757231991,0.28829977058373696,4.113215859030837,7.006849315068493,0.4372890521241158,0.0020470443982632054,253145462032.80286,-6.184210526315792,-65.35726379952591,-80.61359137893116,-13.155689626277866,-88.37866411955636,-0.06184210526315792,-0.6535726379952591,-0.8061359137893116,-0.13155689626277867,-0.838650045786704
2023-12-31,825941877.2563176,881000000.0,750000000.0,24000000.0,418000000.0,47300000.0,100000000.0,2122000000.0,1168000000.0,168000000.0,2146400000.0,6003600000.0,1114000000.0,905000000.0,298000000.0,1183593930.0,906900000.0,2899200000.0,731800000.0,277000000.0,9208300000.0,57100000.0,2167400000.0,0,0.36101083032490977,0.7527692307692307,7036000000.0,0.06811283076411564,0.353440150801131,0.30159181353041503,825941877.2563176,EQT.ST,279.715576171875,EQT AB,Financials,Private Equity,0.1419405724731961,-4.5923839514313,1970.652726687404,-429.1132334597621,7061900000.0,5.966488861597997,46.8811025479664,4.365198048780694,64.07855337743642,0.25177553926793117,0.0009001126884447232,1.7738095238095237,0.30394086577266743,3.961738179830555,13.134851138353765,0.7443431211243201,0.0026610714044288633,331069658083.4839,41.72176584518801,144.37927663734115,-4.707884288145204,70.01157854110383,161.89215010212826,0.1530715219955321,-0.07989311417585343,-0.5701893563956111,0.2150941648263338,-0.6076479325779424
2024-12-31,-1535289655.1724138,447000000.0,1116000000.0,17000000.0,436000000.0,2917600000.0,123000000.0,2653000000.0,1552000000.0,776000000.0,2222000000.0,8096000000.0,1024000000.0,464000000.0,373000000.0,1180449205.0,996000000.0,5954000000.0,869000000.0,899000000.0,11481000000.0,,5085000000.0,0,0.13681868743047831,3.3943605236656595,9294000000.0,0.10364862759065915,0.42065586128910665,0.28545298041747363,-1535289655.1724138,EQT.ST,303.7470703125,EQT AB,Financials,Private Equity,0.6573768669698922,363.13527944522724,462.0592624632342,1.2724163379805347,9259000000.0,7.843624241332773,38.72534697823412,10.771020630041045,28.20039815589347,0.3159814064172291,0.0010402780382116682,0.4806701030927835,0.23998271951614644,6.851553509781358,,0.3786694066179663,0.001246660276355538,358557987671.4697,25.02356267672008,48.8,361.90476190476187,-49.26220204313281,52.171957071655115,0.18459016057391642,0.08000681918288666,-0.051503810555206586,-0.0917951256652918,-0.10665354472384858
2025-08-03,-1535289655.1724138,447000000.0,1116000000.0,17000000.0,436000000.0,2917600000.0,123000000.0,2653000000.0,1552000000.0,776000000.0,2222000000.0,8096000000.0,1024000000.0,464000000.0,373000000.0,1180449205.0,996000000.0,5954000000.0,869000000.0,899000000.0,11481000000.0,,,1,0.13681868743047831,3.3943605236656595,9294000000.0,0.10364862759065915,0.42065586128910665,0.28545298041747363,-1535289655.1724138,EQT.ST,322.20001220703125,EQT AB,Financials,Private Equity,0.6573768669698922,0.0,490.12983023296437,inf,9259000000.0,7.843624241332773,41.07795099479213,10.771020630041045,29.913600880904028,0.3159814064172291,0.000980699548248911,0.4806701030927835,0.23998271951614644,6.851553509781358,,0.3786694066179663,0.0011752619251133062,380340748260.78033,0.0,0.0,0.0,0.0,0.0,0.1354711149149035,0.05942416121944061,-0.038882039899719056,-0.06966818856487389,-0.08110700902834178
2021-12-31,,34440000000.0,30463000000.0,4625000000.0,8458000000.0,,6270000000.0,232314000000.0,38921000000.0,22694000000.0,41134000000.0,107099000000.0,54050000000.0,39065000000.0,,3330142429.0,-12916000000.0,174805000000.0,126952000000.0,29250000000.0,305614000000.0,1213000000.0,47853000000.0,0,0.21435897435897436,,94183000000.0,0.2541114910769732,0.13112855876098728,2.466623488315301,,ERIC-B.ST,86.66636657714844,Telefonaktiebolaget LM Ericsson B,Information Technology,Communications Equipment,6.8147235392615695,,12.717517604028798,,264480000000.0,79.4200265120252,1.091240715766143,110.35204707483325,0.7853625634907996,,,,0.15552782819116756,1.3769377402482827,25.113767518549054,10.341900004061358,0.1193300286202172,288611344505.8295,,,,,,,,,,
2022-12-31,44122597708.15555,24666000000.0,26406000000.0,6197000000.0,10142000000.0,-19670000000.0,5497000000.0,271546000000.0,36548000000.0,18724000000.0,42234000000.0,133304000000.0,38349000000.0,30863000000.0,,3330142429.0,3885000000.0,173803000000.0,145620000000.0,24609000000.0,349537000000.0,1797000000.0,28183000000.0,0,0.22337356251777804,-0.15930938830168828,137189000000.0,0.14948427139315507,0.09724319268190289,1.9793569455277027,44122597708.15555,ERIC-B.ST,54.68855667114258,Telefonaktiebolaget LM Ericsson B,Information Technology,Communications Equipment,5.622582336702813,-17.493610645985726,9.726590629744868,-0.5560081807340805,307303000000.0,92.27923626446189,0.5926420599582266,108.04661534246343,0.5061570554320679,,,,0.13743438886050577,1.1935379755528086,14.69449081803005,7.406890403605617,0.13543766474118704,182120682951.3429,16.887488485411993,-13.317795358303519,-17.493610645985726,-28.379790940766547,-41.17374591774182,0.16887488485411994,-0.1331779535830352,-0.17493610645985724,-0.28379790940766547,-0.17493610645985724
2023-12-31,-6761000000.0,1707000000.0,-20056000000.0,5470000000.0,11157000000.0,-2594000000.0,2785000000.0,263351000000.0,-8899000000.0,-26446000000.0,54328000000.0,97408000000.0,35190000000.0,7177000000.0,,3330142429.0,11683000000.0,154988000000.0,129399000000.0,-23319000000.0,297036000000.0,3263000000.0,25589000000.0,0,0.25,-0.6143776542182917,116546000000.0,-0.129064918572924,-0.07615691605499884,2.2596313901807012,-6761000000.0,ERIC-B.ST,59.53053665161133,Telefonaktiebolaget LM Ericsson B,Information Technology,Communications Equipment,-7.941402076289393,-241.2411877803888,-7.496224983917056,0.031073570201209422,242708000000.0,72.88216800771556,0.816805238907125,,,,,,0.22384099411638678,1.1977526874241686,-6.146490959239963,0.5125906883546091,0.008610550436567157,198245165924.67047,-3.017904885360123,-175.95243505263954,-241.2411877803888,-93.07954269034299,-186.3401328916227,0.06470622830917994,,,-0.7773692295968196,
2024-12-31,10423401313.24836,42621000000.0,6143000000.0,3640000000.0,10020000000.0,-3156000000.0,2215000000.0,247880000000.0,16163000000.0,20000000.0,45536000000.0,92983000000.0,43885000000.0,46261000000.0,,3332672174.0,1651000000.0,154307000000.0,131874000000.0,2589000000.0,292374000000.0,3554000000.0,22433000000.0,0,0.8555426805716493,2.674134419551935,94634000000.0,0.009377193326376973,0.024782152654510246,2.6193545660122153,10423401313.24836,ERIC-B.ST,88.34368133544922,Telefonaktiebolaget LM Ericsson B,Information Technology,Communications Equipment,0.006001190322897928,-100.07556839793838,14721.026426768738,-147.09910383154016,246838000000.0,74.06609084617394,1.1927682469286527,3.162420895757094,27.9354596518056,,,,0.18447726849188537,1.170109346800734,1.7284749577940348,12.78883663761163,0.14476232418990126,294420528535.37476,-5.87466916776469,-130.62923813322698,-100.07562580352416,2396.836555360281,-107.26548579587775,0.021853652548055935,-0.41358831586927625,-0.9041247929069893,0.07362717970638055,-0.9041490578419081
2025-08-03,13706812435.315659,36834000000.0,28280000000.0,3584000000.0,-5681000000.0,-3156000000.0,7519000000.0,245864000000.0,28280000000.0,17309000000.0,43757000000.0,85699000000.0,33620000000.0,40418000000.0,,3333286661.0,3609000000.0,131478000000.0,120743000000.0,25122000000.0,270555000000.0,3158000000.0,,1,0.2992994188360799,-0.2530224940995135,95836000000.0,0.2067679414344887,0.11502293951127453,2.565466004424225,13706812435.315659,ERIC-B.ST,70.26000213623047,Telefonaktiebolaget LM Ericsson B,Information Technology,Communications Equipment,5.192772707645621,86429.04554338599,13.530344209516928,0.00015654857836796212,226798000000.0,68.04035268060613,1.032622544830768,89.1608487196862,0.7880140571241272,,,,0.1929338001216942,1.0889078455893924,8.955034832172261,11.050354723751736,0.15727802999956755,234196727922.52853,-0.8132967564950744,360.36138694448965,86445.0,-13.57781375378334,2105.00883620341,0.014273059300319524,-0.01841777884072493,-0.06547648922114713,0.01694258786399172,-0.06569694720956099
2021-12-31,,9446000000.0,11056000000.0,5221000000.0,6122000000.0,,2398000000.0,101466000000.0,17178000000.0,8620000000.0,56832000000.0,68507000000.0,3904000000.0,14667000000.0,,702342489.0,49157000000.0,51003000000.0,46895000000.0,10411000000.0,175050000000.0,645000000.0,4108000000.0,0,0.23033330131591587,,121435000000.0,0.07007399037057878,0.10896260816431119,0.8355581175114258,,ESSITY-B.ST,262.44598388671875,Essity AB B,Consumer Staples,Household Products,12.273214471579548,,21.383638695017627,,118218000000.0,168.3195903017623,1.5592123496510848,215.5945377547711,1.217312769701239,,,,0.4807389737603411,1.08759995735153,17.14108527131783,13.449278874540651,0.05124589325148846,184326965551.05194,,,,,,,,,,
2022-12-31,5560961790.545252,7458000000.0,8551000000.0,5416000000.0,9012000000.0,4194000000.0,2006000000.0,131320000000.0,17563000000.0,5567000000.0,66578000000.0,76564000000.0,4288000000.0,12874000000.0,,702342489.0,58009000000.0,71020000000.0,62718000000.0,7171000000.0,210600000000.0,1380000000.0,8302000000.0,0,0.2797378329382234,2.8452253628724216,138854000000.0,0.04435566703548513,0.06511574779165398,0.945741570282455,5560961790.545252,ESSITY-B.ST,250.77244567871094,Essity AB B,Consumer Staples,Household Products,7.9263323623298545,-35.417633410672856,31.637891803593163,-0.8932807970749199,144022000000.0,205.05950053663918,1.2229252730180329,191.23498501686893,1.311331426394549,,,,0.46227659663107024,1.132370292420039,6.196376811594203,10.618750989447827,0.04234416967425738,176128143670.60315,29.422663749433298,-22.65738060781476,-35.417633410672856,-21.045945373703155,-36.70166804984996,0.294226637494333,-0.2265738060781476,-0.35417633410672855,-0.21045945373703157,-0.35417633410672855
2023-12-31,1213997263.9149475,14718000000.0,15409000000.0,6850000000.0,7998000000.0,11398000000.0,3275000000.0,147147000000.0,23407000000.0,9554000000.0,55820000000.0,79405000000.0,5159000000.0,21568000000.0,,702342489.0,46523000000.0,86891000000.0,67191000000.0,12792000000.0,202993000000.0,2617000000.0,19700000000.0,0,0.2560193871169481,2.163013021262568,130066000000.0,0.08813984641578082,0.10471841084085982,1.131325634677779,1213997263.9149475,ESSITY-B.ST,235.13674926757812,Essity AB B,Consumer Staples,Household Products,13.603050007131207,71.61846596012215,17.285590301021536,0.24135661200347852,147173000000.0,209.54591571064697,1.1221251842115045,253.2497390512885,0.9284777553905313,,,,0.37928152582335073,1.2931940289622121,5.888039740160489,20.955588235812968,0.08912085542173663,165146529735.95975,12.05223880597015,80.20114606478774,71.61846596012215,97.34513274336283,98.7115791658995,0.20424662031314322,0.18056040311897892,0.052783295941504216,0.24824670601821608,0.052783295941504216
2024-12-31,13891207406.502075,9405000000.0,18634000000.0,7396000000.0,7505000000.0,-80000000.0,4331000000.0,145546000000.0,26139000000.0,20888000000.0,43777000000.0,88741000000.0,10962000000.0,16801000000.0,,694944489.0,28488000000.0,64910000000.0,45290000000.0,16364000000.0,185284000000.0,2270000000.0,19620000000.0,0,0.2646663407479834,1.0362161784241068,121556000000.0,0.11272341477592285,0.12802825223640635,1.197357596498733,13891207406.502075,ESSITY-B.ST,287.28204345703125,Essity AB B,Consumer Staples,Household Products,30.057076976115138,120.95836566327507,9.557883612079777,0.07901796258298574,141507000000.0,203.623458045726,1.41084944836031,371.08938806441313,0.7741586062470891,,,,0.30936278770661524,1.433208213733716,8.208810572687225,13.5334550440618,0.04710860059753786,199645072889.12238,-1.088027618639864,20.929327016678556,118.63093992045215,-36.098654708520186,27.891548896255514,0.12778568593316453,0.1900613582327415,0.34316653968292066,-0.0014489188756496851,0.3479159323278307
2025-08-03,13890800750.968994,7952000000.0,18385000000.0,7084000000.0,7135000000.0,-80000000.0,4154000000.0,143240000000.0,25520000000.0,12295000000.0,,81207000000.0,3927000000.0,15036000000.0,,689762261.0,,54268000000.0,37384000000.0,16512000000.0,167414000000.0,,,1,0.25157461240310075,0.9935352399690816,,,0.1283510192683608,,13890800750.968994,ESSITY-B.ST,240.89999389648438,Essity AB B,Consumer Staples,Household Products,17.824982164398236,-40.696222129108364,13.514739688078508,-0.33208831142122064,,,,,,,,,,1.4516370639845924,,11.528609855331009,0.047856414061533334,166163724464.92526,-1.5843788218157795,-1.3362670387463749,-41.138452700114904,-15.449229133439657,0.0,0.09002370589671993,0.13557651185056763,0.09283681477224892,-0.04212881792729539,0.09778601813336674
2021-12-31,,537303000.0,650291000.0,61592000.0,80646000.0,,42056000.0,1068777000.0,730937000.0,605435000.0,67810000.0,3190950000.0,404794000.0,598895000.0,144382000.0,213205250.0,-336984000.0,809412000.0,370130000.0,647491000.0,3903067000.0,2800000.0,439282000.0,0,0.06495225416260612,,2853966000.0,0.21305549319380285,0.608444043986725,0.3744883435892369,,EVO.ST,1274.4605712890625,Evolution AB,Consumer Discretionary,Leisure Products,2.8396814806389616,,448.80405777139975,,3835257000.0,17.98856735469694,70.84836419484468,33.9019252485473,37.59257216059354,0.6771972078548723,0.0005313598734325034,0.2384764673334049,0.017680692584616884,2.1868316537432793,232.24678571428572,2.520120869443881,0.0019774019896864176,271721684716.8274,,,,,,,,,,
2022-12-31,606888467.0519185,780526000.0,911203000.0,96939000.0,100378000.0,244200000.0,63232000.0,1456737000.0,1011581000.0,843361000.0,79553000.0,3460281000.0,511952000.0,877465000.0,302751000.0,213205250.0,-432399000.0,1109375000.0,425893000.0,906593000.0,4369371000.0,4610000.0,683482000.0,0,0.06974684340161462,0.5206746457131199,3027882000.0,0.2799479857708849,0.6255096149819769,0.4811075860948346,606888467.0519185,EVO.ST,1007.5428466796875,Evolution AB,Consumer Discretionary,Leisure Products,3.955629610434077,39.29835572769993,254.7111195704502,6.481470149421899,4289818000.0,20.120602095867714,50.07518372855316,42.317456352892556,23.809154271410222,1.41999786590621,0.0014093672250125636,0.3589815037688487,0.018544609584835534,2.604820929200527,197.6579175704989,3.6609136032063,0.003633506619863043,214813424512.05444,36.299433838864424,40.12234522698299,39.29835572769991,45.26738171943949,31.396746253444064,0.36299433838864426,0.4012234522698299,0.3929835572769991,0.4526738171943949,0.3929835572769993
2023-12-31,628561806.316695,1074255000.0,1153618000.0,94192000.0,124683000.0,477459000.0,77749000.0,1798601000.0,1278301000.0,1070858000.0,79457000.0,4006215000.0,972458000.0,1168447000.0,427398000.0,213565076.0,-893001000.0,1722264000.0,561323000.0,1148607000.0,4973484000.0,5011000.0,1160941000.0,0,0.06768981905908636,0.6472293559903669,3113214000.0,0.34547249444358624,0.6413973971992677,0.5777312449449348,628561806.316695,EVO.ST,1194.6119384765625,Evolution AB,Consumer Discretionary,Leisure Products,5.014199980899499,26.761109474788714,238.24577061688328,8.902686596059533,4894027000.0,22.91585820895173,52.13036001461668,50.84639274674735,23.494526827627944,2.00125417509743,0.0016752336977726373,0.3991173432892129,0.01623550503501513,3.0682227523190746,230.2171223308721,5.030106139638674,0.004210661201036843,255127389431.2544,23.467791372087078,26.603841295518116,26.975043901721808,37.632186499873164,23.405958250518676,0.2972505564211756,0.3319169327353999,0.3299404059566864,0.41398258027311496,0.3288195558486122
2024-12-31,1513166153.6439729,1164291000.0,1445294000.0,136713000.0,142222000.0,-258135000.0,194909000.0,2063085000.0,1587516000.0,1244015000.0,93662000.0,3971835000.0,787074000.0,1301004000.0,559266000.0,206562243.0,-693412000.0,2005894000.0,1103088000.0,1438924000.0,5346772000.0,6370000.0,902806000.0,0,0.13545468697443366,0.01663487645805092,3278423000.0,0.3811351230893551,0.7005499046331102,0.6292918882035662,1513166153.6439729,EVO.ST,849.1984252929688,Evolution AB,Consumer Discretionary,Leisure Products,6.022470427957156,20.108301441873945,141.00499711063256,7.012277865349722,5253110000.0,25.431123925198662,33.39209182381172,58.703145701550866,14.465978188125172,2.707493837583861,0.003188293521210653,0.4495653187461566,0.01782981890727588,1.818435156578623,226.89073783359498,5.63651412325146,0.006637452396719758,175412331480.58356,14.704984596361292,25.283586074419784,16.169931027269712,8.381250261809337,10.322856151893255,0.24511655468441895,0.30501694889407993,0.27131361410665344,0.2940391775724487,0.2847984845470486
2025-08-03,1511087917.0437534,1138743000.0,1432372000.0,134347000.0,150834000.0,-258135000.0,191507000.0,2098437000.0,1583206000.0,1208701000.0,89884000.0,3728860000.0,494891000.0,1273090000.0,572494000.0,203367770.0,-405007000.0,1574460000.0,969294000.0,1400208000.0,4953773000.0,,,1,0.13677039411287467,0.021796085794989786,3323853000.0,0.3719977739821086,0.6825899467079546,0.6313266561427355,1511087917.0437534,EVO.ST,863.0,Evolution AB,Consumer Discretionary,Leisure Products,5.943424565259284,-1.3125155804988298,145.20248225988064,-110.62914941146491,4863889000.0,23.916715023231067,36.0835507368692,56.553618900659124,15.25985457298369,2.8150675006172317,0.003261955388895981,0.4736440194886907,0.01847986251330982,1.6243368884982265,,5.599427087192823,0.00648832802687465,175506385510.0,1.7135503384494655,-0.8940741468517865,-2.8387117518679394,-2.1942967866280805,-2.3974041104325883,0.1837287861225123,0.21825168250852167,0.18867420794144008,0.2065674741746757,0.20279546355137068
2021-12-31,,47648000000.0,,1733000000.0,2118000000.0,,4627000000.0,43806000000.0,,19527000000.0,1438325000000.0,181731000000.0,292839000000.0,49381000000.0,16666000000.0,1980028494.0,1142072000000.0,,,23475000000.0,3346764000000.0,5511000000.0,,0,0.19710330138445153,,1327217000000.0,,,0.03300590634387594,,SHB-A.ST,87.4659194946289,Handelsbanken A,Financials,Banks,9.861979289273803,,8.86900255304324,,1908439000000.0,963.8442102136738,0.09074694703539139,462.462714045477,0.1891307490056978,8.417050588161889,0.09623234554435527,0.853484918318226,0.7536656922228062,,,24.06430015749056,0.27512773313917194,173185012853.27533,,,,,,,,,,
2022-12-31,,-39795000000.0,,1497000000.0,4301000000.0,,5431000000.0,49328000000.0,,21676000000.0,1660193000000.0,194024000000.0,480472000000.0,-38298000000.0,9900000000.0,1980028494.0,1176703000000.0,,,26829000000.0,3453718000000.0,30793000000.0,,0,0.202430206120243,,1373745000000.0,,,0.03590768301249504,,SHB-A.ST,99.190673828125,Handelsbanken A,Financials,Banks,10.947317205628051,11.005274747785121,9.060728940706198,0.8233078363200088,1793525000000.0,905.8076716748501,0.10950522603183539,472.34911660244416,0.20999440951979065,4.999928046490022,0.05040723944625849,0.45672633327182144,0.9256592464560014,,,-20.09819561717883,-0.2026218276529148,196400360518.74756,12.60557914440945,,11.005274747785121,-183.51872061786435,,0.1260557914440945,,0.11005274747785121,,0.11005274747785121
2023-12-31,,21336000000.0,,1789000000.0,1748000000.0,,8417000000.0,62040000000.0,,29107000000.0,1851296000000.0,205086000000.0,482453000000.0,23125000000.0,15840000000.0,1980028494.0,1365986000000.0,,,36322000000.0,3537792000000.0,112228000000.0,,0,0.2317328340950388,,1573929000000.0,,,0.03941727994083596,,SHB-A.ST,109.44999694824219,Handelsbanken A,Financials,Banks,14.700293499917683,34.28215537922126,7.445429368390167,0.21718090026810022,1686496000000.0,851.7533990599228,0.1284996303731124,530.7759051652599,0.2062075461284633,7.999884874384035,0.07309168659152271,0.544198989933693,1.097717397491604,,,10.775602505041526,0.09845228693918741,216714112625.73257,25.770353551735315,,34.28215537922126,-153.6147757255937,,0.19006064975236825,,0.22090243474223725,-0.3308335427701631,0.22090243474223725
2024-12-31,,42902000000.0,,1627000000.0,2435000000.0,,7795000000.0,62314000000.0,,27451000000.0,1839117000000.0,210028000000.0,542542000000.0,44529000000.0,25740000000.0,1980028494.0,1293824000000.0,,,35016000000.0,3539173000000.0,124283000000.0,,0,0.22261251999086132,,1506603000000.0,,,0.04136059731727602,,SHB-A.ST,114.19999694824219,Handelsbanken A,Financials,Banks,13.863941899413899,-5.689353076579506,8.237195292420406,-1.4478263488917948,1700056000000.0,858.6017853539031,0.13300694093149437,517.5240269830861,0.22066607731040577,12.999812920874056,0.11383374140338937,0.9376707588066008,1.0817978937164423,,,21.667364954597467,0.18973174722953423,226119247972.23257,0.4416505480335342,,-5.6893530765795175,101.07799025121862,,0.12464988638278673,,0.12023089984572777,-0.034369545786844924,0.12023089984572777
2025-08-03,,72365000000.0,,1489000000.0,,,7425000000.0,60093000000.0,,25864000000.0,1571305000000.0,188548000000.0,631766000000.0,73854000000.0,29700000000.0,1980028494.0,939539000000.0,,,33538000000.0,3660767000000.0,106104000000.0,,1,0.22139066133937624,,1128087000000.0,,,0.05326982759308457,,SHB-A.ST,118.6500015258789,Handelsbanken A,Financials,Banks,13.062438282264438,-5.78121015627846,9.083296622115052,-1.5711756494875884,2089462000000.0,1055.2686521085993,0.11243582502787021,556.9098552602401,0.21305064079075164,14.999784139470066,0.12642042938531647,1.1483142592019795,0.7520141548398583,,,36.54745384689398,0.30802741994843186,234930383834.38373,-3.564207080270887,,-5.78121015627846,68.67512004102372,,0.0822374834588504,,0.0727908021803576,0.1101226726813953,0.0727908021803576
2021-11-30,,41155000000.0,15458000000.0,3464000000.0,22320000000.0,,3290000000.0,198967000000.0,37778000000.0,11010000000.0,66691000000.0,60018000000.0,27471000000.0,44619000000.0,,1655072000.0,39220000000.0,78986000000.0,60997000000.0,14300000000.0,179781000000.0,1158000000.0,17989000000.0,0,0.23006993006993007,,99238000000.0,0.11992965417460066,0.07769127543763539,2.0049477014853183,,HM-B.ST,136.08172607421875,Hennes & Mauritz AB B,Consumer Discretionary,Textile Apparel & Luxury Goods,6.652278571566675,,20.456408223170698,,113090000000.0,68.32935364745461,1.9915558806004898,101.13002837562233,1.3456114693133183,,,,0.5897161552745601,1.2949161434168894,13.348877374784111,24.865987703253996,0.18272833848162778,225225054537.10938,,,,,,,,,,
2022-11-30,27574654118.404118,18734000000.0,7331000000.0,6011000000.0,22579000000.0,-6801000000.0,2650000000.0,223553000000.0,29910000000.0,3566000000.0,72635000000.0,50757000000.0,21707000000.0,24745000000.0,,1629686837.0,50928000000.0,79523000000.0,68335000000.0,6216000000.0,182048000000.0,1115000000.0,11188000000.0,0,0.4263191763191763,4.65477462080752,101685000000.0,0.04135963139503485,0.03279311841039932,2.1984855190047696,27574654118.404118,HM-B.ST,104.78597259521484,Hennes & Mauritz AB B,Consumer Discretionary,Textile Apparel & Luxury Goods,2.188150458749763,-67.10675244265316,47.88791930472921,-0.7136080582300921,109413000000.0,67.13743862680533,1.5607681010543935,57.492637662894566,1.822598107424164,,,,0.6638607843674883,1.1637228360283896,6.574887892376681,11.495460093723516,0.10970418853800348,170768320240.66437,12.356822990747208,-52.57471859231466,-67.61126248864669,-54.47940711942656,-65.51342394865823,0.12356822990747207,-0.5257471859231466,-0.6761126248864668,-0.5447940711942656,-0.6710675244265316
2023-11-30,22728694696.387398,24985000000.0,15153000000.0,8964000000.0,22955000000.0,1414000000.0,4294000000.0,236035000000.0,38108000000.0,8745000000.0,77970000000.0,47510000000.0,26398000000.0,33949000000.0,,1622548047.0,51572000000.0,80529000000.0,67927000000.0,13010000000.0,181273000000.0,2143000000.0,12602000000.0,0,0.33005380476556495,3.0696196703195504,99082000000.0,0.10245750687700485,0.06419810621306163,2.3822187682929292,22728694696.387398,HM-B.ST,157.3796844482422,Hennes & Mauritz AB B,Consumer Discretionary,Textile Apparel & Luxury Goods,5.389670904457352,146.31171421076928,29.200240095937293,0.19957554494832108,103303000000.0,63.667143904306215,2.471913687298255,87.86786354575895,1.7910949247819548,,,,0.7547699485978142,1.1855226934797651,7.070928604759683,15.39861950232898,0.09784375636738019,255356099638.97162,5.58346342925391,106.69758559541674,145.23275378575434,33.36713995943206,147.72345260626446,0.08917503236489566,-0.009914591403763495,-0.1087772842014666,-0.22083690527978905,-0.09988932948168538
2024-11-30,27978061969.824516,20308000000.0,18196000000.0,11448000000.0,22252000000.0,-3525000000.0,3859000000.0,234478000000.0,40448000000.0,11621000000.0,76954000000.0,46211000000.0,17340000000.0,31756000000.0,,1604491375.0,59614000000.0,75727000000.0,66650000000.0,15443000000.0,180214000000.0,2753000000.0,9077000000.0,0,0.24988668004921324,2.1046941480086487,105825000000.0,0.1289776703975858,0.07760216310272179,2.215714623198677,27978061969.824516,HM-B.ST,147.4936065673828,Hennes & Mauritz AB B,Consumer Discretionary,Textile Apparel & Luxury Goods,7.242793685942998,34.382855917103974,20.364187213235443,0.5922773623672473,103260000000.0,64.35684330182205,2.2918092156208507,102.40983894166294,1.440228869526897,,,,0.7452450125895796,1.1361890472618155,6.60951689066473,12.65697049945189,0.08581368910841246,236652219605.0091,-0.6596479335691741,20.081831980465914,32.88736420811893,-18.719231538923353,25.884060942861975,0.05626693040035269,0.05586292783711744,0.01816632123244588,-0.2097796985332001,0.028754849829120133
2025-08-03,25709284828.316444,15865000000.0,16312000000.0,12053000000.0,22110000000.0,-3525000000.0,3392000000.0,233251000000.0,38422000000.0,9872000000.0,56414000000.0,36520000000.0,16262000000.0,27918000000.0,,1604491375.0,40152000000.0,72459000000.0,72739000000.0,13222000000.0,168293000000.0,,,1,0.2565421267584329,2.371362229102167,76672000000.0,0.15817097282340936,0.06993324787460718,3.0421927170283807,25709284828.316444,HM-B.ST,128.35000610351562,Hennes & Mauritz AB B,Consumer Discretionary,Textile Apparel & Luxury Goods,6.1527286178151,-15.050339901901733,20.860664280215577,-1.386059345914152,111879000000.0,69.72863908352265,1.8407071726980773,98.2495870033866,1.3063668766270895,,,,0.5042411891418407,0.9961506207124101,,9.887868671154434,0.07703831866731478,205936477774.28818,-0.5232900314741662,-10.353923939327325,-15.050339901901733,-21.878077604884773,22.634384956583943,0.040544398491715095,0.013534362526664179,-0.026906756928665287,-0.21203964424652244,-0.019326741085621046
2021-12-31,,898700000.0,1003400000.0,424900000.0,578900000.0,,173600000.0,4341100000.0,1582300000.0,801600000.0,2937900000.0,8764700000.0,429300000.0,1323600000.0,,2696127888.0,2296000000.0,2271700000.0,2354500000.0,983600000.0,14095000000.0,19800000.0,-82800000.0,0,0.17649450996339974,,11273300000.0,0.07329756226683622,0.23113957291930617,0.38507801619756415,,HEXA-B.ST,143.01220703125,Hexagon AB B,Information Technology,Electronic Equipment & Instruments,0.2973152733473005,,481.01197567537776,,11157100000.0,4.13819390751393,34.55908790827212,5.261448059942657,27.18114963826302,,,,0.26332111390952845,0.9648332979401146,50.676767676767675,0.3333298854256724,0.0023307792554577915,385579199701.3828,,,,,,,,,,
2022-12-31,888570480.7692308,763300000.0,1283600000.0,567500000.0,467000000.0,59100000.0,228900000.0,5160500000.0,1750600000.0,1007600000.0,3874100000.0,9864600000.0,390900000.0,1330800000.0,,2689677888.0,3275300000.0,2643700000.0,2667400000.0,1248000000.0,16477000000.0,35600000.0,-23700000.0,0,0.18341346153846153,1.036882525836731,13347800000.0,0.07852758362945436,0.24873558763685688,0.38661801944889795,888570480.7692308,HEXA-B.ST,108.6090316772461,Hexagon AB B,Information Technology,Electronic Equipment & Instruments,0.3746173489752837,26.00003516727678,289.9199195507943,11.150751054201756,12602900000.0,4.685654016872372,23.179054895252712,6.284493928341616,17.28206485926328,,,,0.3073975037491371,0.9911149433905676,36.056179775280896,0.28378862889324535,0.0026129376582288404,292123310939.3804,18.875400244177754,27.925054813633654,25.698602794411187,-15.06620674307333,7.135327834749128,0.18875400244177754,0.27925054813633654,0.25698602794411185,-0.1506620674307333,0.2600003516727678
2023-12-31,1243656340.1527293,743800000.0,1214800000.0,626600000.0,563000000.0,-308800000.0,188900000.0,5435200000.0,1777800000.0,858900000.0,4083400000.0,10046100000.0,414100000.0,1370400000.0,,2684377888.0,3457800000.0,2752100000.0,3084600000.0,1060700000.0,16883800000.0,154100000.0,-332500000.0,0,0.17808994060526068,0.8585632127887708,13715400000.0,0.07279819328293227,0.22350603473653224,0.39628446855359667,1243656340.1527293,HEXA-B.ST,120.63968658447266,Hexagon AB B,Information Technology,Electronic Equipment & Instruments,0.3199624031473172,-14.589539426689091,377.0433194581542,-25.84340111302056,12800400000.0,4.768479153856001,25.299405259414446,5.8590968682961,20.590150546453795,,,,0.3190056560732477,0.8922064449199247,7.883192731992213,0.2770846844347125,0.0022967954599309747,323842507082.60864,5.323127603914357,-5.3599252103459065,-14.757840412862244,-2.554696711646798,-7.296022724393492,0.11894275764598095,0.10031071770808841,0.035124164498222754,-0.09025282394769107,0.0373871522190008
2024-12-31,617140599.0016639,955900000.0,1433600000.0,632300000.0,577500000.0,503700000.0,227100000.0,5401100000.0,2011100000.0,1023400000.0,3831000000.0,11196100000.0,513400000.0,1588200000.0,,2684377888.0,3113700000.0,2951400000.0,2780200000.0,1262100000.0,17850500000.0,171500000.0,171200000.0,0,0.17993819824102686,1.4202237878159967,14513700000.0,0.0810021289541374,0.26542741293440225,0.3721380488779567,617140599.0016639,HEXA-B.ST,105.44282531738281,Hexagon AB B,Information Technology,Electronic Equipment & Instruments,0.3812428960076429,19.152404237978814,276.5764986615487,14.440823993945541,14019500000.0,5.222625347448846,20.189620794623846,6.693242732416569,15.753623397924057,,,,0.27326224187738507,1.0615783037191568,8.359183673469389,0.35609740501632386,0.0033771610723107143,283048388730.229,-0.627391816308509,18.011195258478764,19.152404237978814,28.515730034955645,11.269422084859016,0.07554225189521535,0.12629277591843824,0.0848322014744416,0.020780989335520417,0.08641273219544288
2025-08-03,561930795.0438824,912800000.0,1317100000.0,634100000.0,619600000.0,503700000.0,209100000.0,5440500000.0,1936700000.0,941900000.0,4399400000.0,10043800000.0,575500000.0,1546900000.0,,2684377888.0,3627500000.0,2722200000.0,3460300000.0,1162200000.0,17072600000.0,154900000.0,,1,0.17991739803820342,1.5861010830324909,13867700000.0,0.07788824354751563,0.24209171951107436,0.3923145150241208,561930795.0438824,HEXA-B.ST,106.0,Hexagon AB B,Information Technology,Electronic Equipment & Instruments,0.35088204392182804,-7.963650576509684,302.0958234717061,-37.93433935471701,12673200000.0,4.721093873054582,22.452423707350945,6.105105160748236,17.362518287401414,,,,0.3471420004418774,0.7866947952489669,8.502905100064558,0.3400415433611261,0.00320793908831251,284544056128.0,0.7294810316416989,-8.12639508928571,-7.963650576509673,-4.508839836803014,-3.844201932500846,0.058058684244322034,0.07037550829390615,0.04114632881055735,0.0038994641740803804,0.042283784160024096
2021-12-31,,6988000000.0,,,,,81000000.0,26687000000.0,,26594000000.0,7224000000.0,143079000000.0,697000000.0,,3590000000.0,431899108.0,6527000000.0,,,26675000000.0,150752000000.0,41000000.0,,0,0.003036551077788191,,149606000000.0,,,0.17838188307955563,,INDU-C.ST,257.5678405761719,Industrivärden C,Financials,Investment Banking & Brokerage,61.57456569694976,,4.18302326067289,,143528000000.0,332.31835246114935,0.7750635457495042,678.5300730868352,0.3795967942944948,8.312126451532286,0.032271600495381324,0.13499285553132284,0.05033164260632072,,,16.179704636018837,0.0628172546690041,111243320594.33484,,,,,,,,,,
2022-12-31,,5237000000.0,,,,,-10000000.0,-13964000000.0,,-13967000000.0,8182000000.0,126180000000.0,795000000.0,,2915000000.0,431899108.0,7387000000.0,,,-13977000000.0,134756000000.0,81000000.0,,0,0.0007154611146884167,,133567000000.0,,,-0.10454678176495691,,INDU-C.ST,235.3651580810547,Industrivärden C,Financials,Investment Banking & Brokerage,-32.3385710720199,-152.51936527036173,-7.278155783596085,0.047719552010294194,126574000000.0,293.06381433878767,0.8031191384445977,,,6.749261450199615,0.028675703342103485,-0.20870623612801606,0.0646420275886043,,,12.125517054784007,0.05151789310552176,101654001829.48651,-152.32510210964142,,-152.51936527036173,-25.057240984544936,,,,,-0.2505724098454494,
2023-12-31,,6057000000.0,,,,,143000000.0,27000000000.0,,26844000000.0,8200000000.0,149880000000.0,869000000.0,,3131000000.0,431899108.0,7331000000.0,,,26987000000.0,158526000000.0,197000000.0,,0,0.0052988475932856565,,157211000000.0,,,0.17174370750138349,,INDU-C.ST,312.9801940917969,Industrivärden C,Financials,Investment Banking & Brokerage,62.15340458633223,-292.19589031288035,5.035608204809788,-0.017233672244389577,150326000000.0,348.0581395412375,0.8992181435674064,697.669307942978,0.44860823104658837,7.24937825062607,0.02316241854109092,0.11663686484875578,0.054548115429134014,,,14.024108611958514,0.044808294188242635,135175866649.91394,-293.35433973073617,,-292.19589031288035,15.657819362230274,,0.005847183708989734,,0.00468931350963131,-0.06899430266422879,0.00468931350963131
2024-12-31,,8290000000.0,,,,,68000000.0,12735000000.0,,12654000000.0,7789000000.0,159178000000.0,843000000.0,,3347000000.0,431899108.0,6946000000.0,,,12722000000.0,167444000000.0,181000000.0,,0,0.005345071529633706,,166124000000.0,,,0.07665960366954805,,INDU-C.ST,340.05169677734375,Industrivärden C,Financials,Investment Banking & Brokerage,29.298509224983164,-52.86097451944569,11.606450490913643,-0.21956557926574052,159655000000.0,369.6580915374338,0.919908706348196,493.6443027246252,0.6888597617767673,7.749495051052525,0.022789167425112646,0.2645013434487119,0.04878644577369954,,,19.194297571922746,0.056445233927153816,146868024512.02124,-52.83333333333333,,-52.86097451944569,36.86643552913984,,-0.21855263476809383,,-0.2193050167990721,0.058604846828889334,-0.2193050167990721
2025-08-03,,9247000000.0,,,,,49000000.0,13175000000.0,,13113000000.0,,165216000000.0,2595000000.0,,3563000000.0,431899108.0,,,,13162000000.0,172000000000.0,185000000.0,,1,0.0037228384743959887,,,,,,,INDU-C.ST,357.5,Industrivärden C,Financials,Investment Banking & Brokerage,30.36125742588938,3.62731152204836,11.774874636620149,3.246171321389794,,,,,,8.24961185147898,0.02307583734679435,0.27171509189354076,,,,21.410092840478846,0.05988837158175901,154403931110.0,3.4550451511582203,,3.62731152204836,11.544028950542828,,-0.16177093219904848,,-0.16202782279002148,0.0725362765970543,-0.16202782279002148
2021-12-31,,10457000000.0,,3799000000.0,,,357000000.0,264794000000.0,,228065000000.0,87112000000.0,683505000000.0,18330000000.0,,10722000000.0,3063457767.0,66878000000.0,,,228322000000.0,795542000000.0,2103000000.0,,0,0.0015635812580478447,,752287000000.0,,,0.35198534601820847,,INVE-B.ST,211.76942443847656,Investor AB B,Financials,Asset Management & Custody Banks,74.44692153316048,,2.844569259242631,,708430000000.0,231.25175990062866,0.9157527040203981,622.3821868706284,0.3402562427168181,3.4999666440643966,0.016527252002241758,0.047012912985333125,0.12296486597123216,,,3.413463084963756,0.016118772074933972,648746688109.1707,,,,,,,,,,
2022-12-31,,12242000000.0,,4368000000.0,,,1079000000.0,-27305000000.0,,-74681000000.0,91156000000.0,605653000000.0,13164000000.0,,12286000000.0,3063045776.0,75826000000.0,,,-73684000000.0,724365000000.0,2489000000.0,,0,0.25,,683645000000.0,,,-0.03994031990287357,,INVE-B.ST,179.2592315673828,Investor AB B,Financials,Asset Management & Custody Banks,-24.381287601103093,-132.7498936141276,-7.352328330652747,0.055384815237775026,633209000000.0,206.7252814050011,0.8671374412894918,,,4.011040284237659,0.022375641405837025,-0.16451306222466222,0.14395878769884823,,,3.996675497284504,0.0222955072513639,549079232061.4778,-110.31178954205912,,-132.7454892245632,17.06990532657551,,,,,0.17069905326575507,
2023-12-31,,17245000000.0,,3721000000.0,,,868000000.0,180485000000.0,,127045000000.0,89116000000.0,717431000000.0,18794000000.0,,13499000000.0,3062900305.0,68095000000.0,,,127686000000.0,838450000000.0,3472000000.0,,0,0.006797926162617671,,787753000000.0,,,0.22911369426711164,,INVE-B.ST,226.56150817871094,Investor AB B,Financials,Asset Management & Custody Banks,41.47865988083474,-270.1249768242679,5.462122181131361,-0.020220722442430016,749334000000.0,244.64851133964675,0.9260694329922755,477.83164276209186,0.47414505006214896,4.4072606535588825,0.019452821836277903,0.10625368963753003,0.11892694045645867,,,5.6302844633397235,0.02485101952489906,693935312501.8337,-760.9961545504486,,-270.1168972027691,40.86750530958994,,-0.17440607839964062,,-0.2536380888423233,0.2841863381217138,-0.2535701712752435
2024-12-31,,19162000000.0,,4420000000.0,,,1217000000.0,168909000000.0,,113338000000.0,98937000000.0,819752000000.0,17220000000.0,,14704000000.0,3063031333.0,78767000000.0,,,114386000000.0,952090000000.0,3919000000.0,,0,0.01063941391429021,,901469000000.0,,,0.18737083582463734,,INVE-B.ST,288.8344421386719,Investor AB B,Financials,Asset Management & Custody Banks,37.00190682966154,-10.792906675467806,7.805933987897506,-0.7232466862370203,853153000000.0,278.5322470614113,1.036987441080706,481.549629564294,0.5998020233137947,4.800473257189498,0.016620155206021968,0.12973583440681855,0.11596630381654874,,,6.255894216149698,0.02165910052079658,884708946320.3275,-6.413829404105609,,-10.789090479751273,11.116265584227314,,-0.13917497563792736,,-0.20791406597193463,0.22370831000513736,-0.20787730971505058
2025-08-03,,19678000000.0,,4601000000.0,,,1349000000.0,79862000000.0,,23366000000.0,110178000000.0,840301000000.0,37467000000.0,,15164000000.0,3062856046.0,72711000000.0,,,24641000000.0,985316000000.0,2045000000.0,,1,0.054746154782679274,,913012000000.0,,,0.08747092042601849,,INVE-B.ST,280.5,Investor AB B,Financials,Asset Management & Custody Banks,7.628827358868305,-79.38261021523121,36.76842938042455,-0.46317989898207906,875138000000.0,285.7261284424074,0.9817093085924733,221.45991596813076,1.266594899459663,4.9509346088281685,0.01765039076231076,0.6489771462809211,0.12589785839490458,,,6.424722450047526,0.022904536363805798,859131120903.0,-52.718919654962136,,-79.38379007923203,2.6928295585012085,,-0.25893208522036926,,-0.4342410503122883,0.17123343616643605,-0.43421326546386674
2021-12-31,,2626000000.0,3133000000.0,312000000.0,939000000.0,,641000000.0,17480000000.0,4072000000.0,2390000000.0,6908000000.0,10756000000.0,1509000000.0,2938000000.0,,454216300.0,4546000000.0,7007000000.0,7749000000.0,3070000000.0,24876000000.0,63000000.0,-742000000.0,0,0.20879478827361564,,16155000000.0,0.1534414068919073,0.17923340961098397,1.0820179510987311,,LIFCO-B.ST,262.86981201171875,Lifco AB B,Industrials,Specialty Industrial Machinery,5.261810287301446,,49.95805581324621,,17968000000.0,39.558245708047025,6.645133203119904,68.43485694307765,3.841168430152007,,,,0.3844612644701692,0.9042457091237579,49.73015873015873,5.781386533244183,0.02199334525710563,119399753393.65845,,,,,,,,,,
2022-12-31,3796217595.002603,2721000000.0,3970000000.0,348000000.0,1151000000.0,-71000000.0,1014000000.0,21552000000.0,5121000000.0,2784000000.0,8263000000.0,13339000000.0,1703000000.0,3069000000.0,,454216300.0,5520000000.0,8756000000.0,9569000000.0,3842000000.0,29771000000.0,128000000.0,-813000000.0,0,0.2639250390421655,0.48308525033829497,19899000000.0,0.14685248479836188,0.18420564216778026,1.0830695009799487,3796217595.002603,LIFCO-B.ST,170.33328247070312,Lifco AB B,Industrials,Specialty Industrial Machinery,6.129238426714321,16.48535564853557,27.790284960739093,1.685755864369706,21508000000.0,47.35188939718808,3.597180273884026,80.8096402144717,2.1078336943294445,,,,0.3841826297191743,0.9150381440066883,31.015625,5.99053798817876,0.03516950945396779,77368153330.69763,23.295194508009143,26.715608043408867,16.48535564853557,3.617669459253614,-4.294096506940281,0.23295194508009143,0.26715608043408867,0.1648535564853557,0.03617669459253614,0.1648535564853557
2023-12-31,5094639231.824417,3977000000.0,4800000000.0,481000000.0,1482000000.0,-447000000.0,1051000000.0,24454000000.0,6282000000.0,3274000000.0,9521000000.0,15332000000.0,1591000000.0,4458000000.0,,454216300.0,6751000000.0,9261000000.0,10521000000.0,4374000000.0,34291000000.0,426000000.0,-1260000000.0,0,0.24028349336991311,0.4043744998666311,23262000000.0,0.15676378780089487,0.19628690602764373,1.051242369529705,5094639231.824417,LIFCO-B.ST,243.66064453125,Lifco AB B,Industrials,Specialty Industrial Machinery,7.208019615324241,17.60057471264367,33.80410397513733,1.9206250095261708,24770000000.0,54.53348988136269,4.468091902083149,94.04395492019323,2.5909229863633785,,,,0.3843762616067824,0.8802395209580839,11.267605633802816,8.755740381840106,0.03593415916092746,110674636414.59961,13.465107646622121,20.906801007556687,17.60057471264367,46.159500183755966,6.749155804984741,0.18278072850222205,0.23777133616253954,0.1704163690701903,0.23063832129387807,0.1704163690701903
2024-12-31,5044984732.824428,3949000000.0,4970000000.0,536000000.0,1684000000.0,-160000000.0,1105000000.0,26137000000.0,6654000000.0,3301000000.0,10356000000.0,18409000000.0,1517000000.0,4485000000.0,,454216300.0,7632000000.0,10000000000.0,11420000000.0,4454000000.0,38889000000.0,516000000.0,-1420000000.0,0,0.2480916030534351,0.5329883570504528,27248000000.0,0.13714712025926407,0.19015189195393503,0.9592263652378156,5044984732.824428,LIFCO-B.ST,318.4849853515625,Lifco AB B,Industrials,Specialty Industrial Machinery,7.26746266041091,0.8246792913866985,43.823408558600704,53.13994060031704,28533000000.0,62.81808909103438,5.069956599444184,101.35029664247566,3.142417890251011,,,,0.3629481652823047,0.8756567425569177,9.631782945736434,8.694095742490967,0.027298290790361474,144661071651.94092,6.882309642594264,3.541666666666665,0.8246792913866763,-0.7040482775961809,-12.513519746375268,0.143505092893232,0.16626881899517376,0.11365124724473419,0.1456821251845155,0.11365124724473419
2025-08-03,5248392857.142857,3916000000.0,5084000000.0,498000000.0,1759000000.0,-160000000.0,1135000000.0,27281000000.0,6843000000.0,3416000000.0,11292000000.0,18053000000.0,1210000000.0,4414000000.0,,454216300.0,10082000000.0,10739000000.0,12347000000.0,4592000000.0,40039000000.0,,,1,0.24716898954703834,0.5310205115219043,28135000000.0,0.1360367107568103,0.18635680510245226,0.9696463479651679,5248392857.142857,LIFCO-B.ST,339.79998779296875,Lifco AB B,Industrials,Specialty Industrial Machinery,7.520646000594871,3.483792790063611,45.18228723517782,12.96928088376715,28747000000.0,63.289230263202796,5.369001746108026,103.48650960556593,3.2835196499340906,,,,0.39280620586495985,0.8697659350449501,,8.621443131829484,0.025372111364177868,154342693195.36743,4.376936909362206,2.293762575452707,3.483792790063611,-0.835654596100277,-0.8096484274366489,0.11771148703350875,0.12865519980618156,0.09340231802900578,0.10506287875000808,0.09340231802900578
2021-12-31,,1938000000.0,4514000000.0,1324000000.0,1298000000.0,,940000000.0,30832000000.0,5812000000.0,3320000000.0,9782000000.0,21657000000.0,4522000000.0,3262000000.0,,2016066488.0,4153000000.0,16271000000.0,8980000000.0,4318000000.0,43394000000.0,196000000.0,7291000000.0,0,0.2176933765632237,,26917000000.0,0.13119337586631527,0.14640633108458745,1.1454471152060037,,NIBE-B.ST,132.85504150390625,NIBE Industrier AB B,Industrials,Building Products,1.6467710860535865,,80.67608341502245,,33612000000.0,16.672069200130466,7.9687194138365625,24.854362470758254,5.34534095011342,,,,0.291027014161609,1.8119153674832962,23.03061224489796,0.9612778207144128,0.007235538898884383,267844596937.8745,,,,,,,,,,
2022-12-31,2844356828.1938324,373000000.0,5935000000.0,2241000000.0,1597000000.0,1108000000.0,1280000000.0,40071000000.0,7532000000.0,4351000000.0,11143000000.0,27973000000.0,4627000000.0,2614000000.0,,2016066488.0,4948000000.0,22152000000.0,13753000000.0,5675000000.0,53994000000.0,260000000.0,8399000000.0,0,0.22555066079295155,1.0625134264232008,34489000000.0,0.13327022610669584,0.14811210102068828,1.1618487053843254,2844356828.1938324,NIBE-B.ST,94.86136627197266,NIBE Industrier AB B,Industrials,Building Products,2.158162950427456,31.054216867469876,43.95468203788039,1.4154175011228216,42851000000.0,21.254755364000673,4.463065542153452,32.12635327588822,2.952758610893099,,,,0.2600406058201676,1.6107031193194212,22.826923076923077,0.18501373948734573,0.0019503592111134195,191246821546.81757,29.965620134924762,31.479840496233933,31.054216867469876,-80.75335397316822,1.5830450483238279,0.29965620134924764,0.31479840496233935,0.31054216867469875,-0.8075335397316822,0.31054216867469875
2023-12-31,3334152266.624546,-1140000000.0,7213000000.0,3720000000.0,1824000000.0,234000000.0,1535000000.0,46649000000.0,9037000000.0,4785000000.0,20960000000.0,30207000000.0,3756000000.0,2580000000.0,,2016066488.0,15222000000.0,24198000000.0,15565000000.0,6331000000.0,68104000000.0,882000000.0,8633000000.0,0,0.24245774759121783,1.017611835153223,47411000000.0,0.115250728029878,0.15462282149670947,0.9839277804728861,3334152266.624546,NIBE-B.ST,69.57166290283203,NIBE Industrier AB B,Industrials,Building Products,2.3734336285441,9.974718455527466,29.3126641782304,2.9386958949189044,47144000000.0,23.384149421960927,2.9751632889197452,35.337888289937446,1.9687555275520734,,,,0.44459528253860514,1.5546418246064888,8.178004535147393,-0.5654575415967135,-0.008127699094766004,140261098092.83246,16.415861845224722,21.533277169334465,9.974718455527466,-405.63002680965144,-13.521023114638876,0.23004307559761328,0.2640876511226855,0.20052699271651697,,0.20052699271651697
2024-12-31,2690488281.25,1359000000.0,2955000000.0,2647000000.0,2245000000.0,-857000000.0,374000000.0,40521000000.0,5200000000.0,1173000000.0,24338000000.0,32140000000.0,5028000000.0,4006000000.0,,2016066488.0,16893000000.0,23427000000.0,15651000000.0,1536000000.0,70406000000.0,1419000000.0,7776000000.0,0,0.24348958333333334,1.5633475397132894,51450000000.0,0.04344972363945578,0.07292514992226252,0.7875801749271137,2690488281.25,NIBE-B.ST,42.94518280029297,NIBE Industrier AB B,Industrials,Building Products,0.5818260493797762,-75.4858934169279,73.81103483777038,-0.9778122970618253,46068000000.0,22.85043686515561,1.8794031402427855,17.29557852969216,2.48301510854736,,,,0.5283059824607103,1.4968372627947095,2.0824524312896404,0.6740849114297663,0.015696403355981704,86580343864.70465,-13.136401637762862,-59.03230278663525,-75.4858934169279,-219.21052631578948,-62.2998271835717,0.09536657856777597,-0.1317089786938569,-0.2930533467933397,-0.11157270124411522,-0.2930533467933397
2025-08-03,,1861000000.0,4316000000.0,,0.0,-857000000.0,547000000.0,40700000000.0,4316000000.0,2422000000.0,23600000000.0,29946000000.0,4256000000.0,4508000000.0,,2016066488.0,19344000000.0,21750000000.0,14469000000.0,2961000000.0,65983000000.0,,,1,0.18473488686254644,,49290000000.0,0.07138738543926251,0.10604422604422604,0.8257252992493407,,NIBE-B.ST,44.439998626708984,NIBE Industrier AB B,Industrials,Building Products,1.2013492681993334,106.47911338448424,36.991739041318745,0.34740840588844585,42383000000.0,21.0226201627136,2.1139134076887904,23.837973075168158,1.864252404622514,,,,0.5568270297053064,1.5032137673647108,,0.9230846358872664,0.02077148209749226,89593991958.074,0.4417462550282636,46.05752961082909,106.47911338448424,36.938925680647536,64.29882507799687,0.07188496186171278,-0.011151019044762012,-0.07581479068917041,-0.010084441516226006,-0.07581479068917041
2021-12-31,,17174000000.0,,418000000.0,605000000.0,,1105000000.0,9657000000.0,,3831000000.0,183789000000.0,33503000000.0,47904000000.0,17592000000.0,3192000000.0,3932780127.0,134738000000.0,,,4936000000.0,570353000000.0,756000000.0,,0,0.22386547811993518,,169388000000.0,,,0.05701112239355798,,NDA-SE.ST,107.47932434082031,Nordea Bank Abp,Financials,Banks,0.9741200566232417,,110.33478225814814,,386564000000.0,98.29280750939881,1.0934607227547457,46.41500180303822,2.315616075959841,0.8116395773274309,0.007551588012906522,0.8332028191072827,0.4754426175225836,,,4.366885369994141,0.040630003926584154,422692550830.9655,,,,,,,,,,
2022-12-31,,21570000000.0,,405000000.0,586000000.0,,1175000000.0,9677000000.0,,3589000000.0,190282000000.0,30844000000.0,62700000000.0,21975000000.0,2655000000.0,3640871455.0,126502000000.0,,,4762000000.0,594729000000.0,3152000000.0,,0,0.24674506509869804,,158426000000.0,,,0.06108214560741292,,NDA-SE.ST,109.36125183105469,Nordea Bank Abp,Financials,Banks,0.9857530111565007,1.1942013157581588,110.94183897318293,92.9004494545793,404447000000.0,111.08521819537845,0.9844806861585165,49.63676296304084,2.203230938175486,0.7292210210700778,0.006668001772662638,0.7397603789356366,0.47047449974904004,,,5.924405809597582,0.054172805362084034,398170260074.7535,0.2071036553795258,,-6.316888540850951,25.596832421101666,,0.002071036553795258,,-0.06316888540850951,0.2559683242110167,0.011942013157581588
2023-12-31,,-7002000000.0,,530000000.0,609000000.0,,1404000000.0,11737000000.0,,4934000000.0,191051000000.0,31225000000.0,52531000000.0,-6472000000.0,2876000000.0,3519189319.0,137417000000.0,,,6338000000.0,584702000000.0,12278000000.0,,0,0.22152098453770905,,169745000000.0,,,0.06914489381130519,,NDA-SE.ST,122.98831939697266,Nordea Bank Abp,Financials,Banks,1.4020274423320958,42.22908035423756,87.72176327190651,2.0772832971036723,393651000000.0,111.85843224594079,1.0994997598979468,59.40238473717805,2.0704273059259557,0.8172336692637023,0.006644807192021996,0.5828942034860154,0.48533091494750424,,,-1.9896627789236592,-0.01617765645289917,432819179983.5867,21.287589128862262,,37.47561994984676,-132.46175243393603,,0.10244628059361616,,0.13486315592132558,,0.19969821998375337
2024-12-31,,346000000.0,,560000000.0,562000000.0,,1489000000.0,12039000000.0,,5059000000.0,197311000000.0,32436000000.0,50637000000.0,906000000.0,3218000000.0,3487931963.0,145571000000.0,,,6548000000.0,623355000000.0,13486000000.0,,0,0.22739767868051314,,179110000000.0,,,0.06721567751660991,,NDA-SE.ST,119.49629211425781,Nordea Bank Abp,Financials,Banks,1.4504296682578381,3.452302320504619,82.38682283560084,23.864312909756542,426044000000.0,122.14802482372848,0.978290826124308,63.136836951792176,1.8926556647983273,0.9226097395638907,0.007720823158945604,0.6360940897410555,0.46312352714743077,,,0.09919918268772722,0.0008301444415771222,416794936725.3047,2.5730595552526214,,2.5334414268342043,-104.94144530134248,,0.07625717814100796,,0.09711168968741135,-0.7278960288162692,0.14189997404577714
2025-08-03,,4623000000.0,,686000000.0,,,1457000000.0,11843000000.0,,4850000000.0,200545000000.0,30367000000.0,44037000000.0,5309000000.0,3268000000.0,3456660271.0,156508000000.0,,,6307000000.0,636808000000.0,11750000000.0,,1,0.23101315998097352,,186875000000.0,,,0.06337391304347827,,NDA-SE.ST,141.25,Nordea Bank Abp,Financials,Banks,1.4030884205455665,-3.2639464531317053,100.6707759337629,-30.84326822738494,436263000000.0,126.20939455927227,1.1191718373521247,63.12183577478624,2.2377359318884342,0.9454212285243117,0.006693247635570348,0.6738144329896908,0.4596883072825337,,,1.337418096532403,0.009468446701114358,488253263278.75,-1.6280421961957003,,-4.131251235422018,1236.1271676300578,,0.05233708257311198,,0.060736215332966914,-0.27970050761268495,0.09551452174868791
2021-12-31,,3193000000.0,2869000000.0,2520000000.0,1938000000.0,,552000000.0,39154000000.0,4807000000.0,1926000000.0,9716000000.0,23249000000.0,1701000000.0,5713000000.0,,511098036.0,5472000000.0,41532000000.0,25312000000.0,2577000000.0,65039000000.0,292000000.0,16220000000.0,0,0.21420256111757857,,31264000000.0,0.07211018590563162,0.0732747611993666,1.2523669396110542,,SAAB-B.ST,55.75917434692383,Saab AB B,Industrials,Aerospace & Defense,3.7683572706978667,,14.796679386134139,,55323000000.0,108.24342122887751,0.5151276051135034,95.80056041769109,0.5820339056871218,,,,0.17562315854165536,1.640802781289507,9.825342465753424,6.247333730705238,0.1120413600788889,28498404497.69435,,,,,,,,,,
2022-12-31,-534372472.50798225,2344000000.0,3126000000.0,2310000000.0,2127000000.0,2883000000.0,536000000.0,42006000000.0,5253000000.0,2195000000.0,9988000000.0,29876000000.0,2869000000.0,4654000000.0,,529955536.0,4325000000.0,47503000000.0,28400000000.0,2819000000.0,72365000000.0,307000000.0,19103000000.0,0,0.190138346931536,2.8262548262548264,36995000000.0,0.06843161312317932,0.07441794029424367,1.1354507365860251,-534372472.50798225,SAAB-B.ST,100.86189270019531,Saab AB B,Industrials,Aerospace & Defense,4.1418569123127345,9.911471094291935,24.35185348879567,2.4569363374141324,62377000000.0,117.70232738921705,0.8569235200138913,104.73246612954989,0.9630432322240284,,,,0.16012312230469564,1.6726408450704224,10.182410423452769,4.4230125751530975,0.04385216712420996,53452318407.906494,7.284057822955514,8.957825026141508,13.966770508826576,-26.589414343877227,-5.101322006389408,0.07284057822955514,0.08957825026141508,0.13966770508826576,-0.26589414343877227,0.09911471094291935
2023-12-31,1687918062.4717064,2924000000.0,4944000000.0,3538000000.0,2265000000.0,892000000.0,975000000.0,51609000000.0,7209000000.0,3381000000.0,10043000000.0,32362000000.0,2129000000.0,6462000000.0,,532989260.0,5239000000.0,54997000000.0,35002000000.0,4418000000.0,82759000000.0,526000000.0,19995000000.0,0,0.2206880941602535,1.6868228772990679,40276000000.0,0.09566287770562387,0.09579724466662791,1.2813834541662528,1687918062.4717064,SAAB-B.ST,150.46209716796875,Saab AB B,Industrials,Aerospace & Defense,6.343467408705384,53.15515583958963,23.719219706478487,0.4462261342635846,72716000000.0,136.4305164423013,1.1028478165411155,139.54374593152895,1.0782432144382679,,,,0.1381126574619066,1.5712530712530712,9.399239543726235,5.486039249646419,0.03646127066487758,80194681827.60376,22.86101985430653,58.15738963531669,54.03189066059226,24.74402730375427,39.793398605739895,0.14808661512260057,0.31272560676160044,0.32493460721487644,-0.04305004825372549,0.29744011360851763
2024-12-31,6768959349.593496,1893000000.0,5848000000.0,4839000000.0,2645000000.0,-4308000000.0,1079000000.0,63751000000.0,8493000000.0,4171000000.0,10384000000.0,35812000000.0,2843000000.0,6732000000.0,,536467770.0,4509000000.0,65402000000.0,49715000000.0,5289000000.0,99823000000.0,559000000.0,15687000000.0,0,0.20400831915295897,0.6659677081149088,43353000000.0,0.10737340782860462,0.09173189440165644,1.4705095379789173,6768959349.593496,SAAB-B.ST,233.13027954101562,Saab AB B,Industrials,Aerospace & Defense,7.774931194841398,22.56595161459427,29.984867222451516,1.3287659095687836,89439000000.0,166.71831003006946,1.3983483847633056,170.7777100841635,1.3651095299622138,,,,0.11610147698431333,1.3155385698481343,10.461538461538462,3.5286369580040193,0.015135901543768409,125066881184.84528,23.526904222131794,18.284789644012946,23.365868086364983,-35.25991792065663,12.241457087478258,0.17644137030099638,0.2679212247361453,0.2937825890001513,-0.15992660321350183,0.2730579145338594
2025-08-03,3999749313.8151875,5063000000.0,7116000000.0,5980000000.0,0.0,-4308000000.0,1331000000.0,69974000000.0,7116000000.0,5198000000.0,9893000000.0,39950000000.0,2154000000.0,11043000000.0,,536051253.0,5046000000.0,68889000000.0,53158000000.0,6558000000.0,105891000000.0,558000000.0,,1,0.20295821896919794,0.28902333621434745,47689000000.0,0.11893202444620746,0.1016949152542373,1.4672985384470214,3999749313.8151875,SAAB-B.ST,526.2000122070312,Saab AB B,Industrials,Aerospace & Defense,9.696833970463642,24.719225514142295,54.26513579688234,2.1952603557840566,95998000000.0,179.08362206551917,2.938292213089798,197.66700122926048,2.662052891654524,,,,0.10305423029646452,1.2959291169720455,12.75268817204301,9.44499238023421,0.01794943398161328,282070175872.1944,9.761415507207726,21.68262653898769,24.622392711579955,167.45905969360803,10.764878242528496,0.15621910447301057,0.25494978295447424,0.2817254214350462,0.12215345825774171,0.2665416388703705
2021-12-31,,9599000000.0,17657000000.0,3578000000.0,5995000000.0,,3731000000.0,85700000000.0,23652000000.0,14461000000.0,34350000000.0,77332000000.0,13585000000.0,13177000000.0,,1254385923.0,16848000000.0,70374000000.0,42285000000.0,16818000000.0,155517000000.0,839000000.0,28089000000.0,0,0.2218456415745035,,98097000000.0,0.1400641355670305,0.20603267211201867,0.8736250853746802,,SAND.ST,216.82586669921875,Sandvik AB,Industrials,Industrial Machinery,11.528350035541653,,18.808057183443363,,121167000000.0,96.59467455614934,2.2446979369776794,158.28925246737907,1.3698078885292806,,,,0.2834930302805219,1.6642781128059596,21.045292014302742,7.652349906034461,0.035292606101511935,271983314929.77448,,,,,,,,,,
2022-12-31,12482440635.922878,5935000000.0,19378000000.0,4530000000.0,6648000000.0,3678000000.0,4884000000.0,112332000000.0,26026000000.0,11212000000.0,52057000000.0,81270000000.0,10489000000.0,10465000000.0,,1254385923.0,36466000000.0,74993000000.0,43226000000.0,17738000000.0,176682000000.0,1640000000.0,31767000000.0,0,0.27534107565678206,1.0249758520767214,122838000000.0,0.11431674755306076,0.17250649859345513,0.9144727201680262,12482440635.922878,SAND.ST,174.3824920654297,Sandvik AB,Industrials,Industrial Machinery,8.938238060887423,-22.467325911071146,19.50971666647647,-0.8683595343610846,124625000000.0,99.351401920986,1.755209173637185,141.35273554546202,1.2336690294143235,,,,0.41770912738214644,1.7349049183361867,11.815853658536586,4.731398759486876,0.027132303842243622,218742943264.53418,31.075845974329063,9.746842611995232,-22.467325911071157,-38.17064277528909,-18.382570177394076,0.31075845974329064,0.09746842611995232,-0.22467325911071157,-0.3817064277528909,-0.22467325911071145
2023-12-31,22960837526.52319,13443000000.0,22416000000.0,5354000000.0,7459000000.0,-3528000000.0,4493000000.0,126503000000.0,29875000000.0,15300000000.0,45081000000.0,87697000000.0,4363000000.0,18797000000.0,,1254385923.0,35215000000.0,72117000000.0,43878000000.0,19794000000.0,174210000000.0,2622000000.0,28239000000.0,0,0.22698797615439023,0.5180494336885566,128415000000.0,0.13493624207859822,0.17719737871829128,0.9851107736635129,22960837526.52319,SAND.ST,206.7606964111328,Sandvik AB,Industrials,Industrial Machinery,12.197203204742916,36.46093471280771,16.95148411815697,0.46492181979641856,129129000000.0,102.94200343955869,2.0085163441814124,168.08064142176497,1.230127959187804,,,,0.34911600027879097,1.643579926158895,8.549199084668192,10.716797560873138,0.05183188945912306,259357707007.80164,12.615283267457178,15.677572504902471,36.46093471280771,126.50379106992418,18.037159879803966,0.21495446515170502,0.12673192656608423,0.028600076655583173,0.18340964212793298,0.028600076655583395
2024-12-31,13045636534.839924,15766000000.0,19012000000.0,4841000000.0,7981000000.0,4237000000.0,4216000000.0,122878000000.0,26993000000.0,12243000000.0,42756000000.0,96999000000.0,4528000000.0,20607000000.0,,1254385923.0,32117000000.0,73502000000.0,41026000000.0,16461000000.0,184384000000.0,2551000000.0,32476000000.0,0,0.256120527306968,1.1529467423628008,135227000000.0,0.10458441387326439,0.1547225703543352,0.908679479689707,13045636534.839924,SAND.ST,192.66648864746094,Sandvik AB,Industrials,Industrial Machinery,9.760154172265851,-19.98039215686275,19.740107097379262,-0.987973956787382,141628000000.0,112.90624153472743,1.7064290337589623,157.4630188291066,1.2235665877621742,,,,0.3018894568870562,1.7915955735387314,7.452763622108977,12.568699720652079,0.06523552595412765,241678131193.2143,-2.865544690639743,-15.185581727337617,-19.98039215686275,17.280368965260728,-22.493458938669995,0.12762432892707287,0.024952241463153557,-0.05398829972084351,0.17986371032859694,-0.0539882997208434
2025-08-03,15031698016.397778,15995000000.0,21072000000.0,4511000000.0,7631000000.0,4237000000.0,4417000000.0,121458000000.0,28703000000.0,14486000000.0,50490000000.0,87715000000.0,3449000000.0,20506000000.0,,1254385923.0,47041000000.0,71089000000.0,43765000000.0,18905000000.0,173491000000.0,2167000000.0,,1,0.2336418936789209,0.9834283998799159,134756000000.0,0.11983657882690033,0.1734920713333004,0.9013179376057466,15031698016.397778,SAND.ST,233.3000030517578,Sandvik AB,Industrials,Industrial Machinery,11.54828010613764,18.320673037654167,20.202142735329424,1.1026965381571028,123001000000.0,98.0567445350708,2.379234637636946,159.62049343429254,1.4615917920827335,,,,0.4104844676059544,1.624334513880955,9.724042455006922,12.751259167311304,0.05465606086804219,292648239663.98206,-1.155617767216266,10.835261939827468,18.320673037654167,1.452492705822661,14.583592706384096,0.09109188543439517,0.045194727246605115,0.00043191703443246077,0.13616017758565513,0.00043191703443246077
2021-12-31,,863000000.0,7632000000.0,5111000000.0,1475000000.0,,1426000000.0,18822000000.0,9107000000.0,5941000000.0,9865000000.0,83055000000.0,1056000000.0,5974000000.0,,702342489.0,8173000000.0,8768000000.0,6680000000.0,7527000000.0,118233000000.0,105000000.0,2088000000.0,0,0.1894513086222931,,91864000000.0,0.06733984599619719,0.405482945489321,0.2048898371505704,,SCA-B.ST,149.7355499267578,SCA AB B,Materials,Paper Products,8.458836099263817,,17.701672921619735,,108368000000.0,154.2950934867903,0.9704491992778574,171.3651960035068,0.8737804024318545,,,,0.09103240809094935,1.3125748502994012,72.68571428571428,1.2287452539412007,0.008206102388793,105165638827.34285,,,,,,,,,,
2022-12-31,2100914680.9252586,364000000.0,8671000000.0,5961000000.0,1552000000.0,365000000.0,1782000000.0,20794000000.0,10223000000.0,6748000000.0,12211000000.0,96358000000.0,836000000.0,6325000000.0,,702342489.0,10787000000.0,10223000000.0,7770000000.0,8603000000.0,137355000000.0,68000000.0,2453000000.0,0,0.20713704521678483,1.1435622006096675,107733000000.0,0.0638143807461526,0.4169952871020487,0.19301421105882136,2100914680.9252586,SCA-B.ST,124.4350814819336,SCA AB B,Materials,Paper Products,9.607848173343248,13.583571789261061,12.951399651295057,0.9534605369063689,125144000000.0,178.18087608252333,0.6983638436276534,196.26138975322897,0.6340273124448633,,,,0.09757559291695966,1.3157014157014157,127.51470588235294,0.518265669101503,0.0041649482037487045,87396044846.93906,10.477101264477739,13.613731656184491,13.583571789261061,-57.821552723059085,-5.235333104628248,0.1047710126447774,0.1361373165618449,0.13583571789261062,-0.5782155272305909,0.13583571789261062
2023-12-31,2468414134.5937424,759000000.0,4897000000.0,3135000000.0,1950000000.0,342000000.0,818000000.0,18081000000.0,6847000000.0,3675000000.0,12765000000.0,104284000000.0,502000000.0,3894000000.0,,702342489.0,11663000000.0,10165000000.0,7370000000.0,4443000000.0,147952000000.0,454000000.0,2795000000.0,0,0.1841098356966014,1.3304731551850943,116547000000.0,0.03428156996399515,0.27083679000055305,0.15513912842029395,2468414134.5937424,SCA-B.ST,145.1013641357422,SCA AB B,Materials,Paper Products,5.2324899284286355,-45.539419087136935,27.73084442024286,-0.6089415494559024,135187000000.0,192.48016760666178,0.7538509860000776,150.53533510290052,0.9639023557927854,,,,0.09442475977719751,1.3792401628222524,10.786343612334802,1.0806693484836285,0.007447685656991229,101910853244.3925,-13.047032797922476,-43.52439165032869,-45.539419087136935,108.51648351648353,-46.279240567476634,-0.019882060013656777,-0.19897536790936765,-0.2134996947361658,-0.06218863803144736,-0.2134996947361658
2024-12-31,4499700729.927007,1315000000.0,5071000000.0,2171000000.0,2116000000.0,-473000000.0,882000000.0,20232000000.0,7187000000.0,3639000000.0,13728000000.0,104035000000.0,1328000000.0,3486000000.0,,702342489.0,11794000000.0,11300000000.0,8978000000.0,4521000000.0,149263000000.0,550000000.0,2322000000.0,0,0.19508958195089582,0.91047982812127,116435000000.0,0.035055616695383755,0.2506425464610518,0.17376218491003564,4499700729.927007,SCA-B.ST,137.19883728027344,SCA AB B,Materials,Paper Products,5.181232884231784,-0.9795918367346834,26.47995956673076,-27.031625391037938,135535000000.0,192.97565236723133,0.7109644952472294,149.98888428072445,0.9147267008366252,,,,0.1012874903161545,1.2586322120739586,9.22,1.8723059199683418,0.013646660256628454,96360572863.33324,11.896465903434539,3.5531958341841863,-0.9795918367346945,73.25428194993412,2.257909227032373,0.024371960814729032,-0.12739355508500771,-0.15073967728065474,0.15072527539794978,-0.15073967728065474
2025-08-03,3908700526.87039,1209000000.0,5193000000.0,2830000000.0,2131000000.0,-473000000.0,967000000.0,20924000000.0,7324000000.0,3778000000.0,544000000.0,103587000000.0,74000000.0,4039000000.0,,702342489.0,470000000.0,10901000000.0,8861000000.0,4745000000.0,149474000000.0,,,1,0.20379346680716542,1.0619971604354,104057000000.0,0.03973495802176105,0.2481839036513095,0.20108209923407364,3908700526.87039,SCA-B.ST,122.55000305175781,SCA AB B,Materials,Paper Products,5.379142027102962,3.8197306952459487,22.78244419542858,5.964411109867954,148930000000.0,212.04754422881,0.5779364410819121,160.20069219690106,0.7649779871183879,,,,0.00365272275565702,1.2302223225369597,,1.7213824009442777,0.014046367670976462,86072074170.32918,3.4203242388295862,2.405837112995468,3.8197306952459487,-8.060836501901136,13.348335495103392,0.026820984672505377,-0.09177178360650884,-0.10700176543061968,0.08793732370197294,-0.10700176543061957
2021-12-31,,131008000000.0,,644000000.0,,,5441000000.0,55606000000.0,,25423000000.0,765442000000.0,193228000000.0,443317000000.0,131652000000.0,17740000000.0,2156397197.0,316598000000.0,,,30864000000.0,3304230000000.0,5283000000.0,,0,0.17628952825298083,,515353000000.0,,,0.10789885767619477,,SEB-A.ST,100.57393646240234,SEB A,Financials,Banks,11.789571993215683,,8.530753832308559,,2538788000000.0,1177.3285568781048,0.0854255474182092,558.8421020933558,0.1799684313076348,8.226684779909775,0.08179738279395243,0.6977933367423199,0.30149898297927985,,,60.75318600036188,0.60406491122154,216877354678.78052,,,,,,,,,,
2022-12-31,,-71192000000.0,,1026000000.0,,,6862000000.0,64466000000.0,,26877000000.0,830984000000.0,204141000000.0,449269000000.0,-70166000000.0,12884000000.0,2113438465.0,376438000000.0,,,33739000000.0,3532779000000.0,22707000000.0,,0,0.20338480690002667,,585856000000.0,,,0.1100372787852305,,SEB-A.ST,101.25941467285156,SEB A,Financials,Banks,12.717190703728392,7.868128809481023,7.962404357368377,1.0119819527832021,2701795000000.0,1278.3882969594765,0.0792086527338269,604.8089985537459,0.16742378984933903,6.096226700406913,0.060204048385057066,0.47936897719239496,0.30756737650339866,,,-33.68539050414226,-0.3326642822593125,214005541912.98987,15.933532352623825,,5.719230617944371,-154.3417195896434,,0.15933532352623825,,0.05719230617944371,,0.07868128809481023
2023-12-31,,-39425000000.0,,1038000000.0,,,9848000000.0,79960000000.0,,38116000000.0,904977000000.0,221775000000.0,409073000000.0,-38387000000.0,14195000000.0,2072847731.0,489205000000.0,,,47963000000.0,3608218000000.0,87868000000.0,,0,0.20532493797302087,,717679000000.0,,,0.11141471326317197,,SEB-A.ST,124.526123046875,SEB A,Financials,Banks,18.388229598327403,44.59348787571764,6.772056134115376,0.1518619972716452,2703241000000.0,1304.1194293108451,0.0954867477993792,734.5475263865976,0.1695276596457232,6.848066931164275,0.054993014827792217,0.3724157833980481,0.3347748129005146,,,-19.019727985991654,-0.15273685167916223,258123691607.94165,24.034374709149,,41.81642296387245,-44.62158669513428,,0.19915566934325057,,0.22444775816404583,,0.24888065783685054
2024-12-31,,-35622000000.0,,1189000000.0,,,10178000000.0,81610000000.0,,35865000000.0,953911000000.0,231148000000.0,275619000000.0,-34433000000.0,23709000000.0,2020427447.0,671582000000.0,,,46043000000.0,3759028000000.0,104153000000.0,,0,0.22105423191364593,,909440000000.0,,,0.08973654116819141,,SEB-A.ST,143.69735717773438,SEB A,Financials,Banks,17.751194210538756,-3.4643649862115655,8.095081123748976,-2.336670978943619,2805117000000.0,1388.3779910855665,0.10350016933456145,744.6615107157376,0.1929700341832069,11.734645574729218,0.08166222264070615,0.6610623170221664,0.34006103845222857,,,-17.63092263119508,-0.12269482875309941,290330084503.25696,2.063531765882942,,-5.905656417252603,-9.646163601775527,,0.13642446369162164,,0.12153977228663071,,0.146154539688506
2025-08-03,,-130473000000.0,,,,,9217000000.0,79996000000.0,,33023000000.0,944420000000.0,216574000000.0,526707000000.0,-129284000000.0,,1989410027.0,417713000000.0,,,42240000000.0,4110475000000.0,90643000000.0,,1,0.21820549242424242,,634287000000.0,,,0.1261195641720546,,SEB-A.ST,168.89999389648438,SEB A,Financials,Banks,16.59939356483398,-6.488581173997632,10.175070145592613,-1.568150243133003,3166055000000.0,1591.454228656102,0.10612934437901578,770.9646161415862,0.21907619410832493,,,,0.2982955128701175,,,-65.58376515109421,-0.3882993932568717,336011341417.9048,-1.97769881142017,,-7.924160044611739,266.27084386053565,,0.09518289977710359,,0.06757263191579876,,0.08930261396015982
2021-12-31,,5508000000.0,8348000000.0,1928000000.0,2966000000.0,,1238000000.0,143865000000.0,11314000000.0,6864000000.0,14438000000.0,45465000000.0,10947000000.0,7436000000.0,3917000000.0,412247584.0,3491000000.0,115791000000.0,76955000000.0,8125000000.0,139039000000.0,223000000.0,38836000000.0,0,0.15236923076923076,,48956000000.0,0.14453839491662843,0.058026622180516456,2.9386592041833484,,SKA-B.ST,201.7919921875,SKF AB B,Industrials,Industrial Machinery,16.650188543009143,,12.119501930338542,,124601000000.0,302.24798115493627,0.6676371879025349,336.49804180991185,0.5996825155419256,9.501571754511483,0.04708597031780559,0.5706585081585082,0.11587386939109638,1.5046585666948216,37.43497757847533,13.360903044127967,0.06621126487374858,83188261249.84375,,,,,,,,,,
2022-12-31,5525564778.898371,-1752000000.0,10360000000.0,2262000000.0,2789000000.0,3325000000.0,2027000000.0,163174000000.0,13149000000.0,8256000000.0,14567000000.0,55255000000.0,10014000000.0,510000000.0,4124000000.0,411131141.0,4553000000.0,124623000000.0,82462000000.0,10312000000.0,151593000000.0,48000000.0,42161000000.0,0,0.19656710628394103,1.0051602064082563,59808000000.0,0.13917142821860573,0.0634905070660767,2.72829721776351,5525564778.898371,SKA-B.ST,146.67076110839844,SKF AB B,Industrials,Industrial Machinery,20.08118377975168,20.60634465417568,7.303890184815197,0.3544486082996352,137026000000.0,333.2902481352051,0.4400691647266524,388.05851531443955,0.37796042431784477,10.030862634168594,0.06839033600401916,0.49951550387596894,0.10630829185701983,1.5112779219519294,215.83333333333334,-4.261413999772885,-0.029054284354762747,60300917365.834274,13.421610537656825,24.101581217057987,20.27972027972027,-131.8082788671024,-3.7131771811347636,0.13421610537656825,0.24101581217057988,0.2027972027972027,,0.2060634465417568
2023-12-31,5131398641.765705,612000000.0,5942000000.0,2595000000.0,5554000000.0,2901000000.0,861000000.0,167168000000.0,11496000000.0,4998000000.0,17766000000.0,56348000000.0,17912000000.0,3207000000.0,3081000000.0,410189512.0,-146000000.0,125082000000.0,80020000000.0,5890000000.0,155189000000.0,52000000.0,45062000000.0,0,0.1461799660441426,2.1747687463097813,56202000000.0,0.09027078470100182,0.03554508039816233,2.974413721931604,5131398641.765705,SKA-B.ST,170.1020050048828,SKF AB B,Industrials,Industrial Machinery,12.184611877643523,-39.32323905162629,13.960395842972076,-0.355016427427148,137423000000.0,335.0231928894369,0.5077320275585195,303.0641358619501,0.5612739512086862,7.511162303925508,0.044156812282782315,0.6164465786314526,0.1292796693421043,1.5631342164458886,114.26923076923077,1.491993291140023,0.008771168165226478,69774058423.17444,2.4476938727983732,-42.64478764478764,-39.462209302325576,-134.93150684931507,-35.13698475580236,0.07795094670034164,-0.15632514886823878,-0.14668478675998453,-0.6666666666666667,-0.14454676671143585
2024-12-31,2932498718.813217,6436000000.0,7822000000.0,2677000000.0,3253000000.0,3534000000.0,1831000000.0,176481000000.0,11075000000.0,5552000000.0,19106000000.0,62617000000.0,18426000000.0,9113000000.0,2257000000.0,411521664.0,680000000.0,137246000000.0,88650000000.0,7415000000.0,171207000000.0,407000000.0,48596000000.0,0,0.246931894807822,1.5797028876648305,63297000000.0,0.09306126228436129,0.044322051665618395,2.7881416180861653,2932498718.813217,SKA-B.ST,223.2979736328125,SKF AB B,Industrials,Industrial Machinery,13.49139179219493,10.724838244122514,16.55114439430892,1.543253522110636,152101000000.0,369.60630096985614,0.6041508844596888,334.95720150951456,0.6666462838431305,5.48452292416858,0.02456145407386114,0.4065201729106628,0.12561390128927488,1.5481782289904118,19.218673218673217,15.639516854208676,0.07003877643747022,91891953677.20312,5.57104230474732,31.6391787277011,11.084433773509407,951.6339869281046,3.0912300060337294,0.07048586052357964,-0.021460283980703432,-0.06826860907079835,0.05327239325736799,-0.06772107601570898
2025-08-03,,12706000000.0,8638000000.0,,0.0,3534000000.0,1961000000.0,184660000000.0,8638000000.0,6174000000.0,6788000000.0,59010000000.0,11585000000.0,15383000000.0,3244000000.0,411879653.0,-4797000000.0,127769000000.0,83718000000.0,8174000000.0,161733000000.0,464000000.0,,1,0.23990702226572058,,54213000000.0,0.12110901705621725,0.0467778620166793,3.4061940862892666,,SKA-B.ST,224.89999389648438,SKF AB B,Industrials,Industrial Machinery,14.989815483796185,11.10651676773724,15.003519832488841,1.3508753595971519,154945000000.0,376.18998382520243,0.5978362092728782,356.19926305204683,0.631388150467966,7.876087047203567,0.03502039689173458,0.5254292193067703,0.043809093549323955,1.5261831386320743,18.61637931034483,30.848816899435427,0.1371668196382181,92631731445.7861,4.634493231565995,10.43211454870876,11.203170028818455,97.42075823492853,30.13902249268041,0.06439890792905256,0.008573817760004543,-0.026138184907640194,0.23240578952576096,-0.025920770681755245
2021-12-31,,1358000000.0,10517000000.0,3890000000.0,3305000000.0,,2484000000.0,81732000000.0,13822000000.0,7331000000.0,19212000000.0,45365000000.0,13219000000.0,5248000000.0,,455351068.0,3235000000.0,53789000000.0,24525000000.0,10063000000.0,99628000000.0,454000000.0,29264000000.0,0,0.24684487727317897,,51358000000.0,0.15422976801507024,0.12867665051632163,1.5914171112582265,,SKF-B.ST,184.30081176757812,SKF AB B,Industrials,Industrial Machinery,16.099665763823353,,11.447493039371665,,80416000000.0,176.6021991629544,1.0435929600034033,252.92848503637137,0.7286676775100103,,,,0.23890768006366891,2.193231396534149,23.165198237885463,2.9823142964496134,0.016181775152518656,83921571471.63367,,,,,,,,,,
2022-12-31,-2273564376.799671,428000000.0,7881000000.0,5213000000.0,3784000000.0,6091000000.0,2438000000.0,96933000000.0,11665000000.0,4469000000.0,21266000000.0,54043000000.0,10255000000.0,5641000000.0,,455351068.0,8090000000.0,59795000000.0,24440000000.0,7293000000.0,110923000000.0,588000000.0,35355000000.0,0,0.3342931578225696,2.7720007348888482,65054000000.0,0.08064739482891642,0.08130358082386803,1.4900390444861191,-2273564376.799671,SKF-B.ST,142.96917724609375,SKF AB B,Industrials,Industrial Machinery,9.814405442439854,-39.03969444823352,14.567278485139871,-0.37314017671055355,89657000000.0,196.89643068982545,0.7261136057428877,208.5173410572418,0.685646462405475,,,,0.23719285722252584,2.4466039279869065,13.403061224489797,0.9399341081593774,0.006574382858351789,65101167550.09009,18.598590515342828,-25.06418180089379,-39.03969444823353,-68.48306332842415,-47.70957911248617,0.18598590515342828,-0.2506418180089379,-0.3903969444823353,-0.6848306332842415,-0.3903969444823352
2023-12-31,9325601350.615402,8023000000.0,10481000000.0,5760000000.0,4297000000.0,-3052000000.0,2404000000.0,103881000000.0,14778000000.0,6395000000.0,21332000000.0,54956000000.0,13311000000.0,13783000000.0,3357000000.0,455351068.0,5185000000.0,59917000000.0,27614000000.0,9181000000.0,111903000000.0,1300000000.0,32303000000.0,0,0.2618451149112297,0.8672774545004334,62977000000.0,0.12284804532790386,0.10089429250777332,1.6495069628594565,9325601350.615402,SKF-B.ST,187.27569580078125,SKF AB B,Industrials,Industrial Machinery,14.044108929157051,43.09688968449316,13.334822219441573,0.30941495586025136,90571000000.0,198.90367315444618,0.9415396550035757,250.70312956619847,0.7470018269210751,7.372333647408948,0.03936620614802806,0.5249413604378421,0.23552792836559164,2.1698051712899256,8.062307692307693,17.619372312529638,0.0940825355751055,85276188093.32886,7.167837578533631,32.990737216089336,43.09688968449316,1774.5327102803737,52.32735736660925,0.12738433931784243,-0.0017129818438997857,-0.06601765976683882,1.430628081766192,-0.06601765976683882
2024-12-31,7696167015.073166,5701000000.0,10178000000.0,5091000000.0,4432000000.0,-643000000.0,2202000000.0,98722000000.0,14610000000.0,6474000000.0,20042000000.0,61969000000.0,11031000000.0,10792000000.0,3832000000.0,455351068.0,5495000000.0,61794000000.0,30134000000.0,9089000000.0,119413000000.0,1089000000.0,31660000000.0,0,0.24227087688414567,1.1133400200601806,70980000000.0,0.10865267702272703,0.10309758716395535,1.3908424908424908,7696167015.073166,SKF-B.ST,199.6587371826172,SKF AB B,Industrials,Industrial Machinery,14.217601439775255,1.2353401094605143,14.043067533462473,11.367774288163625,99371000000.0,218.22942117267638,0.9149029315558467,264.2171947186333,0.7556614072571436,8.41548481884751,0.0421493441138532,0.5919060858819896,0.20168862142878707,2.050640472555917,9.346189164370983,12.52001016499208,0.06270704874558379,90914819211.63605,-4.9662594699704465,-2.8909455204656043,1.2353401094605143,-28.94179234700237,-11.555225211184105,0.06497792623638876,-0.010862066187138142,-0.040592390966787906,0.6131834469653639,-0.040592390966787906
2025-08-03,7225629134.777533,6034000000.0,8881000000.0,4619000000.0,4574000000.0,-643000000.0,1956000000.0,95549000000.0,13455000000.0,5369000000.0,,55386000000.0,,10653000000.0,,455351068.0,,58731000000.0,29868000000.0,7709000000.0,111379000000.0,,,1,0.2537294071864055,1.2346570397111913,,,0.09294707427602591,,7225629134.777533,SKF-B.ST,222.60000610351562,SKF AB B,Industrials,Industrial Machinery,11.79090239884976,-17.06827309236948,18.87896265897604,-1.1060851063729489,,,,,,,,,,1.9663519485737244,,13.251314038863745,0.059529711031101634,101361150516.04236,-3.2140758898725696,-12.743171546472787,-17.06827309236948,5.841080512190833,0.0,0.03982081050281194,-0.04138879946885721,-0.07491306786603691,0.4518654951246124,-0.07491306786603691
2021-12-31,,49156000000.0,,253000000.0,1687000000.0,,4945000000.0,46705000000.0,,20871000000.0,808086000000.0,161696000000.0,360153000000.0,49409000000.0,16310000000.0,1121434793.0,444174000000.0,,,25817000000.0,2750617000000.0,2957000000.0,,0,0.19154045783785878,,609629000000.0,,,0.07661216904051481,,SWED-A.ST,138.75924682617188,Swedbank AB A,Financials,Banks,18.610979550729883,,7.455773429224473,,1942531000000.0,1732.1836384293456,0.0801065451420564,851.6729249780354,0.16292551137486314,14.543868356686522,0.10481368765936074,0.7814671074696948,0.41599644999230384,,,43.83313261442567,0.3158934169579115,155609447241.34396,,,,,,,,,,
2022-12-31,,-18983000000.0,,363000000.0,2820000000.0,,5396000000.0,51289000000.0,,21365000000.0,881462000000.0,176081000000.0,365992000000.0,-18620000000.0,12632000000.0,1123070804.0,511839000000.0,,,26763000000.0,2854646000000.0,13253000000.0,,0,0.2016216418189291,,691551000000.0,,,0.07416517364590608,,SWED-A.ST,143.40469360351562,Swedbank AB A,Financials,Banks,19.023733787669546,2.2177996371151476,7.5381991360952,3.3989540849148487,1973184000000.0,1756.9542302873363,0.08162118917580619,867.2001873658631,0.16536515523492917,11.247732516070286,0.07843350334939486,0.5912473671893282,0.4467206302098537,,,-16.90276332746693,-0.11786757394565885,161053624542.67395,9.814794989829778,,2.366920607541556,-138.61786963951502,,0.09814794989829778,,0.02366920607541556,,0.022177996371151476
2023-12-31,,-146000000000.0,,852000000.0,2007000000.0,,9492000000.0,72254000000.0,,34128000000.0,873631000000.0,198790000000.0,252994000000.0,-145148000000.0,10964000000.0,1124796400.0,616961000000.0,,,43622000000.0,2855519000000.0,58889000000.0,,0,0.21759662555591217,,819427000000.0,,,0.0881762499893218,,SWED-A.ST,173.91233825683594,Swedbank AB A,Financials,Banks,30.341491135640194,59.492828664930045,5.731832278096324,0.09634492772866145,1981888000000.0,1761.9971045426532,0.09870182976377642,1096.7617970149004,0.15856892420047816,9.747541866243527,0.05604859300924488,0.3212611345522738,0.4408074522879194,,,-129.8012689229802,-0.7463603228155558,195615971986.87134,40.87621127337246,,59.73788907091038,669.1092029710794,,0.2437962960199449,,0.27874453306898483,,0.27683225225667596
2024-12-31,,80410000000.0,,407000000.0,2960000000.0,,9320000000.0,73332000000.0,,34869000000.0,923104000000.0,218902000000.0,325604000000.0,80817000000.0,17048000000.0,1125318943.0,594323000000.0,,,44187000000.0,3009697000000.0,70732000000.0,,0,0.21092176431982257,,816402000000.0,,,0.08982339582705579,,SWED-A.ST,199.76670837402344,Swedbank AB A,Financials,Banks,30.985882017628136,2.123794374861876,6.447023462503808,3.035615659789616,2086593000000.0,1854.2236518629368,0.10773603722146355,1136.9837265747087,0.175698828140525,15.149482825332658,0.07583587349784161,0.48891565574005563,0.44239772682070727,,,71.45529762934062,0.3576937228977853,224801261114.0453,1.491958922689407,,2.1712376933895827,-155.07534246575344,,0.16227809022130368,,0.1865847017366291,0.17826915523011766,0.18521792305568852
2025-08-03,,36126000000.0,,456000000.0,,,9066000000.0,71293000000.0,,33928000000.0,943364000000.0,208702000000.0,325020000000.0,36582000000.0,24392000000.0,1124225510.0,618344000000.0,,,42991000000.0,3132442000000.0,59341000000.0,,1,0.21088134725872856,,827046000000.0,,,0.08620197667360703,,SWED-A.ST,257.20001220703125,Swedbank AB A,Financials,Banks,30.178998517832955,-2.6040359262200052,8.5224833440066,-3.2727979127299367,2189078000000.0,1947.1876243050203,0.1320879451967705,1149.8668964825831,0.2236780735177265,21.6967145675248,0.08435736212197452,0.7189342136288611,0.4309412455837572,,,32.134122272318834,0.12493826106995948,289150814895.45593,-2.780505100092734,,-2.698672172990335,-55.07275214525556,,0.11152920584349046,,0.12915548978199154,-0.07410692584485279,0.12845409780302508
2021-12-31,,6969000000.0,4771000000.0,3328000000.0,5952000000.0,,347000000.0,26789000000.0,10723000000.0,4306000000.0,30814000000.0,31142000000.0,837000000.0,10297000000.0,,689909491.0,24563000000.0,14085000000.0,10659000000.0,4307000000.0,74251000000.0,464000000.0,3426000000.0,0,0.08056651961922452,,61119000000.0,0.07177174258244866,0.17809548695360036,0.43830887285459513,,TEL2-B.ST,103.5582275390625,Tele2 AB B,Communication Services,Telecom Services,6.241398409751693,,16.59215142831788,,43437000000.0,62.96043258810597,1.6448144220442662,94.02991936737675,1.1013327272403421,,,,0.709395216060041,1.3214185195609345,10.282327586206897,10.10132501568963,0.09754246722578733,71445804050.33679,,,,,,,,,,
2022-12-31,13507214999.153545,4669000000.0,6518000000.0,3581000000.0,6191000000.0,-5145000000.0,694000000.0,28103000000.0,12709000000.0,5574000000.0,32451000000.0,23683000000.0,986000000.0,8250000000.0,,691011367.0,26004000000.0,8597000000.0,10316000000.0,5907000000.0,67656000000.0,611000000.0,-1719000000.0,0,0.1174877264262739,0.7944711538461539,55148000000.0,0.10430505184509949,0.23193253389317867,0.5095923696235585,13507214999.153545,TEL2-B.ST,72.4403305053711,Tele2 AB B,Communication Services,Telecom Services,8.066437494652675,29.240868233143114,8.980461393693627,0.30712020320637085,35205000000.0,50.947063509014605,1.421874501021113,96.15939540658648,0.7533359605587667,,,,0.9217724755006391,0.8333656455990694,10.667757774140753,6.75676294627437,0.09327349694757935,50057091808.44828,4.904998320206055,36.61706141270174,29.447282861124012,-33.003300330033,45.32885519015759,0.049049983202060554,0.36617061412701735,0.29447282861124013,-0.33003300330033003,0.29240868233143114
2023-12-31,9511745740.498034,5954000000.0,5640000000.0,4059000000.0,6151000000.0,-2822000000.0,846000000.0,29099000000.0,11791000000.0,3735000000.0,30974000000.0,22780000000.0,1560000000.0,10013000000.0,,691633077.0,25094000000.0,8313000000.0,12854000000.0,4578000000.0,66059000000.0,1062000000.0,-4541000000.0,0,0.18479685452162517,1.541093032957864,52194000000.0,0.08808954555117511,0.193821093508368,0.5575161896003372,9511745740.498034,TEL2-B.ST,79.28675842285156,Tele2 AB B,Communication Services,Telecom Services,5.400262254952852,-33.052698188850506,14.682019998220213,-0.4442003468017271,35085000000.0,50.7277647162037,1.562985455133319,78.50937997582511,1.0099017269944792,,,,0.8828274191249822,0.6467247549400965,5.3107344632768365,8.608610834267546,0.10857564372043269,54837344693.35249,3.5441056115005587,-13.470389690088979,-32.9924650161464,27.521953309059754,-15.54623290730498,0.04222330741745095,0.08726358743987483,-0.06865992597324788,-0.0756867410247416,-0.06982112408745622
2024-12-31,8279371446.620342,5803000000.0,5946000000.0,3975000000.0,5944000000.0,-1510000000.0,915000000.0,29582000000.0,11890000000.0,3870000000.0,30672000000.0,22097000000.0,117000000.0,9778000000.0,,692389827.0,26435000000.0,7028000000.0,13079000000.0,4749000000.0,64442000000.0,1197000000.0,-6051000000.0,0,0.19267214150347442,1.6714370900417412,52652000000.0,0.09117168287283182,0.2010006084781286,0.5618400060776418,8279371446.620342,TEL2-B.ST,106.70560455322266,Tele2 AB B,Communication Services,Telecom Services,5.589336886661103,3.501212029746159,19.09092379238663,5.45266142986797,33770000000.0,48.773102496781775,2.187796123083691,78.3180009282586,1.362465886367144,,,,0.9082617708024874,0.5373499503020108,4.967418546365915,8.381116783796998,0.07854429782661192,73881875076.53625,1.6598508539812373,5.425531914893611,3.6144578313253017,-2.536110178031581,3.4988684552426985,0.033610732479804284,0.07614757018438567,-0.03495926294252272,-0.05920709101324306,-0.03611299123453626
2025-08-03,8945718489.83543,6959000000.0,6234000000.0,3623000000.0,6051000000.0,-1510000000.0,1016000000.0,29580000000.0,12285000000.0,4150000000.0,29916000000.0,19716000000.0,172000000.0,10582000000.0,,693556132.0,25045000000.0,6295000000.0,14367000000.0,5165000000.0,63350000000.0,1069000000.0,,1,0.19670861568247822,1.564584131851284,49460000000.0,0.10124784653933343,0.21075050709939147,0.5980590376061464,8945718489.83543,TEL2-B.ST,152.4499969482422,Tele2 AB B,Communication Services,Telecom Services,5.983654110349644,7.054812255628651,25.477742218514376,3.61139904158145,33434000000.0,48.20662446395903,3.1624283725200293,80.56155875444956,1.8923416987611612,,,,0.8947777711311838,0.4381568873111993,5.831618334892423,10.033794928656185,0.06581695722868874,105732630206.83466,-0.006760868095467831,4.843592330978819,7.235142118863047,19.92073065655695,11.05185661709902,0.02508627055729895,0.06915173571221378,-0.009182843959195663,-0.0003589247195228129,-0.010487821420244403
2021-12-31,,119492000.0,225493000.0,187811000.0,154199000.0,,521000.0,1241355000.0,379692000.0,184821000.0,874829000.0,1385899000.0,132673000.0,307303000.0,99507000.0,136937998.0,609616000.0,452381000.0,219501000.0,186941000.0,2364283000.0,38552000.0,232880000.0,0,0.002786975569832193,,2128055000.0,0.10566670340655285,0.1816506962150231,0.5833284384097216,,BWLPG.OL,46.7717170715332,BW LPG Ltd,Industrials,Transportation,1.3496692130696988,,34.65420757813333,,1489454000.0,10.876849535948379,4.300116216276689,18.174249680849876,2.573515710022205,0.7266573299837493,0.015536255144800249,0.5383966107747497,0.5873487868708936,2.06095188632398,5.849061008507989,0.8725992912500444,0.018656558832669774,6404825298.79818,,,,,,,,,,
2022-12-31,368611942.8369943,459005000.0,269421000.0,46295000.0,159425000.0,12735000.0,1071000.0,1558124000.0,428846000.0,227396000.0,705856000.0,1596590000.0,284516000.0,505300000.0,126705000.0,133381375.0,193857000.0,739497000.0,493882000.0,239648000.0,2559902000.0,29773000.0,245615000.0,0,0.004469054613433035,0.8140674492267561,2017930000.0,0.1329168716640291,0.1729137090501141,0.7721397669889442,368611942.8369943,BWLPG.OL,71.81660461425781,BW LPG Ltd,Industrials,Transportation,1.7048557191736853,26.316559840329123,42.124740414435834,1.6006932771616023,1854046000.0,13.900336534992235,5.166537114656839,23.09126534867048,3.110119931924509,0.9499452228618875,0.01322737586891283,0.5571997748421256,0.3807111581913286,1.4973151481527975,9.049172068652807,3.4412975574738227,0.047917853760390934,9578997471.281052,25.51800250532683,19.480870803084805,23.03580220862347,284.13031834767185,25.788793800665076,0.2551800250532683,0.19480870803084804,0.23035802208623468,2.841303183476718,0.26316559840329123
2023-12-31,643161933.0428364,396684000.0,531268000.0,116679000.0,217883000.0,-22249000.0,10965000.0,2947340000.0,749151000.0,469957000.0,570188000.0,1586160000.0,287545000.0,513363000.0,405493000.0,131073895.0,124804000.0,878709000.0,655343000.0,503964000.0,2520462000.0,27304000.0,223366000.0,0,0.021757506488558707,0.6002521607601724,1868803000.0,0.27809722749954724,0.1802533810147455,1.5771271771288895,643161933.0428364,BWLPG.OL,147.401611328125,BW LPG Ltd,Industrials,Transportation,3.5854355285619612,110.30727047680968,41.11121512405064,0.37269723877986455,1950274000.0,14.879194671067035,9.90655842515127,34.64590664459158,4.254517361609737,3.0936213500026075,0.02098770374440492,0.8628300035960738,0.2923630218112942,1.3408383090992044,19.45751538236156,3.0264149852264635,0.020531763241647873,19320503326.053467,89.15952773976912,97.1887863232636,106.66898274375978,-13.577412010762412,109.22643154172872,0.540873975273344,0.5349360866989528,0.5946060354682798,0.822019106286636,0.6298862204473112
2024-12-31,168785334.9068036,146895000.0,444812000.0,602249000.0,202181000.0,-155542000.0,30095000.0,3563747000.0,646993000.0,354296000.0,1173296000.0,1937494000.0,279681000.0,749144000.0,388461000.0,151538443.0,662327000.0,677929000.0,610105000.0,424963000.0,3320420000.0,19849000.0,67824000.0,0,0.07081793003155569,1.564652522081323,2831109000.0,0.14598919889937254,0.12481581885582786,1.2587812761712813,168785334.9068036,BWLPG.OL,124.54136657714844,BW LPG Ltd,Industrials,Transportation,2.337994194648021,-34.79190530625051,53.26846698860081,-1.5310592081610115,2147124000.0,14.168840312025642,8.789806634453024,27.30109876679404,4.561771218110328,2.5634485369497955,0.02058310910987026,1.0964306681418925,0.5464500420096836,1.1111677498135566,22.409793944279308,0.9693579866067384,0.007783421791877156,18872804780.193314,20.914010599387932,-16.273519203114063,-24.610975046653206,-62.96926520857913,-47.504259495139976,0.42124938234484155,0.25414517061681074,0.242238479561238,0.071246446857967,0.20098807638742788
2025-08-03,35825252.25969398,-166268000.0,366912000.0,676074000.0,216560000.0,-155542000.0,24871000.0,3387328000.0,583472000.0,258461000.0,1128152000.0,1915154000.0,280185000.0,509806000.0,333720000.0,151659090.0,653728000.0,721970000.0,589605000.0,336550000.0,3354231000.0,30362000.0,,1,0.07389986629029861,2.154981420356039,2763121000.0,0.12297588569581061,0.10831900542256315,1.2259065021039615,35825252.25969398,BWLPG.OL,135.39999389648438,BW LPG Ltd,Industrials,Transportation,1.7042235978074245,-27.107449551901432,79.44966497980884,-2.930916271842177,2226079000.0,14.678177219710339,9.224578220425409,23.724147187816236,5.707264957706061,2.200461574706798,0.016251563322736105,1.2911812613895326,0.5067888426241836,1.2244977569728885,12.084579408471114,-1.096327295647099,-0.008096952326934817,20534639860.346375,-4.95037947418826,-17.513016735160026,-27.049416307268505,-213.18833180162704,-15.763709491566258,0.28525799339641655,0.1294245217784542,0.08745407778098979,,0.06004623598309666
2021-12-31,,37099000000.0,,4486000000.0,,,7462000000.0,55390000000.0,,25329000000.0,778500000000.0,243911000000.0,296727000000.0,41585000000.0,26976000000.0,1550365000.0,478977000000.0,,,32667000000.0,2919244000000.0,8198000000.0,,0,0.22842624054856583,,725684000000.0,,,0.07632798849085828,,DNB.OL,153.84410095214844,DNB ASA,Financials,Banks,16.33744311823345,,9.416657174490805,,2140744000000.0,1380.8000051600752,0.11141664279926868,712.4406534540835,0.2159395315332937,17.399773601700243,0.11310003759658134,1.0650242804690275,0.3636586158830762,,,23.92920376814492,0.1555419000146638,238514509572.6776,,,,,,,,,,
2022-12-31,,5439000000.0,,3513000000.0,,,7411000000.0,65387000000.0,,33356000000.0,838674000000.0,249840000000.0,309988000000.0,8952000000.0,15116000000.0,1550365021.0,526081000000.0,,,40579000000.0,3233405000000.0,31699000000.0,,0,0.18263141033539515,,778526000000.0,,,0.08398820334837886,,DNB.OL,156.26788330078125,DNB ASA,Financials,Banks,21.514933288732912,31.69094535191441,7.263228809666665,0.22918940186263337,2394731000000.0,1544.6239869726783,0.10116888292473822,864.7143145615267,0.18071619801971298,9.74996197363253,0.06239261560141569,0.4531718431466602,0.3502163708575201,,,3.5082060845850314,0.022449949474470755,242272260175.24127,18.048384184870912,,31.69094713569427,-85.33922747243861,,0.18048384184870914,,0.3169094713569427,-0.8533922747243861,0.3169094535191441
2023-12-31,,43000000.0,,4081000000.0,,,10811000000.0,81251000000.0,,39478000000.0,952367000000.0,269296000000.0,331408000000.0,4124000000.0,19316000000.0,1516838478.0,618796000000.0,,,50440000000.0,3439724000000.0,99097000000.0,,0,0.21433386201427437,,890255000000.0,,,0.09126710886206761,,DNB.OL,185.98887634277344,DNB ASA,Financials,Banks,26.026502210079087,20.969476692306664,7.146134153622338,0.34078743396796973,2487357000000.0,1639.8298408672094,0.11341961934563581,979.9378995596564,0.18979659468865237,12.734381597089206,0.06846851192121844,0.48928517148791734,0.38288311649674733,,,0.028348436978403183,0.00015242006691925828,282115084116.70264,24.26170339669964,,18.35351960666747,-99.20941349512779,,0.21115206733259062,,0.24844251344805612,-0.9659550166525355,0.26216420264307283
2024-12-31,,-159121000000.0,,2677000000.0,,,9074000000.0,84820000000.0,,45771000000.0,1014425000000.0,283325000000.0,147944000000.0,-156444000000.0,24153000000.0,1482679587.0,864306000000.0,,,54878000000.0,3614125000000.0,129364000000.0,,0,0.16534859142097016,,1149806000000.0,,,0.073768966243001,,DNB.OL,212.81857299804688,DNB ASA,Financials,Banks,30.87045940425428,18.611633461446498,6.893923093632944,0.3704093521889694,2599700000000.0,1753.3795047790052,0.12137621799387371,1103.5722420879226,0.19284516670644153,16.29010084968547,0.07654454505638927,0.5276922068558695,0.39020848559449167,,,-107.31988313264611,-0.5042787460736852,315541753918.67346,4.392561322322197,,15.940523836060594,-370148.83720930235,,0.1526274752148702,,0.21802850582928524,,0.2362880404772969
2025-08-03,,-47490000000.0,,2507000000.0,,,9156000000.0,87277000000.0,,46100000000.0,1034811000000.0,276618000000.0,434618000000.0,-44983000000.0,24835000000.0,1475931013.0,600193000000.0,,,55289000000.0,3835781000000.0,124991000000.0,,1,0.1656025610881007,,876811000000.0,,,0.0995391253075064,,DNB.OL,257.70001220703125,DNB ASA,Financials,Banks,31.234522205950828,1.1793242106606705,8.250486769345683,6.99594453735811,2800970000000.0,1897.7648516963577,0.13579132945616554,1154.8614696337454,0.22314365747153955,16.82666722309737,0.06529556238274117,0.5387201735357917,0.3694473700182437,,,-32.17630064122787,-0.12485952315507864,380347440066.836,2.8967224711152983,,0.7187957440300652,-70.15478786583796,,0.12038454954912758,,0.16150402830206922,,0.1758791630638381
2021-12-31,,20776000000.0,32352000000.0,8040000000.0,11719000000.0,,23007000000.0,88744000000.0,44071000000.0,8563000000.0,36239000000.0,39024000000.0,12033000000.0,28816000000.0,1797000000.0,3232116311.0,20644000000.0,62502000000.0,39139000000.0,31583000000.0,147120000000.0,769000000.0,23363000000.0,0,0.7284615141056898,,63230000000.0,0.13893425740396526,0.3645542233841161,1.403510991617903,,EQNR.OL,210.95448303222656,Equinor ASA,Energy,Oil & Gas Integrated,2.6493477263974614,,79.62506428670234,,110881000000.0,34.30600551800501,6.149199822215098,45.22158885665529,4.664906483071974,0.5559824669317106,0.002635556537790077,0.20985635875277356,0.3268278604990936,1.5969237844605126,42.070221066319895,6.427986495811474,0.030470964178701525,681829425487.0322,,,,,,,,,,
2022-12-31,16058705956.439873,26378000000.0,79533000000.0,8758000000.0,6733000000.0,10999000000.0,49861000000.0,149004000000.0,86266000000.0,28746000000.0,32167000000.0,53989000000.0,9438000000.0,35136000000.0,5380000000.0,3121942270.0,19062000000.0,78167000000.0,43805000000.0,78604000000.0,158021000000.0,929000000.0,34362000000.0,0,0.6343315861788205,0.8927608519816662,76718000000.0,0.37908582023045273,0.5337641942498188,1.9422299851403844,16058705956.439873,EQNR.OL,320.2857971191406,Equinor ASA,Energy,Oil & Gas Integrated,9.207729520251506,247.5470368992304,34.78444891487126,0.14051652304378442,125854000000.0,40.31272493709501,7.945029705109804,91.3878822246913,3.504685624858537,1.723286190042201,0.005380463965441369,0.18715647394420096,0.25558981041524304,1.78443100102728,85.6114101184069,8.44922734589836,0.026380274810485577,999913768506.8894,67.90318218696476,145.83642433234422,235.70010510335163,26.9638043896804,172.85266234102562,0.6790318218696476,1.4583642433234423,2.3570010510335164,0.269638043896804,2.475470368992304
2023-12-31,20759557491.289196,14126000000.0,39006000000.0,10575000000.0,10581000000.0,-8497000000.0,25980000000.0,106848000000.0,49587000000.0,11885000000.0,31795000000.0,48500000000.0,8070000000.0,24701000000.0,10906000000.0,2944733144.0,20156000000.0,62055000000.0,36190000000.0,37884000000.0,143580000000.0,1122000000.0,25865000000.0,0,0.6857776369971492,0.9718255796100107,72225000000.0,0.16969965373886048,0.3650606469002695,1.4793769470404985,20759557491.289196,EQNR.OL,296.74102783203125,Equinor ASA,Energy,Oil & Gas Integrated,4.036019367057459,-56.16705119127765,73.52319224582321,-1.3090092979145191,111785000000.0,37.96099494711973,7.8169981647055415,58.71332466302071,5.054066168712927,3.703561398159751,0.01248078644607288,0.917627261253681,0.28442993245963233,1.7147001934235977,34.76470588235294,4.797039089529126,0.016165742649663077,873823139841.6089,-28.29185793669968,-50.95620685753084,-58.65511723370208,-46.447797406930015,-55.23450240483878,0.09727048812692773,0.09803236481625466,0.178112112242802,-0.17542790644704254,0.23426137738434893
2024-12-31,15578176434.518814,7933000000.0,32043000000.0,12177000000.0,9906000000.0,-8719000000.0,22157000000.0,102502000000.0,41949000000.0,8806000000.0,30095000000.0,42380000000.0,5903000000.0,20110000000.0,8578000000.0,2727526828.0,20682000000.0,53194000000.0,36048000000.0,30986000000.0,131141000000.0,1057000000.0,17146000000.0,0,0.7150648680049054,1.3518106413109447,66572000000.0,0.13714739581984642,0.31260853446762016,1.5397163972841434,15578176434.518814,EQNR.OL,257.42230224609375,Equinor ASA,Energy,Oil & Gas Integrated,3.2285658603245095,-20.006185136857734,79.73270900542191,-3.985402937141124,101046000000.0,37.0467483445776,6.9485802060620445,51.87655545793377,4.962208843161053,3.144973648633164,0.012217176294331302,0.9741085623438563,0.2978346495655444,1.4756435863293387,30.31504257332072,2.9084956813484366,0.011298538067490116,702126235501.7454,-4.067460317460315,-17.85109983079526,-25.906604964240643,-43.84114398980603,-19.182277159567196,0.049214892840492075,-0.003193919240805587,0.009371207786208924,-0.27452045399117675,0.06812864557440323
2025-08-03,14903072534.041847,7508000000.0,31032000000.0,13172000000.0,10872000000.0,-8719000000.0,21878000000.0,106467000000.0,41904000000.0,8217000000.0,34345000000.0,41972000000.0,9472000000.0,20680000000.0,6792000000.0,2536991349.0,21528000000.0,56096000000.0,38270000000.0,30110000000.0,139091000000.0,922000000.0,,1,0.726602457655264,1.6741315272012236,66845000000.0,0.12692157280337868,0.2914705965228662,1.5927444087067095,14903072534.041847,EQNR.OL,261.6000061035156,Equinor ASA,Energy,Oil & Gas Integrated,3.2388758452956004,0.31933636844114766,80.76876626298726,252.92692673015287,104746000000.0,41.28748804811159,6.336060110963343,54.85265330336434,4.7691404216443,2.6771868980464544,0.010233894631436233,0.8265790434465132,0.32788841578676037,1.4657956623987458,33.657266811279825,2.959410958559008,0.011312732758071738,663676952382.9663,3.868217205517932,-3.155135286958155,-6.6886213945037465,-5.357367956636838,-7.456082527370878,0.04657174158442445,-0.01036018785960846,-0.01025837451432643,-0.2246628708869799,0.0515110342123255
2021-12-31,,-51090000.0,218525000.0,265934000.0,69833000.0,,99000.0,343448000.0,288358000.0,162205000.0,1633419000.0,889387000.0,200652000.0,214844000.0,98932000.0,53130584.0,1432767000.0,224891000.0,131587000.0,162304000.0,2572921000.0,56221000.0,93304000.0,0,0.0006099664826498423,,2322154000.0,0.09404703868665856,0.6362680813398244,0.1479006129653761,,FLNG.OL,190.02651977539062,Flex LNG Ltd,Industrials,Transportation,3.052949690897431,,62.243580476274175,,939502000.0,17.68288487098128,10.746352824319748,34.851994961168806,5.452385723890792,1.8620536902060025,0.009798914869392602,0.6099195462531981,1.7386008757831277,1.709067005099288,3.88689279806478,-0.9615930440365572,-0.005060309714523795,10096219971.154053,,,,,,,,,,
2022-12-31,229271102.00914216,219877000.0,264736000.0,5000.0,72224000.0,107546000.0,98000.0,347917000.0,336960000.0,188042000.0,1714731000.0,907090000.0,332329000.0,219882000.0,186094000.0,53682140.0,1382402000.0,354048000.0,153198000.0,188140000.0,2679512000.0,76596000.0,200850000.0,0,0.0005208886999043266,0.679324208919354,2289492000.0,0.11557066022032055,0.7609171152889913,0.15196253142618538,229271102.00914216,FLNG.OL,312.8236389160156,Flex LNG Ltd,Industrials,Transportation,3.502878238460687,14.737502845354689,89.30474244902203,6.059692974184646,964781000.0,17.97210394369524,17.40606664061481,37.63598099669756,8.311823702521927,3.466590564385101,0.011081613193930601,0.9896406122036567,1.7773266679173823,2.3110484471076647,3.45626403467544,4.095906012688764,0.013093339195470455,16793042379.598999,1.301215904591091,21.146779544674523,15.928608859159699,-530.371892738305,22.88601728904336,0.01301215904591091,0.2114677954467452,0.15928608859159699,,0.14737502845354689
2023-12-31,213109398.2367192,175032000.0,228841000.0,2000.0,73363000.0,88944000.0,78000.0,371022000.0,302204000.0,120039000.0,1812143000.0,847653000.0,410425000.0,175034000.0,181225000.0,53736318.0,1401718000.0,443061000.0,153267000.0,120117000.0,2709193000.0,108724000.0,289794000.0,0,0.0006493668673043782,0.7095072192618561,2249371000.0,0.10166948815323004,0.6167855275428411,0.1649447778956873,213109398.2367192,FLNG.OL,293.573486328125,Flex LNG Ltd,Industrials,Transportation,2.2338523454472634,-36.22809034809864,131.4202735585666,-3.6275793809668455,897050000.0,16.69355164974273,17.586041154558583,28.966289266991268,10.135004992257281,3.3724863694605944,0.011487707597991973,1.5097176750889294,2.0201137060364527,2.890778836931629,2.104788271218866,3.2572384285800897,0.011095138288270003,15775558217.696777,6.64095172124386,-13.558790644264473,-36.16372937960668,-20.395493844285674,-12.028288183687552,0.0393679846226167,0.023331526602906383,-0.13974131519762933,,-0.14460362023569828
2024-12-31,272823700.14259523,182795000.0,223404000.0,4000.0,75482000.0,25808000.0,132000.0,356349000.0,298886000.0,117684000.0,1810237000.0,806633000.0,437154000.0,182799000.0,161674000.0,54087768.0,1373083000.0,474379000.0,158777000.0,117816000.0,2668939000.0,105588000.0,315602000.0,0,0.0011203911183540437,0.4536798165466337,2179716000.0,0.1023774198760734,0.6269247282860342,0.16348414197078887,272823700.14259523,FLNG.OL,253.33094787597656,Flex LNG Ltd,Industrials,Transportation,2.175796938043367,-2.5988918883657175,116.43133761544401,-44.80037747497857,858702000.0,15.876084958802515,15.956764437413577,27.8786761420494,9.086907376275215,2.989104671503546,0.011799208492153608,1.3737976275449508,2.1081085172737457,2.987706027951152,2.1158086146152972,3.3795996166822784,0.013340650421980151,13702105535.935913,-3.9547520093148103,-2.375885440109071,-1.961862394721714,4.435188994012518,0.6963069606255923,0.012367475913224846,0.007387610440680481,-0.10143176617969396,,-0.1067639593269526
2025-08-03,,188100000.0,204400000.0,,75499000.0,25808000.0,185000.0,354551000.0,279899000.0,103188000.0,1783779000.0,784848000.0,409618000.0,188104000.0,,54087768.0,323988000.0,460255000.0,166086000.0,103373000.0,2627858000.0,101027000.0,,1,0.0017896355914987473,,2159009000.0,0.09450363499415597,0.5765038034020493,0.16421932469943387,,FLNG.OL,254.5,Flex LNG Ltd,Industrials,Transportation,1.9077880973014083,-12.317732232079138,133.40055971624608,-10.829961002791592,844079000.0,15.60572808254909,16.30811447269746,25.882030473404004,9.833077055585745,,,,2.1132844200602077,2.7711848078706214,2.0232215150405337,3.4776809425746684,0.013664758124065495,13765336956.0,-0.5045615393897585,-8.506562102737636,-12.317732232079127,2.9021581553105857,-7.690938970183614,0.007985838769715592,-0.016566630242799363,-0.10691819917434686,,-0.11089588187344357
2021-12-31,,6494200000.0,9068900000.0,532600000.0,,,1658300000.0,31667200000.0,,7141100000.0,3667400000.0,24429500000.0,2348100000.0,,6899500000.0,499960304.0,48000000.0,,,8799400000.0,124653100000.0,269500000.0,,0,0.18845603109302908,,25748800000.0,0.2858312270715695,0.2863814925222312,1.229851488224694,,GJF.OL,178.65452575683594,Gjensidige Forsikring ASA,Financials,Insurance,14.283333982451534,,12.507900884788553,,120985700000.0,241.99061211867732,0.7382704816219068,278.8722583979113,0.6406321187456415,13.80009561719124,0.07724459013131493,0.9661676772486031,0.030312673315937337,,33.65083487940631,12.98943125692635,0.07270698126397354,89320171008.36353,,,,,,,,,,
2022-12-31,,1697200000.0,,565100000.0,,,879700000.0,29683900000.0,,3437800000.0,3784000000.0,23959500000.0,3195200000.0,,3849800000.0,499951551.0,588800000.0,,,4317500000.0,128082500000.0,,,0,0.2037521713954835,,24548300000.0,,,1.2092038959927978,,GJF.OL,166.28024291992188,Gjensidige Forsikring ASA,Financials,Insurance,6.876266296451593,-51.85811446473383,24.1817631474989,-0.466306255001688,124298500000.0,248.6210908864647,0.6688098838559734,196.12663925794624,0.8478207934885872,7.700346148141063,0.0463094473096809,1.1198440863342836,0.030442845247529132,,,3.394728942445065,0.02041570834172955,83132065348.47171,-6.262947150363784,0.0,-51.85895730349665,-73.86591112069232,0.0,-0.06262947150363785,,-0.5185895730349666,-0.7386591112069232,-0.5185811446473383
2023-12-31,,4142900000.0,,717300000.0,,,1418600000.0,37014300000.0,,4131180000.0,4361800000.0,24235000000.0,2986900000.0,,4124900000.0,499953317.0,1374900000.0,,,5504300000.0,148282000000.0,,,0,0.2577257780280871,,25609900000.0,,,1.4453121644364093,,GJF.OL,170.5185546875,Gjensidige Forsikring ASA,Financials,Insurance,8.263131495535212,20.168869838553128,20.636069361795304,1.0231643878403696,143920200000.0,287.8672770161859,0.5923512962465417,231.34479932136819,0.7370753748850322,8.250570322748754,0.048385176251752315,0.9984798532138517,0.030307072947369444,,,8.286573684238602,0.04859631668486137,85251317026.06152,24.694868261919755,0.0,20.169294316132415,144.10205043601226,0.0,0.08113502655061544,,-0.23940318640677927,-0.20128949664374685,-0.23939787163919113
2024-12-31,,3812000000.0,,419700000.0,,,1642700000.0,40364300000.0,,5140500000.0,5412200000.0,26015800000.0,3686400000.0,,4374700000.0,499949084.0,405100000.0,,,6823400000.0,171486300000.0,,,0,0.24074508309640355,,27741600000.0,,,1.4550098047697322,,GJF.OL,193.59213256835938,Gjensidige Forsikring ASA,Financials,Insurance,10.282047041414321,24.43281396368897,18.828170284438837,0.7706099801856829,166074100000.0,332.18202676014903,0.582789305178579,277.2165265146625,0.6983426818102055,8.750291059639185,0.045199621201287024,0.851026164769964,0.032589067169414135,,,7.624776446235073,0.039385776400508866,96786209347.15784,9.050556136412148,0.0,24.43176041712054,-7.9871587535301325,0.0,0.08424955720838434,,-0.10378250756436402,-0.16271030870676118,-0.1037758032249525
2025-08-03,,6357300000.0,,329400000.0,,,2082200000.0,43514700000.0,,6559800000.0,5345800000.0,24726400000.0,4098200000.0,,4999700000.0,499948775.0,1247600000.0,,,8616900000.0,183317000000.0,,,1,0.24164142557068088,,25974000000.0,,,1.6753176253176254,,GJF.OL,270.79998779296875,Gjensidige Forsikring ASA,Financials,Insurance,13.120944240737463,27.61023352537244,20.638757609547497,0.7475039133798524,177971200000.0,355.9788700352351,0.7607192746192063,324.17977320276106,0.8353389390015846,10.00042454349448,0.036929191263996575,0.7621726272142443,0.03003744426064442,,,12.715902744236146,0.04695680693293706,135386122167.10968,7.804916720963817,0.0,27.610154654216522,66.77072402938091,0.0,0.08269612443046825,,-0.02100297753023428,-0.005312267723134201,-0.02099733357247635
2021-12-31,,115399000.0,567516000.0,444999000.0,123699000.0,,389000.0,1203181000.0,691215000.0,527218000.0,1418842000.0,1928741000.0,197032000.0,560398000.0,320692000.0,200435621.0,1065313000.0,369390000.0,248073000.0,527607000.0,3454177000.0,39909000.0,121317000.0,0,0.0007372912034904768,,3150551000.0,0.17999949070666046,0.4716796558456292,0.38189542083273686,,GOGL.OL,76.43233489990234,Golden Ocean Group Ltd,Industrials,Transportation,2.630360797994085,,29.057737994798924,,2035335000.0,10.154557307954757,7.526899753672933,24.514860043168557,3.1177960945039698,1.5999750862647313,0.020933222678073328,0.6082720999662379,0.6971048991934988,1.4890375010581562,14.22025107118695,0.5757409757021184,0.007532688572920386,15319762510.1419,,,,,,,,,,
2022-12-31,614768710.0184758,442356000.0,512583000.0,61031000.0,129839000.0,-33798000.0,379000.0,1113456000.0,642422000.0,461847000.0,1245428000.0,1917033000.0,134784000.0,503387000.0,471676000.0,200485621.0,986072000.0,299147000.0,211628000.0,462226000.0,3257291000.0,50357000.0,87519000.0,0,0.0008199452216015543,0.30665906552857847,3027677000.0,0.1691602869191383,0.4603531706686209,0.36775917642469785,614768710.0184758,GOGL.OL,84.49248504638672,Golden Ocean Group Ltd,Industrials,Transportation,2.303641516515541,-12.421082374999681,36.677792286965285,-2.952866036923471,2011863000.0,10.034949089939971,8.419821993027385,22.806376742993944,3.7047745899550915,2.352667476337368,0.027844695005073458,1.0212819396899842,0.6190421514785053,1.413551136900599,10.178982068034236,2.2064225743151926,0.026113832172220495,16939528334.358055,-7.4573152335351,-9.679550884908972,-12.399235230967076,283.3274118493228,-6.021796920073785,-0.074573152335351,-0.09679550884908972,-0.12399235230967076,2.833274118493228,-0.12421082374999681
2023-12-31,-97581126.5945093,-211206000.0,210631000.0,477543000.0,135548000.0,-34793000.0,541000.0,885767000.0,346179000.0,112268000.0,1469908000.0,1921891000.0,116382000.0,266337000.0,100020000.0,199628293.0,1253685000.0,278917000.0,226191000.0,112809000.0,3489018000.0,97822000.0,52726000.0,0,0.004795716653813082,2.7526203055833216,3275417000.0,0.06399822477733086,0.23779504090804918,0.27042877288601724,-97581126.5945093,GOGL.OL,97.27915954589844,Golden Ocean Group Ltd,Industrials,Transportation,0.5623852126011016,-75.58712114844333,172.97602669168737,-2.288432527440552,2019110000.0,10.114347869517674,9.61793689527681,11.312983370035704,8.598895301442614,0.5010311839915397,0.005150447293442561,0.8909039085046494,0.7279979793077148,1.2331038812331172,2.1532068450859723,-1.0579963231965321,-0.01087587853488132,19419672564.62236,-20.448854736963117,-58.907923204632226,-75.69151688762729,-147.74570707755746,-62.16711029349153,-0.1419862146277323,-0.390782893277821,-0.5385412574217527,,-0.5376090933063677
2024-12-31,365261320.5280611,263848000.0,325304000.0,101450000.0,141627000.0,-577000.0,548000.0,968420000.0,466931000.0,223214000.0,1379846000.0,1899977000.0,129106000.0,365298000.0,239913000.0,199403293.0,1173421000.0,286541000.0,234392000.0,223762000.0,3379294000.0,101542000.0,52149000.0,0,0.00244903066651174,0.7467144563918757,3150717000.0,0.10299475342535083,0.33591210425228724,0.3073649585157918,365261320.5280611,GOGL.OL,99.35894012451172,Golden Ocean Group Ltd,Industrials,Transportation,1.1194097983126086,99.04680514894744,88.76011294012682,0.8961431194741576,1999448000.0,10.027156371986294,9.908984804714835,15.891859065896561,6.252191119523136,1.2031546540206837,0.012109173593367136,1.0748116157588683,0.6901134713180838,1.2224862623297723,3.2036398731559355,1.323187777044384,0.013317249312303759,19812499849.817467,9.331234963596513,54.442603415451664,98.8224605408487,-224.9244813120839,60.93376618445381,-0.06979730173317811,-0.1693136047149041,-0.2491087096542305,0.31739877023400553,-0.2478151298174156
2025-08-03,,172605000.0,209811000.0,,138462000.0,-577000.0,743000.0,863612000.0,348273000.0,113685000.0,1444820000.0,1825925000.0,106705000.0,246161000.0,209935000.0,199403293.0,1217574000.0,289602000.0,355708000.0,114428000.0,3393626000.0,95383000.0,,1,0.006493166008319642,,3164040000.0,0.06588053954647491,0.2429459062634609,0.27294598045536717,,GOGL.OL,84.8499984741211,Golden Ocean Group Ltd,Industrials,Transportation,0.570125990848105,-49.069054808390156,148.82675029058117,-3.0330062576451704,1948806000.0,9.773188650400071,8.681915545613428,11.19682318422207,7.578042189117259,1.0528161137238592,0.012407968564017874,1.8466376390904695,0.7413872904742699,0.8141565553768821,2.1996687040667626,0.8656075704828003,0.010201621520910305,16919369106.784721,-10.822576981061937,-35.50309864004132,-49.069054808390156,-34.58165307298141,-36.0350528978894,-0.07955694376190281,-0.22023715806274924,-0.3185590405462474,0.10589229356868257,-0.3176787780401117
2021-12-31,,79408000.0,-12099000.0,27030000.0,151679000.0,,4390000.0,811217000.0,139580000.0,-55493000.0,1331203000.0,1112012000.0,100075000.0,106438000.0,-0.0,363155622.0,1231128000.0,372517000.0,345344000.0,-51103000.0,2540491000.0,39004000.0,27173000.0,0,0.25,,2343140000.0,-0.0038726879315789924,-0.014914628268391811,0.34620936008945263,,HAFNI.OL,16.54771614074707,Hafnia ASA,Industrials,Transportation,-0.15280776790507736,,-108.2910664006711,,1209288000.0,3.3299443179210924,4.96936722085429,,,-0.0,-0.0,0.0,1.1008155211992512,1.0786838630467013,-0.31019895395344066,0.21866107858299932,0.0132139732590994,6009396147.772442,,,,,,,,,,
2022-12-31,237271742.0460075,323511000.0,849361000.0,447376000.0,209219000.0,366452000.0,6678000.0,1926551000.0,1058580000.0,751589000.0,1775287000.0,2009004000.0,174440000.0,770887000.0,243748000.0,500594796.0,557365000.0,874789000.0,481164000.0,758267000.0,3945339000.0,91094000.0,393625000.0,0,0.00880692421007376,1.2140354083326708,3609851000.0,0.23321758766386966,0.440871277220276,0.5336926648773038,237271742.0460075,HAFNI.OL,48.48675537109375,Hafnia ASA,Industrials,Transportation,1.5013919561401114,-1082.5364094531903,32.294535196356755,-0.02983228546804198,2170052000.0,4.33494718151245,11.185085617162438,12.101249259635898,4.006756189447553,0.48691676770846815,0.010042263376500386,0.32431022806347615,0.8180850044146407,1.8180682677839572,9.32400597185325,0.646253222336734,0.013328448509095526,24272217413.69458,137.48898260268217,-7120.0925696338545,-1454.3852377777378,307.40353616764054,-6122.111561382148,1.3748898260268216,,,3.0740353616764056,
2023-12-31,1018670974.4786286,876414000.0,876911000.0,184392000.0,211027000.0,-121981000.0,6251000.0,2671706000.0,1087938000.0,793275000.0,1292351000.0,2227724000.0,141621000.0,1060806000.0,544136000.0,504193519.0,430890000.0,932837000.0,661193000.0,799526000.0,3913940000.0,77385000.0,271644000.0,0,0.007818382391567003,0.31405830059954515,3378454000.0,0.25753050788278564,0.3282213686685586,0.790807274569966,1018670974.4786286,HAFNI.OL,68.78453826904297,Hafnia ASA,Industrials,Transportation,1.5733542183829619,4.793036351936797,43.718405852521435,9.12123394074728,2621589000.0,5.19956901707021,13.228892249188924,13.56713626940362,5.069937892800908,1.0792205363512417,0.01568987105983022,0.6859361507673883,0.4929647629739063,1.4108391952122905,11.331795567616464,1.7382492375908545,0.025270929795179965,34680718402.65894,38.67818708147357,3.243614905793879,5.546382397826477,170.90701707206247,10.42499429929682,0.8147876338338758,,,2.322175141797699,
2024-12-31,1016995753.0884973,980741000.0,830828000.0,49623000.0,215111000.0,-25395000.0,4418000.0,2868647000.0,1045939000.0,774035000.0,1122249000.0,2262506000.0,195271000.0,1030364000.0,699883000.0,502924476.0,380105000.0,900079000.0,653830000.0,778453000.0,3702290000.0,52375000.0,246249000.0,0,0.005675358692175379,0.28961290400648587,3189484000.0,0.259011411591498,0.2896236448750927,0.8994078666016195,1016995753.0884973,HAFNI.OL,60.600067138671875,Hafnia ASA,Industrials,Transportation,1.5390680647644597,-2.1791757519003085,39.374520546592045,-18.068538305024845,2580041000.0,5.130076429209224,11.812702593207385,13.328524976340338,4.5466446772050135,1.3916264437287,0.022964107292888378,0.9042007144379776,0.4349733201914233,1.3766254225104384,15.863064439140812,1.9500760985035057,0.03217943792110201,30477257011.281372,7.371357477207452,-5.25515132094363,-2.4253884214175403,11.903849094149566,0.5750401072428968,0.523514839708354,,,1.3115148677803319,
2025-08-03,842679781.477383,857648000.0,672657000.0,61555000.0,210612000.0,-25395000.0,4094000.0,2631664000.0,883269000.0,617654000.0,1066530000.0,2278436000.0,188141000.0,919203000.0,590995000.0,497989642.0,374022000.0,901255000.0,724485000.0,621748000.0,3696433000.0,50909000.0,,1,0.006584661309726771,0.36910807208894303,3156825000.0,0.2116771697757662,0.2556013989627855,0.8336426631187982,842679781.477383,HAFNI.OL,55.84000015258789,Hafnia ASA,Industrials,Transportation,1.2402948734423678,-19.412604170161664,45.02155201013381,-2.3191917795003842,2629903000.0,5.2810395602565565,10.57367579156615,12.13985344199971,4.599726052655687,1.1867616314798772,0.021252894488483935,0.9568382945791656,0.40553967199550706,1.2439940095378097,13.212928951658842,1.7222205597601565,0.030842058650681087,27807741685.26719,-8.261141925095695,-19.037755106953547,-20.20334997771419,-12.551020096029431,-18.27496384228251,0.3420643777198369,,,0.8128472217382794,
2021-12-31,,148442000.0,161679000.0,23661000.0,134461000.0,,3924000.0,946915000.0,296140000.0,124768000.0,719817000.0,800549000.0,228416000.0,172103000.0,-0.0,190769749.0,216568000.0,365319000.0,259370000.0,128693000.0,1651635000.0,32986000.0,105949000.0,0,0.030491168905845696,,1291950000.0,0.12132761972403869,0.17074288610910165,0.7329347110956307,,HAUTO.OL,11.171144485473633,Hurtigruten ASA,Industrials,Transportation,0.6540240297742385,,17.080633091309785,,931818000.0,4.884516569762851,2.2870522242933053,8.478107231879362,1.3176460476305274,-0.0,-0.0,-0.0,0.7724866873144756,1.4084859467170452,4.9014430364397015,0.7781212733052346,0.06965457069479877,2131116429.536539,,,,,,,,,,
2022-12-31,412240765.85017395,269737000.0,344812000.0,135668000.0,151470000.0,-68111000.0,14991000.0,1270320000.0,496282000.0,298585000.0,563312000.0,1062973000.0,183940000.0,405405000.0,35000000.0,190769749.0,80580000.0,326888000.0,289050000.0,313577000.0,1752187000.0,31235000.0,37838000.0,0,0.047806439885578346,0.6640783940379782,1442345000.0,0.22763469617197962,0.2714371182064362,0.880732418388111,412240765.85017395,HAUTO.OL,32.708072662353516,Hurtigruten ASA,Industrials,Transportation,1.565159054646552,139.31216337522443,20.897603068040734,0.1500055886129266,1188875000.0,6.231989118987623,5.248416201931189,14.814392308020974,2.2078578710680117,0.1834672435407985,0.0056092343145601005,0.11721955222131052,0.4738193670486805,1.130904687770282,11.03928285577077,1.4139401105989817,0.04322908675161422,6239710812.070942,34.15354070851133,113.26950315130597,139.31216337522443,81.71204915050996,87.619848382205,0.3415354070851133,1.1326950315130597,1.3931216337522443,0.8171204915050996,1.3931216337522443
2023-12-31,263717389.5969652,568046000.0,631203000.0,178210000.0,145565000.0,326101000.0,8278000.0,1446075000.0,776768000.0,589585000.0,509847000.0,1411729000.0,458333000.0,746256000.0,241000000.0,190769749.0,51514000.0,593203000.0,229264000.0,597864000.0,2059344000.0,33339000.0,363939000.0,0,0.013845958278136833,1.043265240598788,1463243000.0,0.42539987520662337,0.4364939577822727,0.9882671572664281,263717389.5969652,HAUTO.OL,56.2587890625,Hurtigruten ASA,Industrials,Transportation,3.090558136657191,97.45968484686105,18.20343982376938,0.18677917799931887,1549497000.0,8.122341241849618,6.9264252002405104,23.765684837773005,2.367227767536608,1.263303019809498,0.022455211725336773,0.4087620953721685,0.32904032728040133,2.587423232605206,18.932871411859985,2.9776523949821834,0.05292777261299026,10732475068.49707,13.83549027016815,83.05714418291707,97.45968484686102,110.59254014095212,86.87831089037093,0.23577643924912017,0.9758670549454411,1.1738101195847888,0.9562004499749874,1.1738101195847888
2024-12-31,392695250.0,290756000.0,610679000.0,416907000.0,131922000.0,-219671000.0,-35580000.0,1370828000.0,742601000.0,619509000.0,788608000.0,1177449000.0,207866000.0,707663000.0,840995000.0,190766097.0,499913000.0,351705000.0,207437000.0,583929000.0,2105644000.0,26750000.0,144268000.0,0,0.25,0.5093283033582511,1758191000.0,0.26050028125499447,0.4454818547622313,0.7796809334139465,392695250.0,HAUTO.OL,95.56541442871094,Hurtigruten ASA,Industrials,Transportation,3.2474795560764655,5.077445965439886,29.42756460156781,5.795741560199615,1317036000.0,6.903931152923887,13.842173728548552,22.46015235261761,4.2548871854635175,4.408513950987842,0.04613085159879119,1.3575186155487653,0.5987748246820892,1.6954786272458626,22.829121495327104,1.524149230772384,0.01594875342595156,18230641118.75267,-5.2035337033003115,-3.2515688296791967,5.075434415733104,-48.81470866795999,-38.76343261067827,0.13124669513131448,0.5573508245044994,0.7060095927512684,0.2511920113160595,0.7060204792196949
2025-08-03,430095000.0,248483000.0,656528000.0,415382000.0,133410000.0,-219671000.0,-32654000.0,1371892000.0,789938000.0,659094000.0,760227000.0,1242562000.0,232929000.0,663865000.0,570993000.0,190766097.0,459723000.0,389266000.0,212398000.0,626441000.0,2120774000.0,30087000.0,,1,0.25,0.4775530991813483,1769860000.0,0.27821183596442656,0.47855662107512836,0.7751415366187157,430095000.0,HAUTO.OL,105.5,Hurtigruten ASA,Industrials,Transportation,3.4549849809004582,6.389737679355756,30.535588601170698,4.7788485433175785,1360547000.0,7.132016754528452,14.792449826062606,23.546183179755275,4.480556326033666,2.993157636390705,0.02837116243024365,0.8663301441069104,0.5587657023241388,1.8327197054586202,21.820985807823977,1.3025532519019876,0.012346476321345853,20125823233.5,0.0776173232527988,7.507872384673453,6.389737679355756,-14.53899489606405,6.799053968043456,0.09711519949083258,0.4195474360499567,0.5160413127050605,0.13745695662088964,0.5160485683747189
2021-12-31,,4179000000.0,3142000000.0,791000000.0,1223000000.0,,632000000.0,27449000000.0,4365000000.0,2159000000.0,4330000000.0,13619000000.0,8118000000.0,4970000000.0,,891097295.0,-3788000000.0,24624000000.0,19164000000.0,2922000000.0,39310000000.0,220000000.0,5460000000.0,0,0.216290212183436,,9831000000.0,0.2504746366920602,0.1144668293926919,2.7920862577560777,,KOG.OL,54.31998062133789,Kongsberg Gruppen ASA,Industrials,Industrial Machinery,2.4228555199463377,,22.419818340030854,,34980000000.0,39.25497271316484,1.3837732360242028,46.25965158512623,1.174241023440896,,,,0.12378502001143511,1.284909204758923,14.281818181818181,4.689723583999882,0.08633514832583854,48404387796.12662,,,,,,,,,,
2022-12-31,5917867314.841292,28000000.0,3798000000.0,1078000000.0,1292000000.0,-2652000000.0,687000000.0,31803000000.0,5090000000.0,2773000000.0,4398000000.0,13744000000.0,3932000000.0,1106000000.0,,883097310.0,466000000.0,26905000000.0,24097000000.0,3497000000.0,43225000000.0,301000000.0,2808000000.0,0,0.19645410351730055,-0.09064609450337512,14210000000.0,0.21476898767356034,0.11942269597207811,2.2380717804363126,5917867314.841292,KOG.OL,79.77654266357422,Kongsberg Gruppen ASA,Industrials,Industrial Machinery,3.1400843016949063,29.60262284911046,25.405860161306393,0.8582300389666256,38827000000.0,43.96684211392287,1.814470606209664,55.73455652584959,1.4313658820730726,,,,0.1132716923790146,1.116529028509773,12.617940199335548,0.03170658508743504,0.0003974424565018433,70450450227.30263,15.862144340413131,20.87842138765117,28.439092172301983,-99.32998324958125,-14.255195452143642,0.1586214434041313,0.2087842138765117,0.28439092172301983,-0.9932998324958124,0.2960262284911046
2023-12-31,1652459679.1443844,3444000000.0,5014000000.0,2383000000.0,1437000000.0,1387000000.0,959000000.0,40617000000.0,6451000000.0,3712000000.0,4890000000.0,16465000000.0,5975000000.0,5827000000.0,,879522995.0,-1085000000.0,34884000000.0,30689000000.0,4675000000.0,53222000000.0,339000000.0,4195000000.0,0,0.2051336898395722,1.2840937114673243,15380000000.0,0.25913261893006406,0.12344584779772017,2.6408972691807544,1652459679.1443844,KOG.OL,91.73418426513672,Kongsberg Gruppen ASA,Industrials,Industrial Machinery,4.220469528485722,34.40624909998953,21.735540002358544,0.6317323326699148,48332000000.0,54.95251434557433,1.6693355228162485,72.23795246929654,1.2698890421088098,,,,0.10117520483323678,1.1366939294209653,14.7905604719764,3.915758905200654,0.042685929313799165,80682324488.75491,27.714366569191597,32.016850974196956,33.862243058059875,12200.0,20.656441945861626,0.21643990290454163,0.26324932386008926,0.31122633341941564,-0.09218911495010407,0.31982583739937187
2024-12-31,3516975546.780073,11498000000.0,7073000000.0,2246000000.0,1521000000.0,1283000000.0,1441000000.0,48872000000.0,8594000000.0,5126000000.0,4689000000.0,19270000000.0,14293000000.0,13744000000.0,,879535975.0,-9604000000.0,49174000000.0,43696000000.0,6584000000.0,69414000000.0,489000000.0,5478000000.0,0,0.21886391251518833,0.8966619318181818,9666000000.0,0.5715886143989316,0.1447249959076772,5.0560728326091455,3516975546.780073,KOG.OL,254.50204467773438,Kongsberg Gruppen ASA,Industrials,Industrial Machinery,5.828073149594592,38.0906344722661,43.66829964984874,1.1464314064299388,64725000000.0,73.58994042284627,3.4583809039030458,98.23426086055598,2.590766627124128,,,,0.0724449594438007,1.1253661662394727,14.464212678936605,13.07280239446715,0.05136619790627109,223843704005.12466,20.324002265061438,41.065017949740735,38.0926724137931,233.85598141695704,120.57763964991017,0.21202393117086116,0.310586909508894,0.3340598685637699,0.4012532871133807,0.339879756607959
2025-08-03,5161904331.711838,10662000000.0,9145000000.0,2300000000.0,1606000000.0,1283000000.0,1894000000.0,53148000000.0,10751000000.0,6712000000.0,5313000000.0,18994000000.0,14385000000.0,12962000000.0,,879594330.0,-9072000000.0,50634000000.0,47876000000.0,8634000000.0,72354000000.0,511000000.0,,1,0.21936529997683576,0.715625430975038,9922000000.0,0.7195025530852486,0.17206668171897344,5.356581334408386,5161904331.711838,KOG.OL,304.8500061035156,Kongsberg Gruppen ASA,Industrials,Industrial Machinery,7.630790434949711,30.93161734733063,39.949990594326245,1.2915584124078754,67041000000.0,76.21809021893081,3.9997066999167337,114.39447609385212,2.6649014577715184,,,,0.07925001118718396,1.0576071518088395,17.89628180039139,12.121496963264873,0.039762167362886215,268144336869.11774,8.74938615157963,29.29450021207409,30.94030433086228,-7.270829709514704,25.877691570511697,0.17961449308921718,0.30615399254847264,0.3278524718489615,0.2638384875632305,0.33217261695591205
2021-12-31,,588400000.0,652500000.0,244700000.0,373200000.0,,105500000.0,4165900000.0,1025700000.0,487600000.0,1877500000.0,3131400000.0,94900000.0,833100000.0,226800000.0,517111091.0,1264200000.0,2717400000.0,972900000.0,593400000.0,6259500000.0,59100000.0,1744500000.0,0,0.17778901247050893,,4914000000.0,0.10917636739173646,0.15662881970282533,0.8477614977614978,,MOWI.OL,184.17613220214844,Mowi ASA,Consumer Staples,Food Products,0.9429308488763394,,195.32305303366124,,4382000000.0,8.474001189040441,21.734258479966503,13.408353199689468,13.73592487155051,0.43859047687685354,0.002381364358306018,0.465135356849877,0.4284573254221817,2.7930928152944805,11.040609137055837,1.1378599497104966,0.006178107532748065,95239520659.21321,,,,,,,,,,
2022-12-31,622074892.596663,309600000.0,1053500000.0,335200000.0,386600000.0,256000000.0,215500000.0,4907300000.0,1440100000.0,782400000.0,2400300000.0,3687200000.0,170900000.0,644800000.0,380600000.0,517111091.0,1766500000.0,3488900000.0,1488400000.0,1000900000.0,7531300000.0,52600000.0,2000500000.0,0,0.21530622439804176,1.1668257756563245,5916600000.0,0.139721274481402,0.21468017035844558,0.8294121623905621,622074892.596663,MOWI.OL,152.51947021484375,Mowi ASA,Consumer Staples,Food Products,1.5130211159984577,60.459392945036925,100.80458798765319,1.667310620854128,5131000000.0,9.922432702183137,15.371177088586991,18.379040494833408,8.298554554995349,0.7360120612845258,0.004825692485344697,0.4864519427402863,0.46780354706684857,2.344060736361193,20.02851711026616,0.5987108097049112,0.003925471343832681,78869509641.53986,17.79687462493098,61.455938697318004,60.4593929450369,-47.38273283480625,27.977581430299068,0.1779687462493098,0.61455938697318,0.604593929450369,-0.4738273283480625,0.6045939294503693
2023-12-31,-211889607.21041512,595900000.0,1011800000.0,396300000.0,403800000.0,714200000.0,459200000.0,5478300000.0,1415600000.0,444400000.0,2566900000.0,3754700000.0,288400000.0,992200000.0,326100000.0,517111091.0,1804700000.0,3979500000.0,1264800000.0,898700000.0,8239000000.0,113100000.0,2714700000.0,0,0.510960275954156,2.7403184943901557,6033200000.0,0.08201458476257789,0.18469233156271106,0.908025591725784,-211889607.21041512,MOWI.OL,172.68959045410156,Mowi ASA,Consumer Staples,Food Products,0.8593898056617006,-43.20040899795501,200.94442512165537,-4.651447284472875,5672100000.0,10.968822944855383,15.74367562702767,14.56352048529577,11.857681707418179,0.6306188470438356,0.00365174788697785,0.7337983798379838,0.4525484388498087,3.14634724857685,8.946065428824049,1.1523636030463713,0.006673034547225087,89299702524.06364,11.635726366841226,-3.9582344565733285,-43.20040899795501,92.47416020671835,-41.30129068247608,0.14674930401103348,0.24525151716276516,-0.045325820412297935,0.006353034972976124,-0.045325820412297935
2024-12-31,670857843.91325,542400000.0,775200000.0,374200000.0,447800000.0,-14600000.0,156900000.0,5566400000.0,1223000000.0,468500000.0,2675100000.0,4005600000.0,276700000.0,916600000.0,293500000.0,517111091.0,1880600000.0,4111800000.0,1411700000.0,631700000.0,8554700000.0,143500000.0,2700100000.0,0,0.24837739433275288,1.3058385896813844,6404000000.0,0.09098342347177545,0.13926415636677206,0.8692067457838851,670857843.91325,MOWI.OL,191.2101593017578,Mowi ASA,Consumer Staples,Food Products,0.9059948783809783,5.423042304230408,211.04993401668258,38.917257542329466,5879600000.0,11.370090687147918,16.816942323766206,15.224256579842368,12.559572830303521,0.5675763005439,0.0029683375748261413,0.6264674493062967,0.45497993060752434,2.9126584968477722,5.402090592334495,1.0489042092504646,0.005485609201314137,98876894086.81578,1.6081631162951915,-23.384067997627987,5.42304230423043,-8.978016445712367,10.935663132552875,0.10142566041019574,0.059118163289074044,-0.013231449784470217,-0.026769586337954787,-0.013231449784470217
2025-08-03,537967155.8350804,562200000.0,571200000.0,355300000.0,450500000.0,-14600000.0,107500000.0,5591200000.0,1021700000.0,325700000.0,2621400000.0,3903000000.0,200300000.0,917500000.0,,517111091.0,1894600000.0,3763400000.0,1038800000.0,429300000.0,8171300000.0,141900000.0,,1,0.2504076403447473,1.7062756092301057,6324100000.0,0.06770404576699932,0.10216053798826728,0.8841099919356114,537967155.8350804,MOWI.OL,191.10000610351562,Mowi ASA,Consumer Staples,Food Products,0.6298453188659223,-30.480256136606187,303.4078374157066,-9.954241724737994,5549900000.0,10.732510086502863,17.805714093280173,12.332719807384958,15.495365911830982,,,,0.4723328348258527,3.622834039276088,4.025369978858351,1.087193854057174,0.0056891356323047915,98819932646.29562,0.4455303248059872,-26.315789473684216,-30.480256136606187,3.6504424778761146,-25.586394550209224,0.07633892544807996,-0.032720640268268375,-0.09595819151135299,-0.011322742295020616,-0.09595819151135299
2021-12-31,,162103000.0,215340000.0,50084000.0,62049000.0,,676000.0,409504000.0,277389000.0,189725000.0,231826000.0,727589000.0,156767000.0,212187000.0,,443700279.0,75059000.0,231594000.0,155213000.0,190530000.0,1034613000.0,24810000.0,76381000.0,0,0.0035479976906523905,,802648000.0,0.26733508857842403,0.5258556692974916,0.5101912669065394,,MPCC.OL,7.752071857452393,MPC Container Ships ASA,Industrials,Transportation,0.42759720689740655,,18.129379080140595,,802787000.0,1.8093001920334606,4.284569189560462,4.17218928650536,1.8580345533520972,,,,0.28877647495537423,1.4921043984717774,8.67956469165659,0.36534347096951003,0.04712849386429384,3439596445.979675,,,,,,,,,,
2022-12-31,500136188.04085135,337384000.0,447036000.0,99071000.0,75392000.0,-77877000.0,1071000.0,668528000.0,522428000.0,434832000.0,153688000.0,721446000.0,94603000.0,436455000.0,441022000.0,443700279.0,58971000.0,156519000.0,158015000.0,436118000.0,956321000.0,10918000.0,-1496000.0,0,0.0024557573867622982,0.2165775341114213,780531000.0,0.5713266840661695,0.6686870258238997,0.8565040978513345,500136188.04085135,MPCC.OL,7.253818988800049,MPC Container Ships ASA,Industrials,Transportation,0.9800129064151434,129.19067070760312,7.401758631255472,0.05729329053494777,802633000.0,1.8089531108904262,4.00995412491896,6.315690097279943,1.148539411698516,0.9939637653462012,0.13702627083483732,1.014235382860507,0.19147979213413852,0.9905325443786982,40.94486169628137,0.7603871711786776,0.10482577141126917,3218521509.1460795,63.253106196764875,107.5954304820284,129.19067070760312,108.12939920914482,113.71182028675899,0.6325310619676487,1.075954304820284,1.291906707076031,1.0812939920914482,1.291906707076031
2023-12-31,114324311.40676707,231904000.0,340402000.0,252730000.0,102706000.0,75387000.0,638000.0,733918000.0,443108000.0,324961000.0,126515000.0,753481000.0,117579000.0,484634000.0,293134000.0,443700279.0,8936000.0,181455000.0,107564000.0,325754000.0,954744000.0,14648000.0,73891000.0,0,0.0019585331262240834,1.268006616357236,762417000.0,0.44560301174654693,0.4638147585970095,0.9626201934112172,114324311.40676707,MPCC.OL,9.376312255859375,MPC Container Ships ASA,Industrials,Transportation,0.732388541049351,-25.26745961658755,12.802374327737557,-0.5066743757387098,828229000.0,1.86664070139113,5.023094293867908,5.546160009321017,1.690595338053952,0.6606576868976907,0.07046029066329755,0.9020590163127268,0.15275364663637714,1.686949165148191,23.238803932277445,0.5226591259366776,0.0557425042676092,4160272363.915924,9.78119091496541,-23.853559892268184,-25.26745961658755,-31.264078913048632,-22.005566311875878,0.3387352396515215,0.2572848926889475,0.30873989219238407,0.19607549761352328,0.30873989219238407
2024-12-31,-114726000.0,-84258000.0,282736000.0,408185000.0,71139000.0,-10268000.0,-323000.0,540465000.0,353875000.0,266683000.0,343353000.0,817620000.0,125696000.0,323927000.0,204359000.0,443700279.0,217578000.0,178061000.0,114438000.0,266371000.0,1231374000.0,16365000.0,63623000.0,0,0.25,1.6570962237554714,1035277000.0,0.2048263411627999,0.5231347080754536,0.5220486884186551,-114726000.0,MPCC.OL,19.535778045654297,MPC Container Ships ASA,Industrials,Transportation,0.6010431199210492,-17.933844369016594,32.5031223187788,-1.8123901183693119,888021000.0,2.001398335834718,9.761064399759562,5.2024850551861395,3.755085855783458,0.4605789305802983,0.02357617544097525,0.7662993141670073,0.3866496400422963,1.555960432723396,17.276871371830126,-0.18989846071293545,-0.009720547616232672,8668030169.338886,-26.358939282045135,-16.94055851610743,-17.933844369016594,-136.33313785014488,-54.03389659329717,0.09690700210738323,0.09501180265715692,0.12018629983365958,,0.12018629983365936
2025-08-03,-142233500.0,-112043000.0,268254000.0,421068000.0,67376000.0,-10268000.0,-130000.0,520031000.0,335630000.0,249920000.0,433018000.0,837378000.0,219386000.0,309025000.0,,443700279.0,213597000.0,275171000.0,102703000.0,249851000.0,1344846000.0,18403000.0,,1,0.25,1.7816859425301061,1051010000.0,0.1914258665474163,0.515842324784484,0.49479167657776807,-142233500.0,MPCC.OL,18.895000457763672,MPC Container Ships ASA,Industrials,Transportation,0.5632631121243897,-6.285739998425088,33.545602492056936,-5.3367785655248055,911828000.0,2.055053925264717,9.19440615424715,5.10338726380637,3.702443001292205,,,,0.4748900011844339,2.6792888231113015,14.576645112209965,-0.252519561746771,-0.013364358593757774,8383716974.814869,-3.7808183693671227,-5.122092694244806,-6.2857399984250995,32.97609722518931,-6.542359024385758,0.061555662613909545,0.05646563424605677,0.07131975340496965,,0.07131975340496965
2021-12-31,,65124000.0,88082000.0,30694000.0,37798000.0,,16089000.0,610526000.0,125880000.0,71171000.0,19875000.0,458208000.0,279331000.0,95818000.0,,190962563.0,-259456000.0,487973000.0,123747000.0,87260000.0,596817000.0,822000.0,364226000.0,0,0.1843800137520055,,198752000.0,0.36146272555091696,0.14427231600292206,3.0717980196425696,,NOD.OL,297.6000061035156,Nordic Semiconductor ASA,Information Technology,Semiconductors,0.37269608703356166,,798.5058508991441,,576942000.0,3.0212309205338848,98.50289962308688,5.033390626349712,59.1251560221821,,,,0.034448870077061475,3.943311757052696,107.15571776155718,0.34103019448895855,0.001145934769807553,56830459914.34299,,,,,,,,,,
2022-12-31,3570499.703867674,112157000.0,167776000.0,30554000.0,44067000.0,132735000.0,44817000.0,776735000.0,211843000.0,122339000.0,21141000.0,583543000.0,376625000.0,142711000.0,,191575087.0,-355484000.0,674121000.0,177160000.0,167155000.0,776241000.0,621000.0,496961000.0,0,0.26811641889264454,1.6863832659667044,228059000.0,0.5384242661059974,0.2160015964260655,3.405851117473987,3570499.703867674,NOD.OL,163.89999389648438,Nordic Semiconductor ASA,Information Technology,Semiconductors,0.6385955601836684,71.34485238804295,256.6569580429664,3.5974138210703037,755100000.0,3.941535466978543,41.58277789699174,7.525527131980629,21.779204436054947,,,,0.02799761620977354,3.805153533529013,270.170692431562,0.5854466870214706,0.0035719750385788656,31399155590.018463,27.223902012363112,90.47705547103834,71.89445139171853,72.22068669000676,48.95706473893473,0.2722390201236311,0.9047705547103835,0.7189445139171853,0.7222068669000676,0.7134485238804296
2023-12-31,7809217.096560851,-166475000.0,14402000.0,47502000.0,44329000.0,-1875000.0,4447000.0,542868000.0,58731000.0,7650000.0,155252000.0,602076000.0,288584000.0,-118973000.0,,192399498.0,-133332000.0,609237000.0,114151000.0,12096000.0,862245000.0,2306000.0,495086000.0,0,0.36764219576719576,9.036263184329483,468744000.0,0.01942897849692123,0.026529469410611788,1.1581332241052686,7809217.096560851,NOD.OL,126.0,Nordic Semiconductor ASA,Information Technology,Semiconductors,0.03976101850328113,-93.77367758525516,3168.9329082352942,-33.793416125268536,706993000.0,3.6746093796980697,34.28935894414796,1.8131160358941096,69.49362175701296,,,,0.21959481918491414,5.337114874157914,6.245446660884649,-0.8652569353377418,-0.006867118534426522,24242336748.0,-30.108981827779104,-91.41593553309174,-93.74688365934003,-248.43032534750398,-96.39151135638149,-0.05703615936310047,-0.595640342809739,-0.6721469837158218,,-0.6733735627548165
2024-12-31,25665550.093773875,31199000.0,-32436000.0,29152000.0,38824000.0,-44911000.0,-4685000.0,511414000.0,8137000.0,-38504000.0,143448000.0,569767000.0,285658000.0,60351000.0,,192262908.0,-142210000.0,553262000.0,103087000.0,-43189000.0,806706000.0,10753000.0,450175000.0,0,0.10847669545486119,-0.8311412201362113,427557000.0,-0.0676341397900774,-0.0634241534256004,1.1961305744029451,25665550.093773875,NOD.OL,100.44999694824219,Nordic Semiconductor ASA,Information Technology,Semiconductors,-0.20026743796052435,-603.6778369849808,-501.57927804540225,0.8308724410862897,663258000.0,3.449744971089275,29.118093595343243,,,,,,0.21627782853731128,5.366942485473435,-3.0164605226448433,0.16227258978107206,0.001615456393340505,19312808521.86017,-5.794042013896561,-325.21871962227465,-603.3202614379085,-118.74095209490916,-448.10960236944464,-0.05733767602266804,,,-0.21753209022673525,
2025-08-03,57383250.0,102905000.0,3611000.0,27769000.0,37533000.0,-44911000.0,1103000.0,591983000.0,42558000.0,-11625000.0,154300000.0,559154000.0,307454000.0,130674000.0,,190964908.0,-153154000.0,551715000.0,101403000.0,-10521000.0,804341000.0,,,1,0.25,8.130382775119617,406000000.0,0.006670566502463054,0.006099837326409711,1.4580862068965517,57383250.0,NOD.OL,141.0,Nordic Semiconductor ASA,Information Technology,Semiconductors,-0.06087505878305138,-69.60311701043945,-2316.2195292903225,33.277525903659225,650041000.0,3.403981426786538,41.4220826501713,,,,,,0.2373696428379133,5.4408153604922935,,0.538868638629669,0.00382176339453666,26926052028.0,15.754163945453193,-111.13269207053891,-69.80833160191149,229.8342895605628,-109.86272099145067,-0.00768108910801768,-0.5500284246595406,,0.12117615412943672,
2021-12-31,,4660000000.0,19506000000.0,6020000000.0,8281000000.0,,4467000000.0,149654000000.0,27787000000.0,12160000000.0,28417000000.0,88380000000.0,22923000000.0,10680000000.0,2822000000.0,2051475662.0,5494000000.0,75712000000.0,39568000000.0,18397000000.0,174512000000.0,1109000000.0,36144000000.0,0,0.24281132793390225,,93874000000.0,0.1573356013094286,0.130340652438291,1.5942007371583187,,NHY.OL,55.984474182128906,Norsk Hydro ASA,Materials,Metals & Mining,5.927440537191223,,9.444965973232303,,146095000000.0,71.2145908948151,0.7861376928334632,97.45617317780265,0.5744579574245006,1.3755951641409236,0.024571011592711082,0.23207236842105264,0.19451042130120813,1.9134654266073594,17.588818755635707,2.2715356006012417,0.04057438484125926,114850786234.5048,,,,,,,,,,
2022-12-31,14141175343.735516,19789000000.0,33625000000.0,9604000000.0,8593000000.0,10178000000.0,7984000000.0,207929000000.0,42218000000.0,24154000000.0,32774000000.0,107798000000.0,29805000000.0,29393000000.0,14179000000.0,2042404873.0,2969000000.0,89127000000.0,42805000000.0,32365000000.0,198618000000.0,1260000000.0,46322000000.0,0,0.24668623513054225,1.1066261066261067,110767000000.0,0.228679799432462,0.16171385424832516,1.8771746097664468,14141175343.735516,NHY.OL,62.3067512512207,Norsk Hydro ASA,Materials,Metals & Mining,11.826254588063744,99.51705148049841,5.268510904044549,0.052940785781590186,165844000000.0,81.20035463703087,0.7673211715605751,146.99204569641944,0.42387838713328707,6.942306193763179,0.11142141187512432,0.5870249234081312,0.1976194496032416,2.0821632986800607,26.686507936507937,9.689068147851016,0.1555059115309144,127255612376.292,38.939821187539245,72.38285655695684,98.63486842105263,324.656652360515,45.345234981320125,0.3893982118753925,0.7238285655695684,0.9863486842105262,3.24656652360515,0.9951705148049841
2023-12-31,6217776351.970669,8582000000.0,8880000000.0,13638000000.0,9394000000.0,-6658000000.0,3742000000.0,193619000000.0,18274000000.0,3583000000.0,36089000000.0,107183000000.0,24618000000.0,22220000000.0,12574000000.0,2012047460.0,11471000000.0,83697000000.0,44033000000.0,6546000000.0,206462000000.0,2334000000.0,39664000000.0,0,0.5716468072105102,3.1868431296224213,118654000000.0,0.032057716992016025,0.04586326755122173,1.631794966878487,6217776351.970669,NHY.OL,63.27247619628906,Norsk Hydro ASA,Materials,Metals & Mining,1.7807731036324561,-84.94220557851179,35.53090287989223,-0.41829503528785983,170373000000.0,84.67643203605148,0.7472265266131011,58.24743801516637,1.086270544290966,6.249355569376082,0.09876894259660107,3.5093497069494832,0.21182346968122884,1.9007789612336203,3.8046272493573263,4.2653069426105885,0.06741172780054322,127307225018.65387,-6.882156890092295,-73.59107806691449,-85.16601805084044,-56.63247258577998,-85.98139535211378,0.1374434698506961,-0.32528188097436206,-0.4571790301921287,0.35706702166383564,-0.4518862577188175
2024-12-31,16883492890.99526,1801000000.0,12056000000.0,13555000000.0,10132000000.0,-13450000000.0,3822000000.0,203635000000.0,22188000000.0,5790000000.0,34749000000.0,107452000000.0,15049000000.0,15356000000.0,5015000000.0,1976714608.0,19700000000.0,75625000000.0,49411000000.0,8862000000.0,207371000000.0,3194000000.0,26214000000.0,0,0.4312796208530806,1.2432596550886568,127152000000.0,0.05392359452462612,0.05920396788371351,1.6015084308544105,16883492890.99526,NHY.OL,60.07477951049805,Norsk Hydro ASA,Materials,Metals & Mining,2.9291026517268497,64.48488837527972,20.50961903813136,0.31805310600481274,172622000000.0,87.32773021526636,0.6879232903730729,75.86380848740414,0.7918766630398263,2.5370379617288688,0.04223133205650005,0.8661485319516407,0.20130110878103602,1.5305296391491774,3.7745773324984344,0.9111077505630494,0.015166227125375194,118750694230.78058,5.173046033705364,35.76576576576576,61.59642757465811,-79.0142158005127,68.20784380265069,0.10812316017597867,-0.14818554333969536,-0.2191247411263354,-0.27158994523240854,-0.2094018470903981
2025-08-03,24711542112.15361,10279000000.0,21270000000.0,12599000000.0,10514000000.0,-13450000000.0,6829000000.0,215355000000.0,31784000000.0,9591000000.0,37548000000.0,106599000000.0,18809000000.0,22878000000.0,4445000000.0,1964406634.0,18739000000.0,78121000000.0,40664000000.0,18332000000.0,203293000000.0,2938000000.0,,1,0.3725180013091861,0.6691364863929091,125338000000.0,0.10648440307132404,0.09876715191195932,1.7181940034147665,24711542112.15361,NHY.OL,61.560001373291016,Norsk Hydro ASA,Materials,Metals & Mining,4.882390353401749,66.6855325306998,12.60857836375164,0.18907516945968858,165745000000.0,84.37407873262151,0.729607982664587,96.27466817304277,0.6394205510284794,2.2627697967751823,0.03675714337714307,0.46345532269836304,0.22654077046064738,1.9211341727326383,7.239618788291355,5.23262333881937,0.08500037722691871,120928875086.74197,5.755395683453246,76.42667551426676,65.64766839378238,470.73847862298726,97.47274641102453,0.09525856363561602,0.02187980748570406,-0.057605855455323374,0.2186843591534351,-0.04733255789214452
2021-12-31,,124300000.0,2558300000.0,14800000.0,1133500000.0,,5500000.0,5067800000.0,3691800000.0,1870500000.0,9377400000.0,3269600000.0,6795300000.0,139100000.0,,928383908.0,2582100000.0,9864100000.0,6068000000.0,1876000000.0,18825400000.0,682300000.0,3796100000.0,0,0.002931769722814499,,5851700000.0,0.43590745484527976,0.5048147124985201,0.8660389288582805,,NAS.OL,10.75,Norwegian Air Shuttle ASA,Industrials,Transportation,2.0147914929176047,,5.3355397011494246,,9448000000.0,10.176824391919554,1.056321656541067,21.478920648382395,0.5004906985775189,,,,0.9925275190516512,1.6255932762030323,3.7495236699399093,0.13388857662104156,0.012454751313585262,9980127011.0,,,,,,,,,,
2022-12-31,4642531727.828746,1551500000.0,1696400000.0,874200000.0,2511700000.0,-1375100000.0,41000000.0,18869300000.0,4208100000.0,1005500000.0,10085100000.0,4203400000.0,6606200000.0,2425700000.0,,929852147.0,3478900000.0,10044900000.0,7623900000.0,1046400000.0,22669600000.0,650000000.0,2421000000.0,0,0.039181957186544346,1.2146913132777577,7682300000.0,0.21216715408520184,0.08990264609709953,2.4562045220832305,4642531727.828746,NAS.OL,7.343999862670898,Norwegian Air Shuttle ASA,Industrials,Transportation,1.0813547113313273,-46.32920006201607,6.791480894950015,-0.146591801409456,12584500000.0,13.533872068373038,0.5426384870175407,18.146228734451668,0.40471218401032766,,,,0.8013905995470618,1.317554007791288,2.6098461538461537,1.6685448380214365,0.22719837543877794,6828834039.87224,272.3371088046095,-33.69034124223117,-46.24431970061481,1148.189863234111,-51.32747748934277,2.723371088046095,-0.3369034124223117,-0.4624431970061481,11.48189863234111,-0.46329200062016074
2023-12-31,3839350806.5857315,4671800000.0,2651900000.0,585700000.0,3533800000.0,1662300000.0,66900000.0,25539300000.0,6185700000.0,1736900000.0,14027400000.0,5772600000.0,8470800000.0,5257500000.0,,961769221.0,5556600000.0,13043800000.0,8960500000.0,1803900000.0,30550000000.0,848000000.0,4083300000.0,0,0.03708631298852486,2.2366731141199225,11329200000.0,0.22539550953162898,0.10383604875623059,2.2542897998093423,3839350806.5857315,NAS.OL,10.720000267028809,Norwegian Air Shuttle ASA,Industrials,Transportation,1.8059425921262664,67.00741886099992,5.935958492682417,0.08858658628525834,16522600000.0,17.179381123072975,0.6240038677895785,26.42086224410301,0.4057399856214554,,,,0.8489826056431796,1.4557000167401373,3.127240566037736,4.857506247852779,0.45312557153499977,10310166305.94009,35.34842309995601,56.325159160575346,72.73993038289407,201.11504995165967,6.234874339274454,1.2448884279246628,0.018129066434685814,-0.03637390692235254,5.130650479491508,-0.05324650695929245
2024-12-31,7942948782.647189,5637400000.0,2490400000.0,1308600000.0,4806800000.0,-1954900000.0,300000.0,35316900000.0,7297200000.0,1355100000.0,16077300000.0,7240700000.0,8775100000.0,6946000000.0,,963878777.0,7302200000.0,15253800000.0,13125400000.0,1355400000.0,37600100000.0,1135000000.0,2128400000.0,0,0.0002213368747233289,1.6708164330749768,14542900000.0,0.17120717206658845,0.07051581537450909,2.428463373880038,7942948782.647189,NAS.OL,11.0,Norwegian Air Shuttle ASA,Industrials,Transportation,1.4058821838754938,-22.15244327228324,7.824268723341451,-0.35320116283204944,21522800000.0,22.329363934112227,0.49262486976601555,26.57687408209266,0.4138936718450171,,,,0.7469892393183043,1.1621588675392749,2.194185022026432,5.848660780296441,0.5316964345724038,10602666547.0,38.28452620079641,-6.089973226743095,-21.98169151937359,20.668693009118535,-24.04144500378188,0.910092368787859,-0.008926465502211878,-0.10187274151604908,2.566174367939643,-0.11303542842040559
2025-08-03,5426428835.8897915,3962700000.0,3233100000.0,4016200000.0,4446000000.0,-1954900000.0,123100000.0,36696800000.0,7679100000.0,1956600000.0,18686500000.0,5914000000.0,12737600000.0,7978900000.0,,1055237234.0,5948900000.0,19507500000.0,17983100000.0,2079700000.0,44189700000.0,1153400000.0,,1,0.05919122950425542,2.092379421221865,11862900000.0,0.2564068512665362,0.08810304985720825,3.0934088629255916,5426428835.8897915,NAS.OL,16.795000076293945,Norwegian Air Shuttle ASA,Industrials,Transportation,1.8541802136598982,31.88731139252463,9.0579113899306,0.2840600538072976,25503200000.0,24.168214670863293,0.6949210069927778,31.753347421169483,0.5289206159441624,,,,0.7327119733994165,1.084768477070138,2.803103866828507,3.75526931037007,0.22359448010188537,17722709425.53821,3.907194572570072,29.82251847092836,44.387868054018156,-29.706957107886613,49.76408299461346,0.6404091457780983,0.06027108232508804,0.011314150848548366,1.3761837227370806,-0.020554086778976854
2021-12-31,,3722000000.0,6586000000.0,2631000000.0,2092000000.0,,1468000000.0,50441000000.0,8678000000.0,4808000000.0,14334000000.0,39351000000.0,917000000.0,6353000000.0,,996578096.0,11478000000.0,16444000000.0,15223000000.0,6366000000.0,70564000000.0,220000000.0,1221000000.0,0,0.23060006283380458,,52768000000.0,0.09602918409218775,0.13056838682817548,0.9559013038204973,,ORK.OL,78.70836639404297,Orkla ASA,Consumer Staples,Food Products,4.824509006667953,,16.314274941814833,,56230000000.0,56.42307434378931,1.3949677026542011,78.26114414573115,1.0057144864567664,,,,0.25491730393028633,1.0802075806345661,29.936363636363637,3.7347800588224045,0.04745086488169154,78439033920.24573,,,,,,,,,,
2022-12-31,3077971272.9748125,2420000000.0,7773000000.0,2810000000.0,2404000000.0,2091000000.0,2077000000.0,58391000000.0,10177000000.0,5019000000.0,18771000000.0,43156000000.0,1180000000.0,5230000000.0,3047000000.0,997143990.0,15619000000.0,20966000000.0,17654000000.0,7345000000.0,80671000000.0,428000000.0,3312000000.0,0,0.2827773995915589,1.2824789325842696,60747000000.0,0.09177360648221003,0.13311983011080475,0.9612161917460944,3077971272.9748125,ORK.OL,65.79377746582031,Orkla ASA,Consumer Staples,Food Products,5.033375370391592,4.329277102290918,13.071502247348107,3.0193267694579022,61900000000.0,62.07729337063948,1.0598686555644612,83.84695694554381,0.7846889125451683,3.055727187404499,0.046444014998104355,0.6070930464235903,0.30324717285945074,1.187606208224765,18.161214953271028,2.4269313401768584,0.03688694331979407,65605869779.440155,15.760988085089501,18.023079259034326,4.388519134775382,-34.98119290703923,-4.43154614944179,0.157609880850895,0.18023079259034325,0.043885191347753816,-0.34981192907039227,0.04329277102290918
2023-12-31,5115254952.627045,4328000000.0,8074000000.0,2921000000.0,2986000000.0,1233000000.0,1545000000.0,67797000000.0,11060000000.0,5196000000.0,20488000000.0,46748000000.0,779000000.0,7249000000.0,3175000000.0,997667043.0,17378000000.0,21594000000.0,17049000000.0,6966000000.0,86592000000.0,1108000000.0,4545000000.0,0,0.22179155900086134,1.0935824781742993,66457000000.0,0.09454617200034678,0.11909081522781244,1.0201634139368314,5115254952.627045,ORK.OL,76.24015808105469,Orkla ASA,Consumer Staples,Food Products,5.20815039091153,3.4723224011472764,14.638624532443878,4.215802232997485,66104000000.0,66.25857841432175,1.1506458470074183,88.11585796024642,0.8652263037085848,3.182424459419574,0.04174210205645404,0.6110469591993841,0.30993585864698053,1.266584550413514,7.287003610108303,4.338120648934777,0.05690072998435688,76062293070.57838,16.10864688051241,3.872378746944549,3.5265989240884643,78.84297520661157,3.0210924735470712,0.1593468716527795,0.10721894807102483,0.03956665744652588,0.07833932066348415,0.03899916247352575
2024-12-31,7001115895.669292,7616000000.0,9298000000.0,2034000000.0,3565000000.0,1850000000.0,1729000000.0,70656000000.0,12863000000.0,6057000000.0,18161000000.0,51372000000.0,1454000000.0,9650000000.0,6094000000.0,998937986.0,14378000000.0,22431000000.0,16036000000.0,8128000000.0,89966000000.0,1170000000.0,6395000000.0,0,0.2127214566929134,0.9841458581054301,68079000000.0,0.10752384576255954,0.13159533514492755,1.037853082448332,7001115895.669292,ORK.OL,95.10679626464844,Orkla ASA,Consumer Staples,Food Products,6.063439457592115,16.42212690657139,15.685288346627082,0.9551313563622835,71805000000.0,71.88133898834437,1.3231083004737865,99.02819451775257,0.9604011941023407,6.10047879388581,0.0641434580228141,1.0061086346376096,0.25292110577257854,1.3987902220004989,7.947008547008547,7.624096897642653,0.08016353401735349,95005791515.52023,4.21700075224567,15.15977210800099,16.570438799076204,75.97042513863217,13.726281548622786,0.11889273287419933,0.12181851921537401,0.08001811080055732,0.2695511080439883,0.07916696233163956
2025-08-03,6178822267.743101,7101000000.0,9341000000.0,2026000000.0,2840000000.0,1850000000.0,1889000000.0,71832000000.0,12181000000.0,10560000000.0,21285000000.0,47731000000.0,929000000.0,9127000000.0,,997277314.0,18177000000.0,22383000000.0,18471000000.0,8299000000.0,88008000000.0,1042000000.0,,1,0.22761778527533438,0.9012345679012346,68087000000.0,0.10596475491273079,0.13003953669673682,1.0550031577246757,6178822267.743101,ORK.OL,108.30000305175781,Orkla ASA,Consumer Staples,Food Products,10.588830059358996,74.63405272564529,10.227759105080382,0.13703877428012137,66723000000.0,66.90516174721688,1.6187092329428958,126.2539750910526,0.8577947979352997,,,,0.3190054404028596,1.2117914568783499,8.964491362763916,7.120386576847371,0.06574687327981382,108005136149.64883,1.6644021739130377,0.4624650462464963,74.34373452204062,-6.762079831932777,-1.44999543010359,0.09240471926377536,0.0912968746273799,0.21737636219721934,0.17526495435559664,0.21716292222731726
2021-12-31,,684134000.0,3571588000.0,2224218000.0,806680000.0,,718822000.0,14971988000.0,4378268000.0,2616716000.0,6445000000.0,15483176000.0,780846000.0,2908352000.0,2271159000.0,117697638.0,4696988000.0,10244239000.0,4686079000.0,3386942000.0,28085251000.0,184646000.0,5558160000.0,0,0.21223333614806514,,21147330000.0,0.13304648688102017,0.23855135336736843,0.7079847905149256,,SALM.OL,504.3447570800781,SalMar ASA,Consumer Staples,Food Products,22.23252772498289,,22.684993956550493,,21640251000.0,183.86308653024966,2.7430452006314052,303.27244566545414,1.6630088367356355,19.296555466983968,0.03826064452162061,0.8679424897466902,0.2978246416827605,2.1861003623711848,19.342893970083296,5.812640012367963,0.01152513222506852,59360186646.00897,,,,,,,,,,
2022-12-31,-4010820044.6230984,1767552000.0,4926279000.0,2454892000.0,1037695000.0,6489736000.0,953996000.0,20070115000.0,5963974000.0,3311955000.0,23217390000.0,24154763000.0,2558078000.0,4222444000.0,2405353000.0,145124634.0,19234015000.0,28946227000.0,16898331000.0,4562032000.0,62500963000.0,364247000.0,12047896000.0,0,0.20911646389152905,2.512993913072155,44814075000.0,0.08693949290210502,0.24545345156218587,0.4478529345969988,-4010820044.6230984,SALM.OL,329.0947265625,SalMar ASA,Consumer Staples,Food Products,22.82145290371585,2.6489348670469814,14.420410827958982,5.443852548943485,39283573000.0,270.6885241826002,1.2157690377021686,372.81881878429243,0.882720265129399,16.574394943865975,0.05036359931072384,0.7262637928353496,0.5910203229222556,1.7129636648731759,13.52455613910341,12.17954492825801,0.03700923759999823,47759751743.71289,34.051102632462694,37.929654820208825,26.569142390691237,158.36342003174818,-34.65480003252349,0.34051102632462693,0.37929654820208825,0.26569142390691236,1.5836342003174817,0.026489348670469814
2023-12-31,6349104270.366809,6622000000.0,8502000000.0,2353000000.0,1452000000.0,-4043896000.0,4534000000.0,28099000000.0,9954000000.0,3203000000.0,15738000000.0,23079000000.0,621000000.0,8975000000.0,2748000000.0,131760066.0,13271000000.0,17797000000.0,9793000000.0,7279000000.0,53331000000.0,1223000000.0,8004000000.0,0,0.6228877593075972,-0.06020564516129032,38196000000.0,0.08394094330209469,0.30257304530410334,0.7356529479526652,6349104270.366809,SALM.OL,509.2333984375,SalMar ASA,Consumer Staples,Food Products,24.309338157131766,6.519678040190224,20.948056880277647,3.2130508210903077,37593000000.0,285.314064733392,1.7848170187941717,395.0384940904756,1.2890728525328734,20.85609155660259,0.04095585957361815,0.8579456759288168,0.4186417684143325,1.8173184928009802,6.951757972199509,50.25801975539387,0.09869348693467954,67096626187.5293,40.00418034475637,72.58462218644132,-3.2897488039541622,274.64244333405753,-3.449007464751075,0.3699530922031147,0.5428719119049386,0.1063694479816335,2.111171852354632,0.04566397533845934
2024-12-31,3634800047.6077127,2799000000.0,5459000000.0,2582000000.0,1759000000.0,-423000000.0,1096000000.0,26318000000.0,7218000000.0,2969000000.0,19012000000.0,20239000000.0,331000000.0,5381000000.0,4682000000.0,131924366.0,16987000000.0,17925000000.0,10344000000.0,4201000000.0,54433000000.0,1258000000.0,7581000000.0,0,0.2608902642228041,0.8980059592023837,38920000000.0,0.10366906597142118,0.2074245763355878,0.676207605344296,3634800047.6077127,SALM.OL,513.9694213867188,SalMar ASA,Consumer Staples,Food Products,22.505319449479106,-7.421093474416141,22.837686109743924,-3.077401758713286,35421000000.0,268.49475251599847,1.914262444872525,368.7242926053707,1.3939125566017359,35.490032220431516,0.0690508632297178,1.5769619400471537,0.536743739589509,1.7328886310904872,4.339427662957075,21.216702303500174,0.04128008675351989,67805090059.82971,-6.338303854229688,-35.79157845212892,-7.305650952232279,-57.7318030806403,23.502383810874083,0.20686253086535955,0.15190654631702238,0.04300054627975425,0.5993882753215851,0.004073364323593287
2025-08-03,2360237437.667817,-1022000000.0,3968000000.0,2676000000.0,1802000000.0,-423000000.0,760000000.0,24990000000.0,5770000000.0,1793000000.0,22315000000.0,20969000000.0,338000000.0,1654000000.0,,133641018.0,20360000000.0,17104000000.0,6865000000.0,2607000000.0,54740000000.0,1361000000.0,,1,0.2915228231683928,1.2640274314214464,42946000000.0,0.06545982018506537,0.15878351340536215,0.5818935407255623,2360237437.667817,SALM.OL,420.3999938964844,SalMar ASA,Consumer Staples,Food Products,13.41653952381596,-40.385029619624035,31.33445797630784,-0.7758929056494164,32425000000.0,242.62760404893055,1.7326964734470303,270.6335416833121,1.553392056585598,,,,0.6882035466461064,2.4914785142024765,2.9155033063923588,-7.647352701249253,-0.018190658449753143,56182683151.51996,-5.045976138004404,-27.312694632716617,-39.60929605927922,-136.51304037156126,-36.85694033057951,0.13663675732269986,0.026662211286056392,-0.09017906672680864,,-0.1186205549724706
2021-12-31,,-3781000000.0,4753000000.0,292000000.0,,,846000000.0,69207000000.0,,3130000000.0,36867000000.0,29607000000.0,9986000000.0,,1513000000.0,470135114.0,26881000000.0,,,3976000000.0,779982000000.0,777000000.0,,0,0.21277665995975856,,56488000000.0,0.06623836098306309,0.06867802389931654,1.2251628664495113,,STB.OL,74.27104949951172,Storebrand ASA,Financials,Insurance,6.657660546495576,,11.155727898834693,,743115000000.0,1580.6413472872396,0.04698792020528799,486.5962438817854,0.15263383232681768,3.2182237721558486,0.04333079704464128,0.4833865814696486,0.049611432954522514,,6.117117117117117,-8.042368858242739,-0.10828403412147303,34917428323.352585,,,,,,,,,,
2022-12-31,,2693000000.0,3690000000.0,137000000.0,,,-19000000.0,-38799000000.0,,2376000000.0,43779000000.0,29519000000.0,14511000000.0,,1646000000.0,464210664.0,29268000000.0,,,2357000000.0,769649000000.0,1333000000.0,,0,0.25,,58787000000.0,0.04707673465221903,-0.09510554395731849,-0.6599928555633048,,STB.OL,74.80703735351562,Storebrand ASA,Financials,Insurance,5.118365828838434,-23.120654874291958,14.615414344170157,-0.632136694381488,725870000000.0,1563.6650690988865,0.04784083166648063,424.3544765782973,0.1762843129562533,3.545803936981508,0.04739933651195277,0.6927609427609428,0.06031245264303525,,2.768192048012003,5.801245444891373,0.0775494612555825,34726224481.74829,-156.06224803849324,-22.36482221754681,-24.089456869009584,-171.22454377148904,-28.928291773015967,,-0.2236482221754681,-0.24089456869009584,,-0.23120654874291957
2023-12-31,,-1382000000.0,6279000000.0,127000000.0,,,-84000000.0,71816000000.0,,3378000000.0,52439000000.0,29531000000.0,13916000000.0,,1715000000.0,447320260.0,38523000000.0,,,3294000000.0,896940000000.0,2985000000.0,,0,0.25,,68054000000.0,0.06919872454227526,0.087431770079091,1.055279630881359,,STB.OL,82.71939086914062,Storebrand ASA,Financials,Insurance,7.5516364941753364,47.539991214131526,10.953836421144349,0.23041309309052332,844501000000.0,1887.9113590786162,0.04381529380145863,566.3730723932682,0.14605106581003446,3.8339421514241274,0.04634877156541564,0.5076968620485495,0.06209465708151914,,2.1035175879396983,-3.089509068961017,-0.0373492724801192,37002059430.62561,-285.09755406067165,70.16260162601627,42.17171717171717,-151.3182324545117,46.99134307738881,0.01867487389587552,0.14937390909836346,0.03886150512811892,,0.06502478395552624
2024-12-31,,649000000.0,10617000000.0,1687000000.0,,,1121000000.0,93500000000.0,,5523000000.0,53891000000.0,32114000000.0,9241000000.0,,1817000000.0,433984411.0,44650000000.0,,,6643000000.0,996811000000.0,3974000000.0,,0,0.16874905916001806,,76764000000.0,0.11496783959796374,0.11355080213903743,1.218018863008702,,STB.OL,116.38478088378906,Storebrand ASA,Financials,Insurance,12.726263570789873,68.52325427218042,9.145243632304048,0.13346189887564786,942920000000.0,2172.704770264202,0.05356677192255467,788.7549082431315,0.1475550638956072,4.186786331364331,0.03597365823582092,0.3289878689118233,0.057153310991388456,,2.671615500754907,1.4954454205038255,0.012849149254291566,50509180581.215256,30.19382867327616,69.0874343048256,63.49911190053285,-146.96092619392184,66.14155876200721,0.10548756642721546,0.30720791164660666,0.2083986606004542,,0.24106088643676915
2025-08-03,,10579000000.0,9827000000.0,1698000000.0,,,1022000000.0,63504000000.0,,4648000000.0,54951000000.0,31609000000.0,17740000000.0,,2028000000.0,428799334.0,37211000000.0,,,5647000000.0,1019367000000.0,4180000000.0,,1,0.18098105188595714,,68820000000.0,0.11695000295141963,0.1547461577223482,0.9227550130775938,,STB.OL,145.5,Storebrand ASA,Financials,Insurance,10.839569074517266,-14.825203688245681,13.423042834982787,-0.9054204662041432,964416000000.0,2249.10797086266,0.06469231441307485,740.6319106950472,0.19645386311191385,4.729484957642215,0.032505051255272956,0.4363166953528399,0.05697852379056341,,2.350956937799043,24.671213691763803,0.16956160612896085,62390303097.0,-32.0812834224599,-7.440896675143637,-15.842839036755386,1530.0462249614793,1.7241024623820156,-0.021270306607531375,0.19912176390310132,0.10390181007428212,,0.12959456024717997
2021-12-31,,126500000.0,120800000.0,166500000.0,443800000.0,,64300000.0,5010000000.0,564600000.0,31800000.0,652800000.0,4488300000.0,553100000.0,293000000.0,72000000.0,295465893.0,99700000.0,2328000000.0,1870600000.0,100700000.0,7022700000.0,20100000.0,457400000.0,0,0.6385302879841113,,4588000000.0,0.009517336794141098,0.024111776447105788,1.0919790758500436,,SUBC.OL,57.459259033203125,Subsea 7 S.A.,Energy,Oil & Gas Equipment & Services,0.10762663560629653,,533.8758264579773,,6369900000.0,21.55883352668391,2.665230424553553,7.2254312121594095,7.9523639968375965,0.24368294854255818,0.0042409692126684885,2.2641509433962264,0.10248198558847077,1.2445204747139955,6.009950248756219,0.428137402647689,0.00745114729725783,16977251281.363678,,,,,,,,,,
2022-12-31,199989508.43727076,254800000.0,160600000.0,231000000.0,467600000.0,79500000.0,99900000.0,5135800000.0,628200000.0,57100000.0,613000000.0,4450700000.0,610400000.0,485800000.0,,290205733.0,2600000.0,2421300000.0,1884400000.0,136300000.0,6944200000.0,24300000.0,536900000.0,0,0.7329420396184886,12.818780889621088,4453300000.0,0.009630949731046804,0.031270688110907746,1.1532571351581973,199989508.43727076,SUBC.OL,104.12710571289062,Subsea 7 S.A.,Energy,Oil & Gas Equipment & Services,0.19675696758202912,82.8143809138248,529.2168658244818,6.390398140815369,6331200000.0,21.816247165592692,4.772915567124386,9.827574437125687,10.59540239344604,,,,0.09682208743997978,1.284918276374443,6.609053497942387,0.8779978168108761,0.008431981382751357,30218283038.57791,2.510978043912182,32.94701986754966,79.55974842767294,101.42292490118577,1.193747151783553,0.02510978043912182,0.32947019867549665,0.7955974842767295,1.0142292490118576,0.828143809138248
2023-12-31,263200000.0,78200000.0,151200000.0,581800000.0,538000000.0,-288100000.0,70000000.0,5973700000.0,689200000.0,15400000.0,1303200000.0,4357100000.0,726200000.0,660000000.0,112100000.0,300454468.0,118700000.0,2864900000.0,2616100000.0,80000000.0,8095500000.0,71200000.0,248800000.0,0,0.875,10.242610837438423,4934100000.0,0.0038304858028819846,0.025310946314679346,1.2106969862791592,263200000.0,SUBC.OL,137.67796325683594,Subsea 7 S.A.,Energy,Oil & Gas Equipment & Services,0.05125568643565653,-73.94974771895295,2686.1012471205318,-36.32333212723182,6792300000.0,22.606753180318822,6.09012546643349,5.106006725183664,26.963921253332003,0.3731014577556557,0.00270995770804396,7.279220779220779,0.1918643169471313,1.0951033981881426,2.1235955056179776,0.26027238177067147,0.0018904432896435118,41365959205.65619,16.31488765138829,-5.853051058530512,-73.02977232924694,-69.30926216640503,-60.2273305348709,0.091950222959434,0.1187741636000863,-0.3041000577958435,-0.21375460689310355,-0.30990140244972475
2024-12-31,758532645.3014667,582700000.0,469400000.0,348700000.0,622500000.0,-208600000.0,151600000.0,6837000000.0,1091900000.0,201400000.0,1176900000.0,4295000000.0,556400000.0,931400000.0,162900000.0,295613936.0,165600000.0,2474100000.0,2433900000.0,368200000.0,7680400000.0,101200000.0,40200000.0,0,0.4117327539380771,2.3996224040276903,4915500000.0,0.05617590180072559,0.06865584320608455,1.390906316753128,758532645.3014667,SUBC.OL,173.2541046142578,Subsea 7 S.A.,Energy,Oil & Gas Equipment & Services,0.6812939969108899,1229.2066583990588,254.30152826800654,0.20688264786916585,6503500000.0,21.999977700645346,7.8751945557279175,18.36410048549942,9.434391014744335,0.5510565645321944,0.003180626316237045,0.8088381330685204,0.18096409625586224,1.0165167015900407,4.638339920948616,1.971151996027684,0.01137723115083687,51216327793.17651,14.451679863401235,210.44973544973544,1207.7922077922078,645.1406649616368,1366.5477093913235,0.10919852829830545,0.5721430144341195,0.8501663676371822,0.6638652984314535,0.8498574625839763
2025-08-03,769657324.8407643,653800000.0,444400000.0,341900000.0,640100000.0,-208600000.0,141100000.0,6971000000.0,1084500000.0,193500000.0,1091200000.0,4360100000.0,459000000.0,995700000.0,,295613936.0,232200000.0,2703500000.0,2603300000.0,345400000.0,7836900000.0,99000000.0,,1,0.4085118702953098,2.549950544015826,4992300000.0,0.05265254989499116,0.06374982068569789,1.3963503795845602,769657324.8407643,SUBC.OL,196.39999389648438,Subsea 7 S.A.,Energy,Oil & Gas Equipment & Services,0.6545699523448718,-3.922542204568036,300.04431641403477,-76.49231053897014,6745700000.0,22.81928954797314,8.606753224441603,18.332443334676196,10.713247018469694,,,,0.1617623078405503,1.038489609341989,4.488888888888889,2.211668397121846,0.011261041068501966,58058575226.11572,1.9599239432499527,-5.32594801874734,-3.9225422045680247,12.201819117899436,-6.271998833650983,0.08608630930489203,0.38492667093751876,0.5705922942034247,0.5077821503699429,0.5703956197188449
2021-12-31,,22825000000.0,16208000000.0,19447000000.0,34363000000.0,,5008000000.0,97153000000.0,50571000000.0,1528000000.0,131396000000.0,31496000000.0,15223000000.0,42272000000.0,12595000000.0,1399458033.0,81095000000.0,43843000000.0,62167000000.0,13723000000.0,225741000000.0,2485000000.0,-18324000000.0,0,0.3649347810245573,,147669000000.0,0.069704115753164,0.1668296398464278,0.6579105973494775,,TEL.OL,105.47686767578125,Telenor ASA,Communication Services,Telecommunications Services,1.0918512481038436,,96.60369748988882,,94345000000.0,67.41538350939602,1.564581586353809,40.69607277229585,2.591819320403452,8.999912611170098,0.08532593742577156,8.242801047120418,1.3927182150617414,0.7052455482812424,6.522334004024144,16.309885299718736,0.1546299739375336,147610449764.5501,,,,,,,,,,
2022-12-31,20572750000.0,19924000000.0,11177000000.0,19298000000.0,28217000000.0,-3271000000.0,-3009000000.0,76877000000.0,39394000000.0,44913000000.0,118524000000.0,64372000000.0,9929000000.0,39222000000.0,13015000000.0,1399458033.0,77504000000.0,32182000000.0,53777000000.0,9339000000.0,239249000000.0,1838000000.0,-21595000000.0,0,0.25,3.11884956999859,172967000000.0,0.04846444697543462,0.14538808746439116,0.44446050402677967,20572750000.0,TEL.OL,76.03888702392578,Telenor ASA,Communication Services,Telecommunications Services,32.093138158434506,2839.332460732984,2.3693191562801954,0.0008344634483798867,120725000000.0,86.26553791056055,0.8814514911245591,249.58358538913174,0.3046630126150794,9.300028791931627,0.12230621930335929,0.28978246832765575,0.9817684820873886,0.5984342748758763,6.081066376496191,14.236939965458758,0.18723235600462007,106413231266.01239,-20.87017384949512,-31.04022704837117,2839.332460732984,-12.709748083242056,-30.471183155013726,-0.20870173849495122,-0.3104022704837117,28.39332460732984,-0.12709748083242056,28.39332460732984
2023-12-31,-9180750000.0,14392000000.0,4507000000.0,14728000000.0,17528000000.0,15361000000.0,4332000000.0,80452000000.0,22035000000.0,13734000000.0,102193000000.0,70428000000.0,19190000000.0,29120000000.0,13017000000.0,1385046273.0,65695000000.0,39756000000.0,45990000000.0,1097000000.0,218377000000.0,3410000000.0,-6234000000.0,0,0.25,272.09714285714284,153431000000.0,0.022031075858203363,0.05602098145478049,0.5243529664800464,-9180750000.0,TEL.OL,104.81787109375,Telenor ASA,Communication Services,Telecommunications Services,9.91591419559742,-69.10269682370908,10.570671450574697,-0.1529704618843169,116184000000.0,83.88456202863628,1.2495490059060874,136.8039571311905,0.7661903448687023,9.398241960396943,0.08966259152498027,0.9477937964176496,0.8795789437444054,0.8644487932159165,1.321700879765396,10.390988576018499,0.09913374949892571,145177601702.19287,4.650285521027087,-59.676120604813455,-69.42088036871284,-27.765508933949,-54.54177808039293,-0.09000225825117725,-0.47267414555884635,1.9980360063361413,-0.2059365943305036,2.013593306589
2024-12-31,39931516394.12302,18098000000.0,28088000000.0,13383000000.0,16872000000.0,-12697000000.0,3725000000.0,79928000000.0,44960000000.0,18336000000.0,99889000000.0,81766000000.0,10369000000.0,31481000000.0,13082000000.0,1367763895.0,71979000000.0,27453000000.0,46384000000.0,24094000000.0,228808000000.0,3994000000.0,-18931000000.0,0,0.1546028056777621,0.7206830029142552,171286000000.0,0.13863080692013954,0.35141627464718245,0.46663475123477693,39931516394.12302,TEL.OL,122.89684295654297,Telenor ASA,Communication Services,Telecommunications Services,13.405822501258523,35.1950232406266,9.167422807888554,0.2604749752603187,128919000000.0,94.25530273995133,1.3038719242737262,168.61293489088823,0.7288696032488328,9.564516250079842,0.07782556508357102,0.7134598603839442,0.7748198481216888,0.5918635736460849,7.032548823234852,13.231815861026218,0.10766603553603948,168093864605.44452,-0.6513200417640364,523.2083425782116,33.508082131935346,25.750416898276818,529.2511896032521,-0.06298277021286358,0.2011496787735365,1.2894284851066637,-0.07443569114023052,1.3069773466540293
2025-08-03,31808756567.425568,17108000000.0,19716000000.0,12368000000.0,17133000000.0,-12697000000.0,4354000000.0,80555000000.0,36851000000.0,10155000000.0,100036000000.0,69826000000.0,6220000000.0,29476000000.0,,1367763895.0,77246000000.0,23124000000.0,52588000000.0,15988000000.0,219329000000.0,3728000000.0,,1,0.2723292469352014,1.0938679859393308,163642000000.0,0.08767160366791879,0.24475203277263982,0.4922635998093399,31808756567.425568,TEL.OL,161.10000610351562,Telenor ASA,Communication Services,Telecommunications Services,7.424527023357347,-44.61714659685864,21.69835271616625,-0.48632318225598875,119293000000.0,87.21753837492545,1.8471056292713595,120.70564128467716,1.3346518388777766,,,,0.8385739314125724,0.43972008823305697,5.28862660944206,12.508006727286803,0.07764125545252755,220346771832.6683,0.7844560104093734,-29.806322984904586,-44.61714659685864,-5.470217703613656,-36.758931426819586,-0.0457568049850936,0.050200801421136365,0.6056065951311698,-0.06954127246292718,0.6148282163559862
2021-12-31,,159934000.0,-82617000.0,168409000.0,478116000.0,,-9103000.0,518689000.0,395499000.0,-75985000.0,83996000.0,1115328000.0,213834000.0,328343000.0,65524000.0,116106857.0,-129838000.0,435294000.0,446712000.0,-85088000.0,1629827000.0,2471000.0,-11418000.0,0,0.10698335840541556,,985490000.0,-0.07486464183159623,-0.15928041658874587,0.5263259901165918,,TGS.OL,69.86880493164062,TGS ASA,Energy,Oil & Gas Equipment & Services,-0.6544402455059136,,-106.76116790101852,,1545831000.0,13.313864830567242,5.247822913991822,,,0.5643422076268932,0.008077169892615789,-0.862328091070606,0.054337117058721164,0.9744399075914684,-33.434641845406716,1.3774724777882843,0.019715128649130297,8112247342.958893,,,,,,,,,,
2022-12-31,253602964.3192488,118602000.0,134146000.0,224551000.0,406824000.0,20242000.0,40898000.0,716633000.0,540970000.0,87796000.0,149238000.0,1239763000.0,187110000.0,343153000.0,66136000.0,124468924.0,-37872000.0,513810000.0,504986000.0,128865000.0,1838897000.0,5281000.0,8824000.0,0,0.3173708920187793,6.987999742621826,1201891000.0,0.07618990766987091,0.18718925865819744,0.5962545688419333,253602964.3192488,TGS.OL,113.71990203857422,TGS ASA,Energy,Oil & Gas Equipment & Services,0.7053648186112704,-207.7813938636964,161.22139783277984,-0.7759183574374341,1689659000.0,13.574946626838358,8.377189624727084,14.678011435977767,7.747636833136098,0.5313454786513621,0.004672405349690925,0.7532917217185293,0.08832433053059818,1.0174737517475732,25.401628479454647,0.9528643470879526,0.008379046499395835,14154593844.12674,38.1623670446067,-262.3709406054444,-215.54385734026457,-25.843160303625247,-201.77021596023366,0.38162367044606693,,,-0.25843160303625246,
2023-12-31,66236111.515922606,146451000.0,62459000.0,438201000.0,330613000.0,-147761000.0,30229000.0,794297000.0,393072000.0,21646000.0,132868000.0,1275576000.0,196741000.0,584652000.0,70605000.0,130861828.0,-63873000.0,442935000.0,581872000.0,51876000.0,1956414000.0,10583000.0,-138937000.0,0,0.5827164777546457,19.26940738442445,1211703000.0,0.02150948831184092,0.07863431436855484,0.6555211962007191,66236111.515922606,TGS.OL,118.33905029296875,TGS ASA,Energy,Oil & Gas Equipment & Services,0.16541110827215405,-76.54956642183868,715.423840207051,-9.34589016826814,1823546000.0,13.934896278538918,8.492280669158784,7.2015414554482255,16.43246116474703,0.5395385428973222,0.0045592603756883406,3.261803566478795,0.07286243396108462,0.7612241180190832,5.901823679485968,1.1191269619128352,0.009456954058210228,15486064445.121826,10.837346312547712,-53.439536027909895,-75.34511822862089,23.481054282389845,-71.76858593261323,0.23747929774539656,,,-0.04307969255749766,
2024-12-31,477104536.76495516,193234000.0,183059000.0,435482000.0,498623000.0,-297027000.0,53275000.0,1318174000.0,681682000.0,94215000.0,898709000.0,2075632000.0,122799000.0,628716000.0,91573000.0,196213046.0,605017000.0,829005000.0,1264969000.0,147491000.0,4037784000.0,35568000.0,-435964000.0,0,0.3612084805174553,4.908756087036923,2851542000.0,0.0410081761955304,0.13887316848913725,0.4622670821611605,477104536.76495516,TGS.OL,107.19284057617188,TGS ASA,Energy,Oil & Gas Equipment & Services,0.4801668488444953,190.286942551928,223.24081896559017,1.1731799143531316,3139075000.0,15.998299114117009,6.700264810124983,13.146927003341428,8.153452175472466,0.46670189300256826,0.004353853209729311,0.9719577561959348,0.2862973965260467,0.6553559810556623,5.146733018443545,0.9848172888565218,0.009187342023618683,21032633758.84308,65.95480028251397,193.08666485214297,335.2536265360806,31.944472895371145,90.65156549054446,0.3646519531720409,,,0.06507677581826643,
2025-08-03,580634457.4616213,341034000.0,190959000.0,544882000.0,786823000.0,-297027000.0,89275000.0,1772074000.0,977782000.0,25015000.0,884500000.0,1967200000.0,166500000.0,885916000.0,115773000.0,196259703.0,493400000.0,700200000.0,1100700000.0,114191000.0,3868700000.0,76768000.0,,1,0.7818041702060583,10.175425829038984,2685200000.0,0.01551707785700183,0.10776017254358453,0.65994115894533,580634457.4616213,TGS.OL,74.6500015258789,TGS ASA,Energy,Oil & Gas Equipment & Services,0.1274586663366142,-73.45533815103249,585.6800770904873,-7.9732813411907895,2984200000.0,15.205362865549633,4.9094521575023595,6.603502375267444,11.304607355858723,0.5898969489421881,0.007902169281774075,4.628143114131521,0.296394343542658,0.6361406377759607,2.487481763234681,1.7376669524461676,0.023277520655425182,14650787128.418541,34.433997332673826,4.315548538995628,-73.44902616356205,76.48757465042384,-62.16101446937042,0.3595453660431549,,,0.2084097478408593,
2021-12-31,,178101411.822854,157876268.361973,,85255988.400697,,39148668.778242,1092227834.018424,243462667.522179,109285861.819567,211913446.212655,617187273.869147,63238616.880658,178101411.822854,,295460388.0,47028464.770179,526114053.611632,348933786.936501,152539633.973532,1160332500.266403,5336634.388441,177180266.67513096,0,0.25664588119462056,,765862103.2011439,0.15323642971491103,0.14454517953560034,1.4261416375782787,,TOM.OL,301.22930908203125,Tomra Systems ASA,Industrials,Industrial Machinery,0.36988329487865895,,814.3901421145559,,948419054.0537479,3.209970244991853,93.84177611988918,5.168614257255126,58.2804779171127,,,,0.22343862167982725,1.5077761836441887,29.583489681048516,0.6027928583876835,0.0020011095873261457,89001328538.34888,,,,,,,,,,
2022-12-31,,109415915.027345,140299746.347237,,86657404.701657,123285350.41735101,31749644.212717,1159618410.74198,226985694.331075,97884429.026202,339265452.003918,625259625.03061,71320147.743041,109415915.027345,,295240156.0,144543180.964819,635658894.171904,335193277.079422,133325671.067668,1325578567.769978,6974075.279569,300465617.092482,0,0.23813601655605252,,893204929.291487,0.11966942873128648,0.12098785690843457,1.2982669180540898,,TOM.OL,159.438232421875,Tomra Systems ASA,Industrials,Industrial Machinery,0.33154171963722306,-10.365857494054698,480.89945541796135,-46.392636180246505,986313115.7660601,3.340714654567721,47.72578591945197,4.992062833271905,31.93834648058221,,,,0.3439733757777455,1.8963951177973313,20.11732605729882,0.3705997060486074,0.0023244092738559548,47072568612.59863,6.1700109285458105,-11.133099481701192,-10.43266951784576,-38.56538591834748,-21.90536613654751,0.061700109285458105,-0.11133099481701192,-0.1043266951784576,-0.38565385918347483,-0.10365857494054698
2023-12-31,,136800000.0,100300000.0,,90000000.0,-70365617.09248197,20600000.0,1287900000.0,197300000.0,59500000.0,465300000.0,614100000.0,97600000.0,136800000.0,,295526341.0,224800000.0,715100000.0,485000000.0,84700000.0,1469000000.0,15600000.0,230100000.0,0,0.24321133412042503,,981800000.0,0.07731299978378628,0.0778787172917152,1.3117742921165207,,TOM.OL,120.21063995361328,Tomra Systems ASA,Industrials,Industrial Machinery,0.20133569074981372,-39.27289423179754,597.0657239455419,-15.202997783191746,1003700000.0,3.3963131563964377,35.39445110566877,3.922432758541506,30.64696002546942,,,,0.46358473647504234,1.4744329896907216,6.42948717948718,0.4629028990684793,0.0038507647846072832,35525410574.75974,11.062396739280732,-28.51020574779872,-39.2140296552449,25.02751539007029,-35.39452757195832,0.08588654451374089,-0.20293811821891639,-0.26213571067932095,-0.12358587656423303,-0.26221805034274037
2024-12-31,,235500000.0,153300000.0,,99000000.0,-13100000.0,31700000.0,1347600000.0,252900000.0,93800000.0,572500000.0,636300000.0,117200000.0,235500000.0,,295788989.0,286600000.0,742700000.0,525700000.0,131100000.0,1661100000.0,22200000.0,217000000.0,0,0.2418001525553013,,1091600000.0,0.10647859711732531,0.11375779162956366,1.2345181385122757,,TOM.OL,144.68162536621094,Tomra Systems ASA,Industrials,Industrial Machinery,0.3171179573557419,57.50707496258225,456.2391438587237,7.933617631492853,1088600000.0,3.6803263153247396,39.312173152625654,5.124421448238154,28.233748302640965,,,,0.525904831894176,1.4127829560585885,6.905405405405405,0.796175681847305,0.005502949526811471,42795231693.94829,4.635453063126027,52.841475573280164,57.647058823529406,72.14912280701755,37.724053412884786,0.07254598346462982,-0.009757031173762254,-0.04965866562725174,0.09759263223406633,-0.0500107170754881
2025-08-03,,264500000.0,166300000.0,,105000000.0,-13100000.0,34700000.0,1355600000.0,271300000.0,104800000.0,611000000.0,582000000.0,119000000.0,264500000.0,,295778210.0,339000000.0,752000000.0,223000000.0,145100000.0,1670000000.0,21200000.0,,1,0.23914541695382494,,1074000000.0,0.11781202715137701,0.12267630569489525,1.2621973929236499,,TOM.OL,141.6999969482422,Tomra Systems ASA,Industrials,Industrial Machinery,0.35431954233545465,11.73115054407976,399.9214833430967,34.090559305363364,1059000000.0,3.5803854516531155,39.57674358296179,5.342612846615471,26.522602519852942,,,,0.5769593956562795,3.3721973094170403,7.84433962264151,0.8942511349974023,0.006310876176828991,41911771454.35654,0.5936479667557171,8.48010437051534,11.727078891257992,12.314225053078554,10.643857395645217,0.055491110815450106,0.013080250640542745,-0.010423609409837109,0.10392502507014956,-0.01068954850483439
2021-12-31,,1924573000.0,2748934000.0,2655329000.0,1704561000.0,,1992331000.0,6043375000.0,4453495000.0,654356000.0,4818514000.0,1515829000.0,214133000.0,4579902000.0,950000000.0,2496406246.0,4279293000.0,1472647000.0,2221408000.0,2646687000.0,19799056000.0,102247000.0,-748761000.0,0,0.7527641160439448,,6120210000.0,0.11104768094997634,0.4548673547479678,0.9874456922229793,,VAR.OL,,Vår Energi ASA,Energy,Oil & Gas Services,0.26211919676474005,,,,14980542000.0,6.000843021444676,,5.94903886653789,,0.38054703697452613,,1.4518091069692949,0.32165151300934236,0.6629340490355666,26.885228906471582,0.7709374237801839,,,,,,,,,,,,
2022-12-31,562570292.8391256,3018412000.0,5863985000.0,2663465000.0,1447966000.0,-840373000.0,4919489000.0,9780543000.0,7311951000.0,936402000.0,3165235000.0,1481571000.0,434693000.0,5681877000.0,775000000.0,2496406250.0,2517896000.0,1720020000.0,3309154000.0,5855891000.0,18797288000.0,8094000.0,-1589134000.0,0,0.8400923104613798,3.4632841219020514,4212113000.0,0.2226189783700309,0.5995561800607594,2.322003944338625,562570292.8391256,VAR.OL,23.140939712524414,Vår Energi ASA,Energy,Oil & Gas Services,0.3751000062589973,43.10283675852287,61.69272014500092,1.4312914133848096,15632053000.0,6.261822569944295,3.6955597917445107,7.269677978873879,3.183213861710708,0.3104462665081054,0.013415456345538323,0.8276359939427724,0.20248364050454537,0.5197763537145748,724.4854212997282,1.2091028853977592,0.05224951537916002,57769186529.21915,61.83908825780298,113.31850819263032,43.10283698781703,56.835412322629494,100.4715240026616,0.6183908825780298,1.1331850819263032,0.4310283698781703,0.568354123226295,0.43102836758522867
2023-12-31,-1771928885.6241693,738552000.0,3361274000.0,2681721000.0,1422598000.0,1123824000.0,2746704000.0,6815966000.0,4783872000.0,610229000.0,3263509000.0,1768028000.0,724726000.0,3420273000.0,1110000000.0,2496406250.0,2421855000.0,1658783000.0,2124093000.0,3356933000.0,19289199000.0,4341000.0,-465310000.0,0,0.8182182962841379,8.506993507655759,4306811000.0,0.14187251643404614,0.4931471195718993,1.5826016047604596,-1771928885.6241693,VAR.OL,25.977859497070312,Vår Energi ASA,Energy,Oil & Gas Services,0.24444298679351567,-34.83258258739303,106.27369530144944,-3.050985238743484,16025690000.0,6.419504037053264,4.046708179810553,5.941974559217034,4.371923716296318,0.4446391688051574,0.017116081825575436,1.8189892646858803,0.2036423392690112,0.7809370870296168,774.3086846348767,0.29584607873818614,0.01138839321120936,64851290810.108185,-30.310965352332687,-42.67935542127069,-34.83258258739303,-75.53176968551676,-36.27114926462842,0.06199857951623078,0.10578272685797185,-0.03430634718284875,-0.3805256268273044,-0.03430634795651588
2024-12-31,-533963157.29106,466690000.0,3309066000.0,2941217000.0,1915855000.0,-164691000.0,2986011000.0,7372336000.0,5224921000.0,327108000.0,5294027000.0,832509000.0,266583000.0,3407907000.0,,2496406250.0,4815590000.0,1266845000.0,1896846000.0,3313119000.0,21868164000.0,-4053000.0,-630001000.0,0,0.9012688647766651,14.525022055068023,5859953000.0,0.05575263875135856,0.4488490486597464,1.2580879061658004,-533963157.29106,VAR.OL,32.643775939941406,Vår Energi ASA,Energy,Oil & Gas Services,0.13103155786443013,-46.39586122586766,249.12911417656963,-5.3696409031775785,16574137000.0,6.639198648056581,4.916824705869715,4.424223343265021,7.3784195342748475,,,,0.3194149414838311,0.6678691891698113,-816.4485566247224,0.1869447330537648,0.005726810936262674,81492126280.06935,8.162746116984732,-1.5532205943341704,-46.39586122586766,-36.81013659160086,-60.70229798364301,0.06850163786048746,0.06376828653831801,-0.20635608234489378,-0.3764115890522195,-0.20635608276877992
2025-08-03,-57502360.092327595,918790000.0,3941066000.0,2857217000.0,1960855000.0,-164691000.0,3269511000.0,7150936000.0,5901921000.0,674708000.0,6209500000.0,972300000.0,699700000.0,3776007000.0,,2496406250.0,5208700000.0,1965300000.0,2633700000.0,3944219000.0,26223500000.0,-3153000.0,,1,0.8289374905399522,6.9292626813887175,6482100000.0,0.10400466514056748,0.5511258945682076,1.1031819934897642,-57502360.092327595,VAR.OL,35.27000045776367,Vår Energi ASA,Energy,Oil & Gas Services,0.2702717155911623,106.26459762524915,130.49830382960346,1.2280506090073051,20014000000.0,8.017124616636416,4.399332945951039,6.9823381145247785,5.0513166047336515,,,,0.3102578195263316,0.7462125526825378,-1249.941642879797,0.36804506478062216,0.010435074000675485,88048249580.2641,-3.0031186858548,19.099044866436632,106.26459762524915,96.87372774218433,86.54662356771972,0.042967647275354626,0.09423940130209929,0.007686505375966046,-0.16877141872820767,0.007686504972311159
2021-12-31,,77000000.0,90000000.0,45000000.0,68000000.0,,13000000.0,872000000.0,158000000.0,72000000.0,642000000.0,2230000000.0,231000000.0,122000000.0,58000000.0,44580000.0,242000000.0,746000000.0,821000000.0,66000000.0,3448000000.0,24000000.0,-75000000.0,0,0.19696969696969696,,2641000000.0,0.027365667274792605,0.10321100917431193,0.3301779628928436,,WWI.OL,184.11376953125,Wallenius Wilhelmsen ASA,Industrials,Transportation,1.6150740242261103,,113.99710896809896,,2806000000.0,62.94302377747869,2.925086188775169,47.825693523023546,3.849683213534931,1.3010318528488112,0.0070664560079412445,0.8055555555555556,0.22879543834640056,0.9086479902557856,3.75,1.727231942575146,0.009381329527784065,8207791845.703125,,,,,,,,,,
2022-12-31,326172727.27272725,15000000.0,468000000.0,49000000.0,68000000.0,147000000.0,13000000.0,943000000.0,536000000.0,400000000.0,654000000.0,2438000000.0,163000000.0,64000000.0,42000000.0,44580000.0,375000000.0,730000000.0,658000000.0,440000000.0,3711000000.0,28000000.0,72000000.0,0,0.029545454545454545,0.5802197802197803,2929000000.0,0.15506067848164126,0.49628844114528103,0.3219528849436668,326172727.27272725,WWI.OL,248.0972137451172,Wallenius Wilhelmsen ASA,Industrials,Transportation,8.972633467922835,455.55555555555554,27.650434471893313,0.06069607567000971,3057000000.0,68.57335127860027,3.6179829207580387,117.66001785026616,2.108594051556622,0.9421265141318977,0.0037974086847254638,0.10500000000000001,0.2139352306182532,1.1094224924012157,16.714285714285715,0.3364737550471063,0.0013562173874019513,11060173788.757324,8.142201834862384,420.0,455.55555555555554,-80.51948051948052,466.6248768012781,0.08142201834862384,4.2,4.555555555555555,-0.8051948051948052,4.555555555555555
2023-12-31,446007766.99029124,151000000.0,553000000.0,43000000.0,59000000.0,94000000.0,27000000.0,1029000000.0,612000000.0,466000000.0,608000000.0,2487000000.0,224000000.0,194000000.0,46000000.0,44193700.0,259000000.0,811000000.0,645000000.0,515000000.0,3735000000.0,38000000.0,166000000.0,0,0.05242718446601942,0.3726235741444867,2871000000.0,0.18251750853023033,0.5374149659863946,0.35841170323928945,446007766.99029124,WWI.OL,337.34893798828125,Wallenius Wilhelmsen ASA,Industrials,Transportation,10.544489372919669,17.518334061189723,31.992913649726837,1.8262532006741572,3127000000.0,70.75669156463478,4.76773193500886,129.56502846443766,2.603703653574043,1.040872341532843,0.003085447215989162,0.09871244635193134,0.19443556124080588,1.2573643410852713,14.552631578947368,3.4167765993795496,0.010128315861181816,14908697760.772705,9.119830328738065,18.162393162393165,16.500000000000004,906.6666666666666,17.707152011359128,0.08629916301156793,1.4787989923437608,1.5440562537456248,0.4003710083542007,1.5551509420644334
2024-12-31,625661710.0371747,56000000.0,574000000.0,40000000.0,74000000.0,-39000000.0,20000000.0,1137000000.0,648000000.0,498000000.0,434000000.0,2695000000.0,155000000.0,96000000.0,72000000.0,42891188.0,145000000.0,764000000.0,637000000.0,538000000.0,3758000000.0,36000000.0,127000000.0,0,0.03717472118959108,0.13537906137184116,2974000000.0,0.185831106266703,0.5048372911169745,0.3823133826496301,625661710.0371747,WWI.OL,396.8350524902344,Wallenius Wilhelmsen ASA,Industrials,Transportation,11.610776553915922,10.112269483003033,34.178166348089384,3.3798709978543333,3324000000.0,77.4984362755352,5.120555608107254,142.2880286765034,2.7889560083262674,1.678666489722784,0.00423013662525211,0.14457831325301207,0.1305655836341757,1.1993720565149137,15.944444444444445,1.3056294920066098,0.0032901062640849745,17020726841.34851,10.495626822157433,3.797468354430378,6.866952789699576,-62.913907284768214,1.8154958190895076,0.09248293014086095,0.8544841577830657,0.905309862191048,-0.10071137395478169,0.9299954196692652
2025-08-03,644269230.7692307,37000000.0,605000000.0,41000000.0,73000000.0,-39000000.0,30000000.0,1169000000.0,678000000.0,522000000.0,480000000.0,2890000000.0,169000000.0,78000000.0,,42280127.0,166000000.0,1021000000.0,688000000.0,572000000.0,4021000000.0,33000000.0,,1,0.05244755244755245,0.13043478260869565,3201000000.0,0.1790906687813904,0.5175363558597091,0.3651983755076539,644269230.7692307,WWI.OL,477.5,Wallenius Wilhelmsen ASA,Industrials,Transportation,12.346225923115131,6.334196216627452,38.67578667145594,6.105871265864934,3541000000.0,83.75093102251088,5.701429156311776,152.52926965894414,3.1305466883024566,,,,0.1355549279864445,1.4840116279069768,18.333333333333332,0.8751156305656319,0.0018327028912369255,20188760642.5,2.8144239226033374,5.400696864111487,4.819277108433728,-33.92857142857143,-3.627184716663512,0.07603031419968276,0.6101940455580732,0.6409090174556455,-0.1674165961179198,0.662782506794636
2021-12-31,,597000000.0,882000000.0,809000000.0,983000000.0,,355000000.0,16617000000.0,1866000000.0,449000000.0,4327000000.0,7117000000.0,350000000.0,1406000000.0,,254725627.0,3552000000.0,7698000000.0,5544000000.0,739000000.0,17272000000.0,143000000.0,2154000000.0,0,0.4803788903924222,,11094000000.0,0.041311142840624086,0.053078172955407114,1.4978366684694429,,YAR.OL,344.5859375,Yara International ASA,Materials,Chemicals,1.7626809099973282,,195.48968593556862,,12945000000.0,50.81938614680493,6.78060015334649,44.89446670717901,7.675465659221157,,,,0.3342603321745848,1.3885281385281385,6.1678321678321675,2.3436982255421044,0.006801491211585221,87774868985.07031,,,,,,,,,,
2022-12-31,868598516.0758452,1465000000.0,3870000000.0,926000000.0,964000000.0,2128000000.0,857000000.0,23902000000.0,4834000000.0,2777000000.0,4218000000.0,8600000000.0,908000000.0,2391000000.0,,254725627.0,2900000000.0,8620000000.0,4338000000.0,3639000000.0,17982000000.0,231000000.0,4282000000.0,0,0.23550425941192635,1.3335545967474278,11910000000.0,0.24841297364196854,0.1619111371433353,2.0068849706129304,868598516.0758452,YAR.OL,357.55645751953125,Yara International ASA,Materials,Chemicals,10.901926251809757,518.4855233853007,32.79754873228717,0.06325644063916211,13764000000.0,54.0346103456642,6.617174718799874,115.12745147556434,3.105744572096449,,,,0.3064516129032258,1.9870908252650992,16.753246753246753,5.7512862653587655,0.016084973839535832,91078792829.56146,43.84064512246495,338.7755102040816,518.4855233853007,145.393634840871,501.3219595505525,0.4384064512246495,3.387755102040816,5.184855233853007,1.45393634840871,5.184855233853007
2023-12-31,1809722513.0890052,1149000000.0,513000000.0,1139000000.0,1018000000.0,-1783000000.0,136000000.0,15511000000.0,1531000000.0,48000000.0,4230000000.0,7570000000.0,447000000.0,2288000000.0,1319000000.0,254725627.0,3354000000.0,6213000000.0,3714000000.0,191000000.0,16027000000.0,322000000.0,2499000000.0,0,0.7120418848167539,0.9920424403183024,11353000000.0,0.013011760159341607,0.033073302817355425,1.3662468070113627,1809722513.0890052,YAR.OL,351.0003967285156,Yara International ASA,Materials,Chemicals,0.18843804828479233,-98.27151602448686,1862.6832527899978,-18.954457284711705,11797000000.0,46.31257615866031,7.578943471553775,14.01280335634244,25.048549373216368,5.178120535159189,0.014752463482724357,27.479166666666664,0.35856573705179284,1.672859450726979,1.593167701863354,4.510735780817217,0.012851084565314851,89408796133.91989,-35.10584888293866,-86.74418604651163,-98.27151602448686,-21.56996587030716,-94.7620448446887,-0.033852156171073844,-0.23735155342633496,-0.6730378743251213,0.3873078661846798,-0.6730378743251213
2024-12-31,-35333333.333333254,248000000.0,476000000.0,1038000000.0,1047000000.0,84000000.0,165000000.0,13868000000.0,1523000000.0,14000000.0,4048000000.0,7004000000.0,232000000.0,1286000000.0,120000000.0,254725627.0,3348000000.0,5700000000.0,3117000000.0,180000000.0,14994000000.0,296000000.0,2583000000.0,0,0.9166666666666666,6.97427652733119,10820000000.0,0.003666050523721505,0.03432362272858379,1.2817005545286506,-35333333.333333254,YAR.OL,296.8127136230469,Yara International ASA,Materials,Chemicals,0.054961097416397764,-70.83333333333333,5400.414612800147,-76.24114747482561,10946000000.0,42.97172659427785,6.907162852110549,7.28971180217199,40.71665954401801,0.47109512071198084,0.0015871797234072432,8.571428571428571,0.3698154577014435,1.8286814244465832,1.6081081081081081,0.9735965828047604,0.0032801714283749693,75605804579.20206,-10.592482754174458,-7.21247563352827,-70.83333333333333,-78.4160139251523,-71.82509915009834,-0.05849982652594443,-0.1858343240583442,-0.6852537496944999,-0.2538506186609726,-0.6852537496944999
2025-08-03,880564878.0487804,627000000.0,1301000000.0,986000000.0,1057000000.0,84000000.0,321000000.0,14595000000.0,2358000000.0,701000000.0,4172000000.0,8076000000.0,837000000.0,1613000000.0,,254725627.0,2807000000.0,6866000000.0,4298000000.0,1025000000.0,16898000000.0,276000000.0,,1,0.3131707317073171,2.1704081632653063,11411000000.0,0.07830732434044171,0.08914011647824598,1.2790290070984138,880564878.0487804,YAR.OL,383.3999938964844,Yara International ASA,Materials,Chemicals,2.751980663492488,4907.142857142858,139.31783714276483,0.028390825618612916,12726000000.0,49.959637551505566,7.674194863828238,55.61905268142223,6.893321180649071,,,,0.3278327832783278,1.5974872033503955,4.713768115942029,2.4614720057200996,0.006420114879774051,97661803837.07816,5.242284395731178,173.31932773109244,4907.142857142857,152.8225806451613,2036.013233689695,-0.03191638456383816,0.10205223041278533,0.11780981652874911,0.012332786080838654,0.11780981652874911
2021-12-31,,336900000.0,431400000.0,258800000.0,266600000.0,,74900000.0,1997900000.0,698000000.0,343600000.0,1333100000.0,1204100000.0,114100000.0,595700000.0,,160187301.0,1127500000.0,703900000.0,526000000.0,418400000.0,3028400000.0,13000000.0,177900000.0,0,0.1790152963671128,,2423100000.0,0.14616516080526085,0.21592672305921218,0.8245223061367669,,ELISA.HE,46.38309860229492,Elisa Oyj,Communication Services,Telecom Services,2.144989008835351,,21.623932995106216,,1695300000.0,10.583235933290368,4.382695320662122,22.600239091289087,2.0523277835663505,,,,0.7863504984368548,1.338212927756654,33.184615384615384,2.1031629717014835,0.04534330467515217,7429983377.118496,,,,,,,,,,
2022-12-31,545863859.6491228,320900000.0,469900000.0,270900000.0,263400000.0,-169200000.0,83200000.0,2129500000.0,733300000.0,374100000.0,1361200000.0,1251900000.0,85400000.0,591800000.0,,160259695.0,1184600000.0,719900000.0,711200000.0,456000000.0,3100800000.0,13900000.0,8700000.0,0,0.1824561403508772,0.9441427463149729,2527700000.0,0.1519815878660928,0.22066212725992018,0.8424654824544052,545863859.6491228,ELISA.HE,43.994049072265625,Elisa Oyj,Communication Services,Telecom Services,2.3343361535787275,8.827417947758388,18.846492611965576,2.134994935495425,1739600000.0,10.854881509664672,4.052927619071236,23.877315655105125,1.8425039777391983,,,,0.7824787307426995,1.0122328458942633,33.805755395683455,2.0023749577209666,0.04551467755177115,7050472886.136322,6.586916262075171,8.924432081594812,8.876600698486614,-4.749183734045714,3.9793525548686093,0.06586916262075171,0.08924432081594813,0.08876600698486614,-0.047491837340457144,0.08827417947758387
2023-12-31,386314712.9447719,343100000.0,485800000.0,304700000.0,274100000.0,-20300000.0,84100000.0,2180500000.0,760000000.0,375200000.0,1367500000.0,1293700000.0,63400000.0,647800000.0,,160388419.0,1215500000.0,698000000.0,709600000.0,458100000.0,3124600000.0,27700000.0,-11600000.0,0,0.18358437022484173,1.3903410505352254,2597800000.0,0.15267330546800056,0.22279293739967898,0.8393640772961737,386314712.9447719,ELISA.HE,38.665035247802734,Elisa Oyj,Communication Services,Telecom Services,2.3393210204285384,0.2135453731532566,16.528315229142734,77.39954738930702,1757100000.0,10.95527975744932,3.5293517010838054,24.01308216324427,1.6101654500223024,,,,0.7782710147401969,0.9836527621195039,17.537906137184116,2.139181881953709,0.05532600366826964,6201423873.974354,2.394928386945283,3.3836986592892027,0.29403902699813855,6.9180430040511,0.4551325009955809,0.04469898332680122,0.06117909247015474,0.04497244172183357,0.009159594399928084,0.04431706805695734
2024-12-31,514814534.4943068,344200000.0,486500000.0,306700000.0,279200000.0,-155200000.0,91500000.0,2191500000.0,765700000.0,358400000.0,1562600000.0,1292800000.0,89900000.0,650900000.0,,160409466.0,1376200000.0,746800000.0,913600000.0,447900000.0,3356400000.0,38600000.0,-166800000.0,0,0.2042866711319491,1.090379746835443,2765500000.0,0.13997994376941122,0.2219940679899612,0.7924425962755379,514814534.4943068,ELISA.HE,40.717857360839844,Elisa Oyj,Communication Services,Telecom Services,2.234282109012195,-4.490145238685594,18.224134363606275,-4.058695965242552,1793800000.0,11.182631827974541,3.641169448052452,23.71003943608196,1.717325585670489,,,,0.8711116066451109,0.8174255691768827,12.603626943005182,2.1457586549162877,0.05269822122270997,6531529755.916489,0.5044714515019422,0.14409221902016434,-4.477611940298509,0.3206062372486107,-8.314067518011392,0.031310032856039394,0.04088056902557269,0.014156430178522639,0.007171168346069345,0.013688016091752297
2025-08-03,532574074.07407403,360100000.0,497000000.0,309000000.0,289300000.0,-155200000.0,91200000.0,2223800000.0,786300000.0,363700000.0,1597900000.0,1090900000.0,103100000.0,669100000.0,,160513534.0,1397300000.0,727500000.0,1102800000.0,453600000.0,3348700000.0,43400000.0,,1,0.20105820105820105,1.0919172005914244,2585700000.0,0.15356540746183783,0.223491321161975,0.8600379007618827,532574074.07407403,ELISA.HE,45.2599983215332,Elisa Oyj,Communication Services,Telecom Services,2.2658525479851437,1.4130014668069846,19.97482067479616,14.136447232382606,1750800000.0,10.90749145178001,4.149441557815492,23.581396570351657,1.9193094940966113,,,,0.9126684944025588,0.6596844396082698,11.451612903225806,2.243424532662772,0.04956749040786918,7264842279.423363,1.4738763404061217,2.158273381294973,1.4787946428571397,4.61940732132482,9.70529300597942,0.027142016080799802,0.03602220088710628,0.014314272387625282,0.016788270433142127,0.013798497672483201
2021-12-31,,4500000000.0,4522000000.0,470000000.0,587000000.0,,325000000.0,6422000000.0,5109000000.0,739000000.0,17220000000.0,13665000000.0,7592000000.0,4970000000.0,,888294465.0,8553000000.0,100262000000.0,100226000000.0,4332000000.0,149661000000.0,190000000.0,36000000.0,0,0.07502308402585411,,23293000000.0,0.17957092749045153,0.7041420118343196,0.2757051474691968,,FORTUM.HE,20.125444412231445,Fortum Oyj,Utilities,Electric Utilities,0.8319313348417633,,24.19123258058237,,132441000000.0,149.0958293880622,0.13498328219396086,52.82843531800259,0.38095855557874536,,,,0.1300201599202664,1.00035918823459,23.8,5.065887695247544,0.2517155691811058,17877320877.05037,,,,,,,,,,
2022-12-31,496250000.0,-9246000000.0,1835000000.0,479000000.0,415000000.0,816000000.0,-520000000.0,7774000000.0,2250000000.0,-2416000000.0,7785000000.0,7737000000.0,3771000000.0,-8767000000.0,,897264465.0,3895000000.0,10974000000.0,10122000000.0,1564000000.0,23642000000.0,271000000.0,852000000.0,0,0.25,0.7261146496815286,11751000000.0,0.11711769211130968,0.23604322099305378,0.6615607182367458,496250000.0,FORTUM.HE,12.423140525817871,Fortum Oyj,Utilities,Electric Utilities,-2.6926286443317466,-423.65996225444445,-4.613759328442795,0.010890241560451807,15857000000.0,17.672604475649216,0.7029603668737965,,,,,,0.49095036892224253,1.0841730883224658,6.771217712177122,-10.304654157902041,-0.8294725586084151,11146842537.517792,21.052631578947366,-59.420610349402914,-426.9282814614344,-305.4666666666667,-34.77914618582272,0.21052631578947367,-0.5942061034940291,,,
2023-12-31,-1277427668.982944,1243000000.0,1914000000.0,576000000.0,359000000.0,2891000000.0,69000000.0,6711000000.0,2273000000.0,-2069000000.0,5911000000.0,8498000000.0,4183000000.0,1819000000.0,,897264465.0,1610000000.0,7349000000.0,3606000000.0,1583000000.0,18739000000.0,331000000.0,3743000000.0,0,0.043588123815540114,2.073712737127371,10226000000.0,0.17901157158390926,0.2852033974072418,0.6562683356150988,-1277427668.982944,FORTUM.HE,11.246973991394043,Fortum Oyj,Utilities,Electric Utilities,-2.3058976262923774,-14.362582781456956,-4.87748192424219,0.33959643599334666,12828000000.0,14.296788182734954,0.786678367731298,,,,,,0.46078889928281885,2.037992235163616,5.782477341389728,1.3853217735531296,0.12317284405682362,10091510101.257092,-13.673784409570366,4.305177111716629,-14.362582781456956,-113.44365130867402,52.84759147556895,0.022253176638403094,-0.3494125404996735,,-0.47443152470660666,
2024-12-31,285899213.72408843,920000000.0,1663000000.0,472000000.0,379000000.0,1000000000.0,239000000.0,5800000000.0,2042000000.0,1164000000.0,4827000000.0,9153000000.0,4135000000.0,1392000000.0,,897264465.0,598000000.0,6529000000.0,1786000000.0,1399000000.0,17307000000.0,264000000.0,4743000000.0,0,0.1708363116511794,1.2998595505617978,9845000000.0,0.14006086477644375,0.28672413793103446,0.5891315388522093,285899213.72408843,FORTUM.HE,12.710536003112793,Fortum Oyj,Utilities,Electric Utilities,1.2972763832790368,-156.25906234896087,9.797862789257938,-0.06270268515612333,12480000000.0,13.908942666084519,0.9138391255365577,20.14904994868508,0.6308255741825822,,,,0.38677884615384617,3.6556550951847706,6.299242424242424,1.0253387221793075,0.08066840941469372,11404712286.69624,-13.574728058411567,-13.113897596656221,-156.25906234896087,-25.985518905872883,-21.758764789799024,-0.03338715038575135,-0.28354778382242396,0.16350837570307397,-0.4108962718397592,0.15961816509082527
2025-08-03,103939322.30102444,791000000.0,1522000000.0,516000000.0,363000000.0,1000000000.0,221000000.0,5427000000.0,1885000000.0,1056000000.0,4728000000.0,9679000000.0,4232000000.0,1307000000.0,,897264465.0,402000000.0,6596000000.0,2510000000.0,1269000000.0,17743000000.0,253000000.0,,1,0.17415287628053586,1.444273635664873,10175000000.0,0.12353212012786481,0.2804496038326884,0.5333660933660934,103939322.30102444,FORTUM.HE,16.0,Fortum Oyj,Utilities,Electric Utilities,1.1769105332840748,-9.278350515463906,13.594916136363635,-1.465229850252527,13015000000.0,14.505199423004008,1.1030527422205147,19.59859037627933,0.8163852446941902,,,,0.3632731463695736,2.6278884462151395,6.015810276679842,0.8815684013519915,0.05509802508449947,14356231440.0,-6.4310344827586245,-8.478653036680694,-9.278350515463918,-14.021739130434785,-11.801115661366989,-0.04121246309614979,-0.23832268080373042,0.09333907564611699,-0.3524981815514827,0.09059622943474155
2021-12-31,,12900000.0,354400000.0,43300000.0,117400000.0,,86400000.0,3315000000.0,471800000.0,246500000.0,919400000.0,1547000000.0,488800000.0,56200000.0,,64483328.0,267700000.0,2216300000.0,1389600000.0,333100000.0,4027300000.0,21300000.0,826700000.0,0,0.25938156709696786,,1977600000.0,0.13272409618771974,0.1069079939668175,1.6762742718446602,,HIAB.HE,,Cargotec Oyj (Hiab),Industrials,Industrial Machinery,3.822693518547926,,,,3107900000.0,48.196954102617035,,64.38516243196942,,,,,0.29582676405289743,1.5949194012665515,16.63849765258216,0.20005170948993203,,,,,,,,,,,,
2022-12-31,172791645.56962025,94200000.0,97700000.0,66200000.0,203900000.0,-6400000.0,55800000.0,4088600000.0,301600000.0,23900000.0,837500000.0,1528300000.0,451900000.0,160400000.0,,64483328.0,221000000.0,2536400000.0,1716100000.0,79000000.0,4189300000.0,18700000.0,820300000.0,0,0.7063291139240506,6.293556085918855,1913900000.0,0.01499119367240726,0.023895710022990756,2.136266262605152,172791645.56962025,HIAB.HE,,Cargotec Oyj (Hiab),Industrials,Industrial Machinery,0.3706384385123547,-90.30425963488844,,,3351800000.0,51.979327121577846,,20.820052218557265,,,,,0.24986574377946177,1.4780024474098246,5.224598930481283,1.4608427158102013,,,23.33634992458522,-72.43227990970655,-90.30425963488844,630.2325581395348,-88.70499471987038,0.2333634992458522,-0.7243227990970655,-0.9030425963488844,6.3023255813953485,-0.9030425963488844
2023-12-31,-3936708.8607594967,354800000.0,217000000.0,81100000.0,114400000.0,199300000.0,52000000.0,1786500000.0,331400000.0,346900000.0,866600000.0,1753800000.0,684700000.0,435900000.0,,64301125.0,4300000.0,2730400000.0,1710800000.0,205400000.0,4376500000.0,11600000.0,1019600000.0,0,0.25316455696202533,2.3927272727272726,1935700000.0,0.08372335131437748,0.12146655471592499,0.9229219403833239,-3936708.8607594967,HIAB.HE,,Cargotec Oyj (Hiab),Industrials,Industrial Machinery,5.394928937868506,1355.5772896956757,,,3509900000.0,54.585359120855195,,81.39958847478002,,,,,0.2469016211288071,1.595978489595511,18.70689655172414,5.517788374620195,,,-56.305336790099304,122.10849539406348,1351.4644351464435,276.6454352441614,458.48355470504265,-0.2658923599707457,-0.21750240698774193,0.1862976992464085,4.244413786972977,0.18797725071829752
2024-12-31,619553889.4095595,431900000.0,223800000.0,44200000.0,270600000.0,-230600000.0,58400000.0,1647300000.0,494400000.0,1066700000.0,369400000.0,1027300000.0,439100000.0,476100000.0,,63924118.0,-69700000.0,1943600000.0,1154600000.0,213400000.0,2450100000.0,10400000.0,789000000.0,0,0.2736644798500469,0.5090689238210399,957600000.0,0.16975134650121082,0.13585867783645966,1.7202380952380953,619553889.4095595,HIAB.HE,,Cargotec Oyj (Hiab),Industrials,Industrial Machinery,16.686972513253917,209.30847663485275,,,2080700000.0,32.549530053742785,,110.54838329816546,,,,,0.17753640601720574,1.6833535423523298,21.51923076923077,6.756448325184557,,,-7.791771620486987,3.133640552995387,207.4949553185356,21.730552423900782,102.75268946629001,-0.2079309288235568,-0.14206288462539907,0.6295778910176726,2.22303111295,0.6343159660474573
2025-08-03,,392100000.0,222300000.0,,268000000.0,-230600000.0,57300000.0,1613600000.0,490300000.0,-12200000.0,263600000.0,1041900000.0,341000000.0,436300000.0,,64518653.0,-77400000.0,1829900000.0,1080800000.0,213700000.0,2375700000.0,8600000.0,,1,0.26813289658399625,,964500000.0,0.16868227795684565,0.13776648487853246,1.6729911871435976,,HIAB.HE,58.650001525878906,Cargotec Oyj (Hiab),Industrials,Industrial Machinery,-0.18909260241375467,-101.13317500980818,-310.16549974570916,3.0669016345588718,2112100000.0,32.736269308040264,1.7915908796447384,,,,,,0.1248046967473131,1.6930977054034049,25.848837209302324,6.077312246428951,0.10361998445553969,3784019096.8976517,-2.0457718691191618,-0.6702412868632712,-101.1437142589294,-9.215096087057184,-0.6297850157892859,-0.16472768286568618,-0.1100585451083127,,1.3480199522542535,
2021-12-31,,-36700000.0,293100000.0,259400000.0,173800000.0,,60300000.0,3574900000.0,466900000.0,198800000.0,1702900000.0,1597200000.0,178600000.0,222700000.0,,104364676.0,1220400000.0,1613100000.0,1322200000.0,263000000.0,4542200000.0,30100000.0,290900000.0,0,0.22927756653992395,,3121500000.0,0.07236865136862031,0.08198830736524099,1.1452506807624538,,HUH1V.HE,34.940120697021484,Huhtamäki Oyj,Industrials,Containers & Packaging,1.9048590731982917,,18.342627645601315,,2839300000.0,27.20556522400357,1.284300488129307,34.14692189004303,1.0232289987815781,,,,0.5997605043496637,1.220012101043715,9.737541528239202,-0.35165154922725006,-0.010064405680694373,3646514375.9455414,,,,,,,,,,
2022-12-31,-96331667.14001703,2900000.0,404000000.0,318500000.0,209700000.0,315000000.0,66700000.0,4479000000.0,613700000.0,276200000.0,1796000000.0,1922200000.0,309400000.0,321400000.0,,104364676.0,1184500000.0,1813600000.0,1207700000.0,352100000.0,4821300000.0,51900000.0,605900000.0,0,0.18943481965350753,2.499851764008301,3408800000.0,0.09606557523468169,0.09019870506809556,1.313952123914574,-96331667.14001703,HUH1V.HE,29.57809829711914,Huhtamäki Oyj,Industrials,Containers & Packaging,2.646489315982737,38.93360160965793,11.176352807657462,0.28706187831554325,3025300000.0,28.987777435346036,1.0203644747545668,41.54643755758605,0.711928628203609,,,,0.5936601328793839,1.5016974414175706,7.7842003853564545,0.027787179639210492,0.0009394511898662843,3086908645.474991,25.290217908193235,37.83691572842034,38.933601609657956,-107.90190735694823,32.74473603958381,0.25290217908193235,0.3783691572842034,0.38933601609657953,,0.3893360160965793
2023-12-31,171285865.38461536,259510000.0,392300000.0,318700000.0,218600000.0,11900000.0,86700000.0,4168900000.0,610900000.0,206300000.0,1654000000.0,1924900000.0,348200000.0,578210000.0,,104538181.0,1002000000.0,1650500000.0,1032700000.0,312000000.0,4664900000.0,80300000.0,617800000.0,0,0.2778846153846154,1.7971204188481675,3230700000.0,0.08768559921522127,0.09410156156300223,1.2904014609836878,171285865.38461536,HUH1V.HE,35.13930892944336,Huhtamäki Oyj,Industrials,Containers & Packaging,1.9734416461675375,-25.431716869231824,17.806104881633864,-0.7001534726574559,3010900000.0,28.801916880493646,1.2200336899535242,35.76136603769484,0.9826053314743124,,,,0.5493374074197084,1.598237629514864,4.885429638854297,2.4824422762818115,0.07064573413399612,3673399437.081066,-6.923420406340696,-2.8960396039603986,-25.30774800868936,8848.620689655172,-8.723183095493582,0.07988818585253843,0.156914448263344,0.01868854815831389,,0.017842823878339464
2024-12-31,297056206.32279533,184800000.0,380300000.0,247900000.0,222000000.0,-29600000.0,68700000.0,4126300000.0,602300000.0,224100000.0,1561900000.0,2124100000.0,317100000.0,432700000.0,,104760700.0,991800000.0,1718500000.0,1130300000.0,300500000.0,4893500000.0,79800000.0,588200000.0,0,0.2286189683860233,1.4130295250320923,3368900000.0,0.08707774238558441,0.09216489348811284,1.2248211582415625,297056206.32279533,HUH1V.HE,33.593265533447266,Huhtamäki Oyj,Industrials,Containers & Packaging,2.1391609639874494,8.397477480103955,15.703944723649304,1.8700788136504654,3331600000.0,31.80200208666036,1.056325493027317,39.12372723054008,0.8586417478962557,,,,0.468813783167247,1.520392816066531,4.765664160401003,1.7640202862332917,0.05251112859144158,3519254012.569809,-1.0218522871740743,-3.0588835075197607,8.628211342704795,-28.78887133443798,-0.6932231005742473,0.04897619834909439,0.09069545228481779,0.04073899076381782,,0.039425909084631394
2025-08-03,351464513.7063463,182100000.0,338800000.0,236400000.0,294400000.0,-29600000.0,58900000.0,4094000000.0,633200000.0,200900000.0,1769900000.0,1839200000.0,444000000.0,418500000.0,,104968310.0,1325900000.0,1852300000.0,1275200000.0,266300000.0,4786500000.0,72500000.0,,1,0.2211791212917762,1.790639514112183,3165100000.0,0.08336688057449881,0.0827552515876893,1.2934820384821966,351464513.7063463,HUH1V.HE,30.0,Huhtamäki Oyj,Industrials,Containers & Packaging,1.9139109698917702,-10.529829119348156,15.674710303633649,-1.4886006340627098,3016600000.0,28.73819727115736,1.0439068156202347,35.178870046863224,0.8527846391892566,,,,0.5867201485115693,1.452556461731493,4.673103448275862,1.7348092962533168,0.05782697654177723,3149049300.0,-0.7827836075903316,-10.912437549303178,-10.352521195894692,-1.461038961038963,-4.26155032207165,0.03447734746491049,0.036888113236460685,0.002630447972902017,,0.0011858896673162533
2023-12-31,,165400000.0,252900000.0,55900000.0,57100000.0,,47700000.0,2049600000.0,310000000.0,193800000.0,191900000.0,818100000.0,82600000.0,221300000.0,,64324118.0,30800000.0,1189800000.0,784900000.0,241500000.0,1846100000.0,11400000.0,404900000.0,0,0.19751552795031055,,927400000.0,0.21883580222273719,0.12338992974238876,2.210049601035152,,KALMAR.HE,,Cargotec Oyj (Kalmar),Industrials,Industrial Machinery,3.0128668068173123,,,,1654200000.0,25.716637109583065,,41.753060396031515,,,,,0.11600773787933745,1.515861893234807,22.18421052631579,2.571352785591246,,,,,,,,,,,,
2024-12-31,132704637.68115944,135700000.0,189500000.0,40500000.0,61100000.0,28400000.0,44600000.0,1720500000.0,250600000.0,127900000.0,340800000.0,638200000.0,260600000.0,176200000.0,,54548029.0,80300000.0,1053900000.0,620600000.0,172500000.0,1695900000.0,17000000.0,433300000.0,0,0.25855072463768114,0.8971704623878537,718400000.0,0.1955799522287854,0.11014240046498111,2.394905345211581,132704637.68115944,KALMAR.HE,30.857032775878906,Cargotec Oyj (Kalmar),Industrials,Industrial Machinery,2.3447226663313536,-22.176358376484718,13.160205775704402,-0.5934340324180173,1355100000.0,24.842327483546654,1.2421152082596068,36.20204811249923,0.8523559959919813,,,,0.25149435466017267,1.6981952948759265,11.147058823529411,2.4877159172882304,0.08062071085567535,1683190318.712593,-16.05679156908665,-25.069197311190194,-34.00412796697626,-17.956469165659005,-10.627077360166748,-0.16056791569086648,-0.25069197311190194,-0.3400412796697626,-0.17956469165659006,-0.22176358376484717
2025-08-03,132479777.77777779,131600000.0,199900000.0,50100000.0,59500000.0,28400000.0,43600000.0,1683300000.0,259400000.0,136500000.0,336800000.0,618400000.0,242500000.0,181700000.0,,54616640.0,94300000.0,1082600000.0,660900000.0,180000000.0,1717000000.0,19900000.0,,1,0.24222222222222223,0.8829174664107485,712700000.0,0.2125435355377828,0.11875482682825403,2.3618633366072683,132479777.77777779,KALMAR.HE,39.2599983215332,Cargotec Oyj (Kalmar),Industrials,Industrial Machinery,2.4992383273668977,6.589933353495714,15.70878530936105,2.3837548070236743,1380200000.0,25.270686735764045,1.5535786079754987,37.696724646848764,1.0414697480836739,,,,0.2440226054195044,1.6380692994401573,10.045226130653266,2.4095220797178296,0.06137346364572467,2144249194.7277832,-2.1621621621621623,5.488126649076519,6.724003127443323,-3.0213706705969012,8.67347758074597,-0.09375378543954616,-0.11093813466361446,-0.16075369209922796,-0.1080095759673757,-0.08921919355001617
2021-12-31,,51400000.0,172500000.0,168800000.0,200200000.0,,28200000.0,2674400000.0,372700000.0,108100000.0,992100000.0,1342700000.0,142400000.0,220200000.0,,153127484.0,712900000.0,983800000.0,790900000.0,143300000.0,3139300000.0,29200000.0,192900000.0,0,0.19678995115143055,,2192400000.0,0.06319728764202619,0.06450044869877355,1.2198503922641855,,KEMIRA.HE,11.594407081604004,Kemira Oyj,Materials,Specialty Chemicals,0.7059477317605506,,16.42388885178357,,2147200000.0,14.022303141870992,0.8268546874430904,14.924067631979897,0.7768932282750474,,,,0.4620435916542474,1.243899355165002,5.907534246575342,0.3356680241673663,0.028950857237016125,1775422384.8778038,,,,,,,,,,
2022-12-31,41331992.21284878,202400000.0,345400000.0,197900000.0,210300000.0,239700000.0,68500000.0,3569600000.0,555700000.0,231700000.0,1021800000.0,1684600000.0,250600000.0,400300000.0,,153352360.0,622300000.0,1328200000.0,895600000.0,308200000.0,3651100000.0,37200000.0,432600000.0,0,0.22225827384815056,2.3398338750451426,2455800000.0,0.10938675470838374,0.09676154190945764,1.4535385617721313,41331992.21284878,KEMIRA.HE,13.049272537231445,Kemira Oyj,Materials,Specialty Chemicals,1.5108994736044492,114.02426916741324,8.636757617037679,0.07574490658963996,2629300000.0,17.145481165076298,0.7610910660128666,24.142591317165966,0.5405083640691501,,,,0.3886205453923097,1.4830281375614114,9.28494623655914,1.3198362255396656,0.10114251363621869,2001136739.86763,33.472928507328746,100.23188405797102,114.33857539315451,293.7743190661479,73.08773649906071,0.3347292850732875,1.00231884057971,1.143385753931545,2.937743190661479,1.1402426916741324
2023-12-31,226490993.15068495,341100000.0,336900000.0,204900000.0,203600000.0,16000000.0,80700000.0,3383700000.0,540500000.0,199100000.0,937900000.0,1684200000.0,402500000.0,546000000.0,,153619832.0,413900000.0,1438400000.0,989800000.0,292000000.0,3489300000.0,44900000.0,448600000.0,0,0.27636986301369865,1.6569086651053864,2219600000.0,0.10983555287019506,0.09956556432307828,1.524463867363489,226490993.15068495,KEMIRA.HE,15.90977954864502,Kemira Oyj,Materials,Specialty Chemicals,1.2960566185230564,-14.219533386219062,12.27552818392709,-0.8632862872859094,2551400000.0,16.608532679556635,0.9579280635807336,22.007407180859737,0.7229283948761606,,,,0.36760210080739986,1.453222873307739,7.503340757238307,2.2204164368569286,0.13956299206207629,2444057661.4198837,-5.207866427610941,-2.4609148812970494,-14.069917997410442,68.52766798418972,0.41028565387808413,0.12481925958638529,0.39751331952896596,0.35713416285391575,1.5760797290511053,0.35495762575270806
2024-12-31,275696074.93309546,317300000.0,374700000.0,167300000.0,186800000.0,36500000.0,73600000.0,2948100000.0,561500000.0,249400000.0,810700000.0,1803500000.0,519200000.0,484600000.0,,153983209.0,159300000.0,1320600000.0,835500000.0,336300000.0,3381000000.0,38400000.0,485100000.0,0,0.21885221528397264,1.2972434407173696,2095000000.0,0.13971173027832717,0.12709880940266613,1.4072076372315037,275696074.93309546,KEMIRA.HE,19.18407440185547,Kemira Oyj,Materials,Specialty Chemicals,1.619657114692291,24.968083303181544,11.844528220098077,0.4743867631436809,2570300000.0,16.69207971889974,1.1492920429881572,24.663688444834328,0.7778266598187371,,,,0.315410652453021,1.5806104129263914,9.7578125,2.0606142842496546,0.10741275503239049,2954025338.0924606,-12.873481691639332,11.219946571682993,25.26368658965343,-6.9774259747874545,27.200825804955997,0.03301179986045866,0.2950847751468726,0.3213673912278363,0.8344349569305696,0.31891511479415424
2025-08-03,245049934.38320208,219000000.0,340300000.0,177400000.0,193900000.0,36500000.0,67400000.0,2853600000.0,534200000.0,224500000.0,663100000.0,1718300000.0,376800000.0,396400000.0,,154446553.0,286300000.0,1138100000.0,661000000.0,304800000.0,3103900000.0,35500000.0,,1,0.2211286089238845,1.4943202638329058,2004600000.0,0.1322208592154056,0.11925287356321838,1.4235258904519605,245049934.38320208,KEMIRA.HE,18.540000915527344,Kemira Oyj,Materials,Specialty Chemicals,1.4535772773122362,-10.254012153159175,12.754740463340948,-1.2438780326012504,2440800000.0,15.803525249281543,1.1731560283595717,22.734599558496328,0.8154971398472955,,,,0.27167322189446086,1.72178517397882,9.585915492957746,1.4179662527010233,0.07648145537649188,2863439234.0200424,-3.2054543604355334,-9.180677875633837,-9.98396150761829,-30.980144973211477,-5.361662222634134,0.01634623617007258,0.1851360596415117,0.2004599147198649,0.4367137525954228,0.19788849707417855
2021-12-31,,912600000.0,789000000.0,239400000.0,481700000.0,,141100000.0,11300200000.0,1276100000.0,571800000.0,2295100000.0,2529500000.0,279800000.0,1152000000.0,,397110344.0,86700000.0,2495400000.0,2540900000.0,712900000.0,6966000000.0,76100000.0,-45500000.0,0,0.19792397250666294,,4544800000.0,0.13924440804705224,0.06982177306596343,2.4864020418940327,,KESKOB.HE,24.299734115600586,Kesko Oyj B,Consumer Staples,Food & Staples Retailing,1.439902054024561,,16.875963227972516,,4670900000.0,11.76222193799112,2.065913587050608,19.521016095202082,1.2447986312338029,,,,0.4913614078657218,0.9820929591876894,10.367936925098554,2.2981018092039425,0.09457312570875194,9649675773.754684,,,,,,,,,,
2022-12-31,771217027.98581,562800000.0,833500000.0,352400000.0,491100000.0,35400000.0,151200000.0,11809000000.0,1324600000.0,609900000.0,2418200000.0,2742200000.0,245500000.0,915200000.0,,397458647.0,252600000.0,2786400000.0,2796500000.0,761100000.0,7474000000.0,72400000.0,-10100000.0,0,0.19865983445013796,1.2881430455811227,4914900000.0,0.13589636167283362,0.07058175967482429,2.402693849315347,771217027.98581,KESKOB.HE,17.925621032714844,Kesko Oyj B,Consumer Staples,Food & Staples Retailing,1.534499260749509,6.5696973249358415,11.681739764383643,1.7781244989848486,5055800000.0,12.720317039674319,1.40921181263056,20.956732441205894,0.8553633579569319,,,,0.4783021480280074,0.996388342571071,11.512430939226519,1.4159963665352084,0.07899287639468495,7124693082.297585,4.502575175660617,5.6400506970849085,6.663168940188879,-38.33004602235371,-2.4044386565866827,0.04502575175660617,0.056400506970849085,0.0666316894018888,-0.38330046022353714,0.06569697324935841
2023-12-31,523293072.53463745,510300000.0,711800000.0,539200000.0,537200000.0,49600000.0,118000000.0,11783800000.0,1249000000.0,495600000.0,2787000000.0,2758400000.0,211900000.0,1049500000.0,,397769511.0,577300000.0,2595200000.0,2555700000.0,613500000.0,7754300000.0,98300000.0,39500000.0,0,0.19233903830480847,1.8962613674637925,5333500000.0,0.1077890826914104,0.060404962745464114,2.2093934564544857,523293072.53463745,KESKOB.HE,16.546428680419922,Kesko Oyj B,Consumer Staples,Food & Staples Retailing,1.2459476814953774,-18.80428271520912,13.28019540961866,-0.7062324902655014,4967300000.0,12.48788522657786,1.3249984589227564,18.710509400034752,0.8843387599265036,,,,0.5610693938356854,1.0154556481590171,7.241098677517803,1.282903756793969,0.07753357425775402,6581664845.007008,-0.21339656194427903,-14.601079784043192,-18.74077717658632,-9.328358208955223,-20.682878213539404,0.021173688816415348,-0.050181793126179985,-0.06901309289753033,-0.2522222271067853,-0.06978480902958661
2024-12-31,689682926.8292682,516800000.0,599200000.0,491400000.0,582900000.0,-115900000.0,92000000.0,11920100000.0,1222600000.0,379100000.0,3396300000.0,2735000000.0,473100000.0,1008200000.0,,397956408.0,872200000.0,2851700000.0,2928100000.0,471500000.0,8471200000.0,127700000.0,-76400000.0,0,0.1951219512195122,1.889589905362776,5658200000.0,0.08523610456139202,0.050268034664138726,2.1066947085645613,689682926.8292682,KESKOB.HE,17.518224716186523,Kesko Oyj B,Consumer Staples,Food & Staples Retailing,0.9526169006933041,-23.54278475401309,18.389580012108702,-0.7811132032277542,5074900000.0,12.752401765572273,1.373719636365329,16.53279929540348,1.0596042692574763,,,,0.6692348617706753,0.9739079949455278,4.692247454972592,1.2986346987029795,0.07413049665375422,6971489782.590408,1.1566727201751448,-15.819050295026694,-23.506860371267145,1.2737605330197965,-20.923248966303333,0.017961273234804453,-0.0876427367053223,-0.12802665144327807,-0.17266636617027298,-0.1286450346661302
2025-08-03,,394700000.0,609000000.0,,579400000.0,-115900000.0,92200000.0,12083700000.0,1229500000.0,379200000.0,3636000000.0,2553100000.0,190500000.0,886100000.0,,398120032.0,1346600000.0,2928100000.0,3316500000.0,471800000.0,8919000000.0,137200000.0,,1,0.19542178889359899,,5998600000.0,0.08168374796849236,0.050398470667096996,2.014420031340646,,KESKOB.HE,19.100000381469727,Kesko Oyj B,Consumer Staples,Food & Staples Retailing,0.9524765636510347,-0.014731739712703362,20.052987244384862,-1361.2097169415044,5283000000.0,13.269867314790128,1.4393512706929283,16.863654599527674,1.1326133530987221,,,,0.6882453151618398,0.8828885873661994,4.438775510204081,0.9914095455513275,0.05190625789270479,7604092763.07074,1.3724717074521164,1.6355140186915973,0.026378264310200628,-23.626160990712076,-4.167666520166991,0.016900477196512886,-0.0626860679201503,-0.0975855426587674,-0.18904516867612198,-0.09815824989377597
2021-12-31,,150700000.0,1335100000.0,700000.0,1200000.0,,255500000.0,391700000.0,1336300000.0,1023400000.0,3334500000.0,4263300000.0,197000000.0,151400000.0,91400000.0,247144399.0,3066000000.0,340500000.0,184200000.0,1278900000.0,8716800000.0,56200000.0,156300000.0,0,0.19978106185002736,,7400800000.0,0.14435902933791325,3.4084758743936687,0.05292671062587828,,KOJAMO.HE,20.153528213500977,Kojamo Oyj,Real Estate,Real Estate Management & Development,4.140899021547318,,4.866945102653159,,5382300000.0,21.77795661879434,0.9254095123005486,45.04505725622371,0.4474082050526518,0.36982428236215054,0.018350349300843657,0.08931014266171586,0.6195306839083663,1.8485342019543973,23.756227758007118,0.6097649819691038,0.030255991680931498,4980831618.055243,,,,,,,,,,
2022-12-31,-3212545.018007219,158700000.0,-437700000.0,300000.0,1200000.0,-346100000.0,-99900000.0,413300000.0,-436500000.0,-399800000.0,3678200000.0,3842700000.0,119400000.0,159000000.0,93900000.0,247144399.0,3484300000.0,238900000.0,428700000.0,-499800000.0,8482300000.0,62100000.0,-189800000.0,0,0.1998799519807923,1.0201302545885138,7401500000.0,-0.047316428429103184,-1.0590370191144447,0.05584003242585962,-3212545.018007219,KOJAMO.HE,13.330367088317871,Kojamo Oyj,Real Estate,Real Estate Management & Development,-1.61767776901956,-139.0658589017002,-8.240434123290896,0.05925562311534502,4804100000.0,19.438433642188265,0.6857737271271831,,,0.3799398261904369,0.028501827719613133,-0.23486743371685842,0.7656376844778419,0.5572661534872871,-7.048309178743962,0.6421347222196203,0.04817082065071997,3294525562.4917,5.514424304314525,-132.7840611190173,-139.0658589017002,5.308560053085598,-132.77690951935236,0.05514424304314525,,,0.05308560053085598,
2023-12-31,424564915.4051647,153000000.0,-16700000.0,300000.0,1300000.0,-436800000.0,-23300000.0,442200000.0,-15400000.0,-89000000.0,3600400000.0,3625900000.0,15000000.0,153300000.0,,247144399.0,3506800000.0,46900000.0,673500000.0,-112300000.0,8158300000.0,95600000.0,-626600000.0,0,0.20747996438112198,-65.93939393939394,7211300000.0,-0.00183532575192202,-0.037765716870194484,0.06132042766214136,424564915.4051647,KOJAMO.HE,11.9399995803833,Kojamo Oyj,Real Estate,Real Estate Management & Development,-0.36011336028699564,-77.73886943471734,-33.156224947798684,0.42650768127831135,4557900000.0,18.44225488597862,0.6474262314561713,,,,,,0.7899251848438974,0.0696362286562732,-0.17468619246861924,0.6190712822911273,0.05184851792693729,2950904020.354083,6.992499395112506,-96.18460132510852,-77.73886943471736,-3.5916824196597363,-96.12116591878444,0.06250891660046864,,,0.007602158668102987,
2024-12-31,-290063498.0988593,158100000.0,163800000.0,100000.0,1200000.0,423200000.0,5100000.0,452400000.0,165000000.0,21200000.0,3827800000.0,3629200000.0,333600000.0,158200000.0,,247144399.0,3412300000.0,383200000.0,586600000.0,26300000.0,8405500000.0,137500000.0,-203400000.0,0,0.19391634980988592,2.674858223062382,7123400000.0,0.01853560124394821,0.3620689655172414,0.06350899851194654,-290063498.0988593,KOJAMO.HE,9.390000343322754,Kojamo Oyj,Real Estate,Real Estate Management & Development,0.08577981166386862,-123.82022471910112,109.46632035190073,-0.8840746380507409,4577700000.0,18.52236999309865,0.5069545823143272,5.9790485627289485,1.570484040196018,,,,0.8361841099241978,0.6532560518240709,1.1912727272727273,0.6397069917008316,0.0681264077009037,2320685991.4602957,2.3066485753052923,-1080.8383233532934,-123.82022471910112,3.3333333333333437,-1109.9352240078936,0.04919531237318053,-0.5031026272450527,-0.7253601945544423,0.016107224514932517,-0.7253601945544423
2025-08-03,,147300000.0,119800000.0,,1200000.0,423200000.0,-4800000.0,453400000.0,121000000.0,-19300000.0,3740500000.0,3620400000.0,270400000.0,147400000.0,,247144399.0,3388200000.0,330600000.0,473700000.0,-24000000.0,8316100000.0,143800000.0,,1,0.2,,7090500000.0,0.013516677244199986,0.2642258491398324,0.06394471475918483,,KOJAMO.HE,10.850000381469727,Kojamo Oyj,Real Estate,Real Estate Management & Development,-0.07809199835437096,-191.03773584905662,-138.93869551440966,0.727284035779132,4575600000.0,18.51387293628289,0.5860470372034501,,,,,,0.8174884168196521,0.6979100696643445,0.8331015299026425,0.5960078423626344,0.05493159644312381,2681516823.4281063,0.2210433244915988,-26.862026862026866,-191.03773584905662,-6.831119544592035,-27.077211759650265,0.03724651911886512,-0.4526870104172459,,-0.0056887032409778104,
2021-12-31,,1488300000.0,1341800000.0,96500000.0,244000000.0,,298100000.0,10514100000.0,1585900000.0,1014200000.0,547100000.0,3199200000.0,490400000.0,1584800000.0,,517962335.0,56700000.0,6922400000.0,5652300000.0,1320800000.0,9720400000.0,21000000.0,1270100000.0,0,0.22569654754694124,,3255900000.0,0.31910082388940514,0.12761910196783366,3.2292453699437944,,KNEBV.HE,54.57219314575195,Konecranes Oyj,Industrials,Industrial Machinery,1.958057432882644,,27.8705783749208,,9173300000.0,17.71036112114214,3.081370999296292,27.9330063764444,1.9536813334841068,,,,0.059640478344761425,1.2247049873502822,63.89523809523809,2.873374953026266,0.05265273003326122,28266340587.844677,,,,,,,,,,
2022-12-31,1324690431.7386231,430300000.0,1051200000.0,101200000.0,259300000.0,-364800000.0,244000000.0,10906700000.0,1310500000.0,774500000.0,532600000.0,2866500000.0,495500000.0,531500000.0,,517089220.0,37100000.0,6309100000.0,5403800000.0,1028400000.0,9090400000.0,22800000.0,905300000.0,0,0.23726176584986386,-0.0053270564915758175,2903600000.0,0.2761366688726488,0.09638112352957356,3.756268081002893,1324690431.7386231,KNEBV.HE,43.28944396972656,Konecranes Oyj,Industrials,Industrial Machinery,1.497807283625058,-23.505446854028566,28.901878394499175,-1.2295821719103257,8557800000.0,16.54994857560558,2.6156845002850746,23.61660971019442,1.833008399636638,,,,0.062235621304540883,1.1675302564861765,46.10526315789474,0.8321581331747739,0.019223119006950604,22384504816.53961,3.734033345697685,-21.657475033537043,-23.634391638730033,-71.08781831619969,-13.464131647509303,0.03734033345697685,-0.21657475033537044,-0.23634391638730035,-0.7108781831619969,-0.23505446854028567
2023-12-31,1303539797.6950502,979700000.0,1231400000.0,148200000.0,269400000.0,-231300000.0,274600000.0,10952300000.0,1500800000.0,925800000.0,554800000.0,2785900000.0,424500000.0,1127900000.0,,517236701.0,130300000.0,5764000000.0,5090000000.0,1206100000.0,8730800000.0,25300000.0,674000000.0,0,0.22767598043279993,0.19471153846153846,2916200000.0,0.32612296745595304,0.11243300493960173,3.755675193745285,1303539797.6950502,KNEBV.HE,42.08103942871094,Konecranes Oyj,Industrials,Industrial Machinery,1.789896189133725,19.501100622353817,23.51032405352924,1.2055895976753082,8176000000.0,15.807076304123283,2.662164629251146,25.230796199429896,1.6678442921932755,,,,0.06785714285714285,1.1324165029469548,48.67193675889328,1.8941037983304283,0.04501086056914565,21765858008.75737,0.41809163174928443,17.142313546423125,19.535183989670756,127.67836393214039,18.102014045210836,0.020625968013709084,-0.04202167959604186,-0.04457459496057237,-0.18866294159107655,-0.04390464426613161
2024-12-31,1098649916.274619,1080900000.0,1289400000.0,168400000.0,292200000.0,13200000.0,293100000.0,11098400000.0,1581600000.0,951300000.0,836400000.0,2893000000.0,576000000.0,1249300000.0,,517528108.0,260400000.0,5963100000.0,5275900000.0,1254100000.0,9284300000.0,35300000.0,687200000.0,0,0.23371341998245754,0.47555957041051894,3153400000.0,0.313328444306025,0.11617890867152023,3.5195027589268726,1098649916.274619,KNEBV.HE,45.43796157836914,Konecranes Oyj,Industrials,Industrial Machinery,1.8381610298932787,2.6965162031499013,24.719249749847656,9.167105957298597,8447900000.0,16.323557830795153,2.783581989255327,25.983069048131718,1.7487526779149403,,,,0.09900685377431077,1.1302526583142212,36.52691218130312,2.0885822108815777,0.04596557896373266,23515422287.030075,1.3339663814906366,4.7100860808835465,2.7543745949449194,10.329692763090748,-3.9232205108817086,0.018191397212287796,-0.013190565907263418,-0.021115849242978935,-0.10112698018184663,-0.02084215132095013
2025-08-03,,1161600000.0,1331800000.0,,305300000.0,13200000.0,304500000.0,11251500000.0,1637100000.0,976000000.0,837900000.0,2275300000.0,359500000.0,1330000000.0,,517831840.0,478400000.0,5315500000.0,5397800000.0,1290900000.0,8562500000.0,40900000.0,,1,0.2358819428305833,,2753700000.0,0.36955820479290746,0.11836644003021819,4.085957075934197,,KNEBV.HE,53.18000030517578,Konecranes Oyj,Industrials,Industrial Machinery,1.8847817469084172,2.5362694702457667,28.215468656997682,11.124791347294646,7724600000.0,14.917197830090942,3.5650127397185276,25.15158840245459,2.1143793964116337,,,,0.10847163607177071,0.9847530475378858,32.562347188264056,2.2431992594352637,0.0421812569868854,27538297409.229736,1.3794781229726771,3.2883511710873226,2.596446967307897,7.466000555092989,17.945948256125565,0.017090458888494364,-0.0018683987289703774,-0.009552288494984129,-0.06007861573492623,-0.009489895526931913
2021-12-31,,168400000.0,211500000.0,40500000.0,120100000.0,,45100000.0,3178900000.0,331600000.0,146900000.0,865100000.0,1360600000.0,320700000.0,168400000.0,69600000.0,79134459.0,421000000.0,1842600000.0,1585800000.0,192500000.0,3845800000.0,19000000.0,256800000.0,0,0.2342857142857143,,1905000000.0,0.08501237345331834,0.06653244833118374,1.6687139107611548,,KCR.HE,30.54785919189453,Kone Oyj,Industrials,Industrial Machinery,1.8563341666365596,,16.45601300720729,,2980700000.0,37.666271276334875,0.8110136245709904,39.66392178985063,0.7701673917608228,0.8795157113540133,0.028791402560457695,0.4737916950306331,0.2902338376891334,1.1619371925841846,11.131578947368421,2.128023646437009,0.06966195676984303,2417388310.758751,,,,,,,,,,
2022-12-31,-394053801.7829051,22000000.0,217200000.0,44700000.0,124400000.0,631500000.0,52200000.0,3355900000.0,341600000.0,140300000.0,1106200000.0,1433000000.0,413900000.0,66700000.0,98900000.0,79166599.0,551800000.0,2369100000.0,1480800000.0,190700000.0,4340600000.0,26500000.0,888300000.0,0,0.27372836916622967,4.8521212121212125,2125300000.0,0.07422302649842137,0.06472183318930838,1.5790241377687855,-394053801.7829051,KCR.HE,26.194271087646484,Kone Oyj,Industrials,Industrial Machinery,1.772212041090713,-4.531626204901739,14.780551356329317,-3.261643985627409,3234400000.0,40.8556138681668,0.6411425164769364,40.36221307082471,0.6489800507638831,1.249264225686896,0.0476922691036844,0.7049180327868853,0.3420108830076676,1.5998784440842788,8.19622641509434,0.2778949743691781,0.010608998182821607,2073711355.293003,5.5679637610494215,2.6950354609929006,-4.4928522804629,-86.93586698337292,-12.69150185628163,0.055679637610494215,0.026950354609929006,-0.044928522804629,-0.8693586698337292,-0.0453162620490174
2023-12-31,548787268.7704027,504900000.0,414400000.0,52400000.0,114600000.0,-175900000.0,92000000.0,3962600000.0,529000000.0,275600000.0,954900000.0,1594800000.0,586600000.0,557300000.0,99000000.0,79202250.0,217900000.0,2558300000.0,1845900000.0,367600000.0,4552400000.0,46800000.0,712400000.0,0,0.250272034820457,-0.02760545905707196,1963100000.0,0.1582635977639461,0.10457780245293494,2.0185421017778005,548787268.7704027,KCR.HE,38.817405700683594,Kone Oyj,Industrials,Industrial Machinery,3.4796991247092097,96.3477870609444,11.155391402964321,0.11578253889638404,3597500000.0,45.42168940907613,0.8546006589734447,59.633973452977756,0.6509277087043626,1.2499644896451805,0.0322011341840696,0.3592162554426705,0.2654343293954135,1.3859363995882767,8.854700854700855,6.374818897190421,0.16422578433875495,3074425870.656967,18.078607825024573,90.79189686924494,96.43620812544546,2195.0,113.2270876441722,0.11648189379977691,0.39976357341721136,0.3697102593943966,0.7315364643333142,0.36912395088883754
2024-12-31,444992375.8499897,422400000.0,539300000.0,69200000.0,120400000.0,15600000.0,116900000.0,4222200000.0,659700000.0,368400000.0,895700000.0,1857700000.0,710000000.0,491600000.0,106900000.0,79209118.0,9400000.0,2719200000.0,1991200000.0,485300000.0,4788300000.0,54000000.0,728000000.0,0,0.2408819287038945,0.48579545454545453,2043400000.0,0.20034862281001747,0.127729619629577,2.066262112165998,444992375.8499897,KCR.HE,59.74600601196289,Kone Oyj,Industrials,Industrial Machinery,4.650979701604555,33.66039806654912,12.845896960451352,0.3816323542892765,3892600000.0,49.143332210819466,1.2157499974901809,71.71265169472497,0.8331306206092737,1.3495921012527876,0.022588825451906526,0.2901737242128122,0.23010327287674048,1.3656086781840096,9.987037037037037,5.33271939727949,0.08925650019537247,4732428440.230278,6.5512542270226515,30.1399613899614,33.671988388969524,-16.33986928104575,26.591727750838935,0.09922680862760225,0.3661760980437072,0.35862397853977,0.35871157157154077,0.3581969847972062
2025-08-03,487290479.9682666,533800000.0,571800000.0,61800000.0,130000000.0,15600000.0,120900000.0,4313700000.0,701800000.0,383300000.0,731200000.0,1843100000.0,560400000.0,595600000.0,,79214269.0,170800000.0,2573900000.0,1714700000.0,504200000.0,4588200000.0,67600000.0,,1,0.2397857992859976,0.45996895098691504,2013900000.0,0.21584511642497967,0.13255441963975242,2.1419633546849397,487290479.9682666,KCR.HE,72.0999984741211,Kone Oyj,Industrials,Industrial Machinery,4.838774690958772,4.037751213780361,14.900466146696106,3.6902883208461685,3857000000.0,48.690722627257976,1.48077487011372,72.80849756380476,0.9902690054953711,,,,0.1895773917552502,1.5010789059310667,8.458579881656805,6.738684920516024,0.0934630383235687,5711348674.028618,2.1671166690351074,6.026330428333027,4.044516829533107,26.373106060606055,7.734764231275437,0.07930271123791122,0.2822817015397032,0.2709523130945317,0.3343173113529374,0.27063206444486454
2022-12-31,,-19900000.0,691000000.0,4200000.0,8600000.0,,138900000.0,-783800000.0,,542600000.0,370600000.0,1691500000.0,724600000.0,-15700000.0,150000000.0,501796752.0,-354000000.0,,,681400000.0,14847800000.0,9600000.0,,0,0.20384502494863516,,1337500000.0,0.4113219347742004,-0.881602449604491,-0.5860186915887851,,MANTA.HE,,Mandatum Life Insurance Company Ltd,Financials,Capital Markets,1.0813142927636965,,,,14477200000.0,28.850724805010298,,26.493881831200564,,0.2989258089099788,,0.27644673792849245,0.02559887271019258,,71.97916666666667,-0.03965749064872385,,,,,,,,,,,,
2023-12-31,,274700000.0,222000000.0,5500000.0,4800000.0,,49900000.0,1287300000.0,,160700000.0,272800000.0,1599000000.0,738400000.0,280200000.0,150000000.0,501796752.0,-465600000.0,,,210400000.0,16342600000.0,11600000.0,,0,0.23716730038022812,,1133400000.0,0.14941667488582083,0.17245397343276625,1.1357861302276338,,MANTA.HE,3.7788801193237305,Mandatum Life Insurance Company Ltd,Financials,Capital Markets,0.32024918327889057,-70.38333947659417,11.799811885961546,-0.16765063967852148,16069800000.0,32.024519760143846,0.11799958742946523,15.190658040615196,0.24876342481149633,0.2989258089099788,0.07910433765320786,0.9334163036714376,0.016975942451057262,,19.137931034482758,0.5474327980504744,0.14486641035557465,1896229770.0740204,-264.23832610359784,-67.87264833574528,-70.38333947659417,-1480.4020100502512,-63.67403188263112,,-0.6787264833574529,-0.7038333947659418,,-0.7038333947659418
2024-12-31,,69800000.0,218900000.0,2300000.0,4600000.0,,38000000.0,1414900000.0,,164900000.0,320100000.0,1601400000.0,890400000.0,72100000.0,165600000.0,502696752.0,-570300000.0,,,202900000.0,18052700000.0,16000000.0,,0,0.18728437654016758,,1031100000.0,0.17253753270813435,0.15471058025302142,1.3722238386189507,,MANTA.HE,4.480000019073486,Mandatum Life Insurance Company Ltd,Financials,Capital Markets,0.32803076475815385,2.4298520919213917,13.657255661298844,5.620611932185324,17732600000.0,35.27494444603056,0.12700232670607692,16.135473577718066,0.2776491187255914,0.32942325435991676,0.07353197610656376,1.0042449969678593,0.018051498370233357,,13.68125,0.13885110600436104,0.030993550315447763,2252081458.5481796,9.912219373883314,-1.3963963963963932,2.613565650280014,-74.59046232253368,15.474081350011094,,-0.43716142204573916,-0.44872228967964245,,-0.44921599906414267
2025-08-03,,-92600000.0,238500000.0,2300000.0,4700000.0,,40500000.0,892600000.0,,177500000.0,600100000.0,1652000000.0,830100000.0,-90300000.0,,502696752.0,-230000000.0,,,218000000.0,18142000000.0,20500000.0,,1,0.18577981651376146,,1422000000.0,0.13656224596446406,0.26719695272238403,0.6277074542897327,,MANTA.HE,5.932000160217285,Mandatum Life Insurance Company Ltd,Financials,Capital Markets,0.35309557758988663,7.640994542146751,16.7999843008716,2.1986646120743876,17541900000.0,34.89559049309314,0.16999282936310828,16.65032342962817,0.35626936529423064,,,,0.03420952120351843,,11.634146341463415,-0.18420648160463945,-0.031053013592280836,2981997213.404709,-36.9142695596862,8.953860210141617,7.640994542146751,-232.6647564469914,-20.850701977132314,,-0.2985391367905581,-0.31096779249435036,,-0.3113792396436036
2021-12-31,,417000000.0,408000000.0,91000000.0,167000000.0,,92000000.0,4236000000.0,575000000.0,342000000.0,953000000.0,2251000000.0,473000000.0,508000000.0,,828047419.0,346000000.0,3094000000.0,2463000000.0,385000000.0,5830000000.0,23000000.0,631000000.0,0,0.23896103896103896,,2731000000.0,0.11369604397799199,0.09631728045325778,1.5510801904064446,,METSO.HE,8.306944847106934,Metso Outotec Oyj,Industrials,Industrial Machinery,0.4130198248948349,,20.11270245737499,,4877000000.0,5.889759315824882,1.4104048063199193,7.398190023859288,1.1228347501641476,,,,0.19540701250768916,1.2561916362159968,17.73913043478261,0.5035943478980882,0.06062329257831481,6878544240.422246,,,,,,,,,,
2022-12-31,-41154929.57746482,13000000.0,470000000.0,114000000.0,156000000.0,434000000.0,108000000.0,4970000000.0,626000000.0,301000000.0,1292000000.0,2349000000.0,601000000.0,127000000.0,,825635935.0,573000000.0,3999000000.0,2934000000.0,426000000.0,6754000000.0,44000000.0,1065000000.0,0,0.2535211267605634,1.9447513812154695,3040000000.0,0.11540956263899185,0.09456740442655935,1.6348684210526316,-41154929.57746482,METSO.HE,8.801222801208496,Metso Outotec Oyj,Industrials,Industrial Machinery,0.36456746519881067,-11.731243096711253,24.14154756351859,-2.057884860495854,5462000000.0,6.615506627627587,1.3303928628010062,7.366509746847739,1.1947615768749504,,,,0.23654339069937752,1.3629856850715747,10.681818181818182,0.015745438696294148,0.0017890058065718028,7266605816.619096,17.327667610953725,15.19607843137254,-11.988304093567248,-96.88249400479616,1.5071049097640898,0.17327667610953723,0.1519607843137254,-0.11988304093567248,-0.9688249400479616,-0.11731243096711252
2023-12-31,160111878.4530387,132000000.0,801000000.0,170000000.0,158000000.0,422000000.0,187000000.0,5390000000.0,959000000.0,543000000.0,1527000000.0,2618000000.0,638000000.0,302000000.0,,826328191.0,771000000.0,4412000000.0,2925000000.0,724000000.0,7156000000.0,77000000.0,1487000000.0,0,0.25828729281767954,1.221498371335505,3507000000.0,0.16940743611435377,0.14860853432282004,1.5369261477045908,160111878.4530387,METSO.HE,8.686548233032227,Metso Outotec Oyj,Industrials,Industrial Machinery,0.6571238957040496,80.2475422061314,13.219041781649661,0.16472830716352638,5629000000.0,6.812063368173288,1.2751713781196956,10.035851553865761,0.8655516860137504,,,,0.2712737608811512,1.5083760683760683,10.402597402597403,0.15974282547501759,0.01838967806194474,7177939687.435766,8.450704225352123,70.42553191489363,80.39867109634551,915.3846153846154,46.788040991257,0.12801897934059459,0.40115498575912256,0.26004733968435256,-0.4373751137836791,0.26135746263334436
2024-12-31,572000000.0,144000000.0,732000000.0,188000000.0,165000000.0,-46000000.0,162000000.0,4863000000.0,897000000.0,329000000.0,1605000000.0,2611000000.0,431000000.0,332000000.0,,827351330.0,1033000000.0,4103000000.0,2662000000.0,648000000.0,7015000000.0,84000000.0,1441000000.0,0,0.25,0.5385964912280702,3785000000.0,0.1450462351387054,0.15052436767427513,1.2848084544253633,572000000.0,METSO.HE,8.799525260925293,Metso Outotec Oyj,Industrials,Industrial Machinery,0.39765452483166974,-39.4856088126854,22.12856817019799,-0.5604210960801704,5410000000.0,6.538939146928065,1.3457114469491938,7.648880417154846,1.1504331066792195,,,,0.2966728280961183,1.5413223140495869,8.714285714285714,0.17404939688680987,0.019779407607326775,7280298927.995138,-9.777365491651203,-8.614232209737827,-39.41068139963168,9.090909090909083,-14.380243001378057,0.04708701211345345,0.21511385455192045,-0.012834587197926184,-0.298422780219746,-0.01255781547335777
2025-08-03,592386934.6733668,327000000.0,687000000.0,143000000.0,175000000.0,-46000000.0,150000000.0,4817000000.0,862000000.0,260000000.0,1720000000.0,2424000000.0,432000000.0,470000000.0,,827760757.0,1165000000.0,4233000000.0,2854000000.0,597000000.0,7231000000.0,90000000.0,,1,0.25125628140703515,0.5065176908752328,3712000000.0,0.13857406645295442,0.14261988789703134,1.2976831896551724,592386934.6733668,METSO.HE,10.779999732971191,Metso Outotec Oyj,Industrials,Industrial Machinery,0.31410041826856017,-21.011732885091316,34.32023361316935,-1.6333842525440136,5511000000.0,6.657720788761673,1.6191726981353713,6.859434371759082,1.571558112335535,,,,0.31210306659408454,1.4831814996496147,7.633333333333334,0.39504167989930455,0.03664579681677069,8923260739.42403,-0.9459181575159348,-6.147540983606559,-20.972644376899694,127.08333333333334,-4.462141798828323,0.03265481342594678,0.13913223986908707,-0.06623667900568708,-0.05897117986091027,-0.06615584655984419
2021-12-31,,1017000000.0,2009000000.0,977000000.0,584000000.0,,188000000.0,15148000000.0,2593000000.0,1771000000.0,1756000000.0,6985000000.0,1581000000.0,1994000000.0,,767969396.0,175000000.0,6524000000.0,3345000000.0,1962000000.0,12417000000.0,47000000.0,3179000000.0,0,0.09582059123343527,,7160000000.0,0.25370061902402635,0.13262476894639558,2.1156424581005586,,NESTE.HE,38.152462005615234,Neste Oyj,Energy,Oil & Gas Refining & Marketing,2.3060814782780743,,16.544281875982655,,10661000000.0,13.882063602440741,2.7483278493917345,26.838336749172868,1.4215658131941078,,,,0.16471250351749367,1.950373692077728,42.744680851063826,1.324271520840656,0.03470998858856739,29299923202.36528,,,,,,,,,,
2022-12-31,422976744.1860466,-546000000.0,2332000000.0,1743000000.0,638000000.0,407000000.0,388000000.0,25707000000.0,2970000000.0,1888000000.0,2616000000.0,8327000000.0,1271000000.0,1197000000.0,,768083170.0,810000000.0,7502000000.0,3916000000.0,2279000000.0,14917000000.0,53000000.0,3586000000.0,0,0.17025010969723564,1.4341563786008231,9672000000.0,0.20005963029218843,0.09071459135643987,2.6578784119106698,422976744.1860466,NESTE.HE,38.6006965637207,Neste Oyj,Energy,Oil & Gas Refining & Marketing,2.4580671387448834,6.590645729494993,15.703678697495079,2.382722322217488,12301000000.0,16.015192729714414,2.410254888291253,29.76145874811048,1.2970028415079424,,,,0.21266563694008617,1.9157303370786516,44.0,-0.7108605178785521,-0.018415743267873107,29648545380.870705,69.7055716926327,16.077650572424098,6.606437041219659,-153.6873156342183,-21.1434205159578,0.697055716926327,0.16077650572424096,0.0660643704121966,,0.06590645729494993
2023-12-31,827170426.0651627,849000000.0,1714000000.0,1430000000.0,866000000.0,151000000.0,160000000.0,22927000000.0,2580000000.0,1433000000.0,4068000000.0,8463000000.0,1575000000.0,2279000000.0,,768199747.0,1526000000.0,7126000000.0,3389000000.0,1596000000.0,15983000000.0,118000000.0,3737000000.0,0,0.10025062656641603,1.5746460746460746,10956000000.0,0.14076035287195718,0.07475901775199546,2.092643300474626,827170426.0651627,NESTE.HE,29.802509307861328,Neste Oyj,Energy,Oil & Gas Refining & Marketing,1.8654002498649613,-24.111094426108494,15.97646902321299,-0.6626189894521339,11915000000.0,15.510288888444531,1.921467067584072,25.514509152237256,1.1680612442919787,,,,0.341418380193034,2.1026851578636765,14.525423728813559,1.1051813064447678,0.03708349840707011,22894280110.264217,-10.814175127397208,-26.500857632933105,-24.09957627118644,-255.49450549450546,-29.640801261915893,0.2302573469353506,-0.07633297314144416,-0.1004738056261143,-0.08632157758485914,-0.10060868089436359
2024-12-31,849283185.840708,-369000000.0,34000000.0,1552000000.0,980000000.0,-1393000000.0,-19000000.0,20635000000.0,1014000000.0,-95000000.0,5147000000.0,7417000000.0,955000000.0,1183000000.0,,768215734.0,3078000000.0,5554000000.0,3210000000.0,-113000000.0,15581000000.0,147000000.0,2344000000.0,0,0.168141592920354,21.49056603773585,11609000000.0,0.0024363154311920028,0.0016476859704385753,1.7775002153501593,849283185.840708,NESTE.HE,11.852160453796387,Neste Oyj,Energy,Oil & Gas Refining & Marketing,-0.12366317922876596,-106.62931074645874,-95.84227518419962,0.898836112821658,10434000000.0,13.58212223234678,0.8726294942015492,,,,,,0.4932911635039295,1.7302180685358255,0.23129251700680273,-0.48033382247804884,-0.040527111014953585,9105016142.498964,-9.996946831247,-98.01633605600934,-106.62944870900208,-143.46289752650176,-98.26917496192398,0.10853580621546821,-0.7432563801307003,,,
2025-08-03,25908713.692945957,404000000.0,-96000000.0,1293000000.0,0.0,-1393000000.0,-55000000.0,20721000000.0,-96000000.0,-189000000.0,5344000000.0,7180000000.0,981000000.0,1697000000.0,,768243610.0,3433000000.0,5646000000.0,2957000000.0,-241000000.0,15509000000.0,145000000.0,,1,0.22821576763485477,2.4390243902439024,11543000000.0,-0.006418720116698773,-0.004632981033733893,1.7951139218574028,25908713.692945957,NESTE.HE,13.75,Neste Oyj,Energy,Oil & Gas Refining & Marketing,-0.24601571368748515,98.94014954312131,-55.890738822751324,-0.5648944243650282,10165000000.0,13.23148005096977,1.0391883558780128,,,,,,0.5257255287752091,1.909367602299628,-0.6620689655172414,0.5258748588875344,0.038245444282729774,10563349637.5,0.4167676278168164,-382.3529411764706,98.94736842105263,-209.48509485094854,-363.4601429076169,0.08146844853360902,,,-0.20610127759904673,
2021-12-31,,2065000000.0,2132000000.0,560000000.0,1095000000.0,,272000000.0,22202000000.0,3227000000.0,1623000000.0,5662000000.0,17462000000.0,6691000000.0,2625000000.0,9000000.0,5634993604.0,-1029000000.0,19597000000.0,12101000000.0,1926000000.0,40049000000.0,206000000.0,7496000000.0,0,0.14122533748701974,,16433000000.0,0.11141651435998746,0.09602738492027746,1.3510618876650642,,NOKIA.HE,5.009177207946777,Nokia Oyj,Information Technology,Communications Equipment,0.2880216223933091,,17.39167068889875,,34387000000.0,6.102402667429895,0.8208532738558952,6.288603829733142,0.796548382371122,0.0015971624162290708,0.00031884725772832764,0.005545286506469501,0.1646552476226481,1.6194529377737377,10.349514563106796,0.3664600432792257,0.07315773191211074,28226681528.08267,,,,,,,,,,
2022-12-31,2334750000.0,873000000.0,2389000000.0,601000000.0,1140000000.0,-4000000.0,-2033000000.0,23761000000.0,3529000000.0,4250000000.0,5519000000.0,21426000000.0,5467000000.0,1474000000.0,353000000.0,5587016037.0,52000000.0,20266000000.0,12774000000.0,2169000000.0,42943000000.0,220000000.0,7492000000.0,0,0.25,0.39280868385345996,21478000000.0,0.08342257193407207,0.10054290644333151,1.1062948132973276,2334750000.0,NOKIA.HE,3.938502073287964,Nokia Oyj,Information Technology,Communications Equipment,0.7606922858023649,164.10943716010271,5.177523351815906,0.03154921155914264,37424000000.0,6.698387789145342,0.5879776145045319,10.707323109283733,0.36783256030380784,0.06318220632664348,0.0160421919681503,0.08305882352941175,0.14747221034630184,1.5865038359167059,10.85909090909091,0.15625514482481517,0.03967374954162949,22004474245.2176,7.02188991982704,12.054409005628507,161.86075169439312,-57.72397094430992,-25.125487533622515,0.0702188991982704,0.12054409005628508,1.6186075169439311,-0.5772397094430992,1.6410943716010271
2023-12-31,1500721579.3056502,665000000.0,1826000000.0,652000000.0,1087000000.0,-259000000.0,820000000.0,21138000000.0,2913000000.0,665000000.0,5188000000.0,20628000000.0,6234000000.0,1317000000.0,621000000.0,5525600853.0,-1046000000.0,18166000000.0,10933000000.0,1469000000.0,39860000000.0,357000000.0,7233000000.0,0,0.5582028590878149,1.47117296222664,19582000000.0,0.041197098320174146,0.08638471000094616,1.0794607292411398,1500721579.3056502,NOKIA.HE,2.867523431777954,Nokia Oyj,Information Technology,Communications Equipment,0.12034890280555703,-84.17902941152938,23.826751760345488,-0.2830485445949097,34672000000.0,6.274792718908682,0.4569909414117948,4.122038261429842,0.6956566751477156,0.11238596788308408,0.03919269381990761,0.9338345864661654,0.1496308260267651,1.6615750480197566,5.11484593837535,0.12034890280555703,0.04196963186833907,15844789920.629751,-11.039097681074029,-23.56634575136041,-84.35294117647058,-23.82588774341352,-50.616365133489595,-0.024255981563577222,-0.07454184562607824,-0.35989449421710196,-0.4325196934649761,-0.35358932268661325
2024-12-31,3160573888.091822,2021000000.0,2418000000.0,472000000.0,1014000000.0,-640000000.0,380000000.0,19220000000.0,3432000000.0,1277000000.0,4750000000.0,20747000000.0,6623000000.0,2493000000.0,723000000.0,5373149348.0,-1873000000.0,17987000000.0,11394000000.0,2091000000.0,39149000000.0,327000000.0,6593000000.0,0,0.18173122907699665,0.4151128557409225,18874000000.0,0.1048306605961546,0.12580645161290321,1.0183320970647451,3160573888.091822,NOKIA.HE,4.162083625793457,Nokia Oyj,Information Technology,Communications Equipment,0.23766322454359592,97.47851372403372,17.512526953996545,0.17965525206483285,34399000000.0,6.402018215407327,0.6501205535118343,5.851008168244359,0.7113446958393707,0.13455795720048538,0.03232946987576045,0.5661707126076742,0.1380854094595773,1.578637879585747,7.394495412844036,0.37612950415239416,0.09037048218383384,22363496920.25359,-9.073706121676606,32.420591456736034,92.03007518796993,203.90977443609023,154.46127244553827,-0.046939592302697286,0.042852849281263206,-0.07681063575577651,-0.0071535533191429135,-0.06205156247179522
2025-08-03,2294663476.8740034,1481000000.0,1613000000.0,555000000.0,1034000000.0,-640000000.0,340000000.0,19246000000.0,2647000000.0,1020000000.0,4100000000.0,19813000000.0,4797000000.0,2036000000.0,,5379095249.0,-697000000.0,14262000000.0,9775000000.0,1254000000.0,36028000000.0,,,1,0.2711323763955343,0.7454831107619796,19116000000.0,0.061501542000104804,0.08380962277875922,1.0068005858966311,2294663476.8740034,NOKIA.HE,3.4700000286102295,Nokia Oyj,Information Technology,Communications Equipment,0.18962296683436178,-20.213584916845996,18.29947124306583,-0.9053055812883076,31928000000.0,5.935570671654414,0.5846110206692292,5.032316734250543,0.6895432485385904,,,,0.12841393134552745,1.4590281329923274,,0.2753251116487155,0.07934441192468406,18665460667.92715,0.1352757544224703,-33.29197684036394,-20.125293657008612,-26.719445818901534,-41.33248645925178,-0.03508935906104582,-0.06736482369975128,-0.10963021635835424,-0.07974380306977069,-0.09922471606082062
2021-12-31,,276900000.0,265800000.0,119600000.0,140500000.0,,52000000.0,1714100000.0,406300000.0,206200000.0,287200000.0,1627600000.0,385900000.0,396500000.0,158700000.0,138224350.0,-98700000.0,1241400000.0,470300000.0,258200000.0,2383500000.0,7600000.0,771100000.0,0,0.2013942680092951,,1528900000.0,0.138837990426535,0.1550667989032145,1.1211328406043561,,TYRES.HE,26.77252769470215,Nokian Tyres plc,Consumer Discretionary,Auto Parts & Equipment,1.491777678824317,,17.946727635582942,,2096300000.0,15.16592409369261,1.7653080372357024,22.562008076378692,1.1866198967782333,1.1481334511611014,0.04288476098535509,0.7696411251212415,0.13700329151361923,2.6395917499468426,34.973684210526315,2.0032649818935666,0.07482539582132847,3700615238.457203,,,,,,,,,,
2022-12-31,180600000.0,-129500000.0,18400000.0,125200000.0,154900000.0,-137100000.0,-4100000.0,1350500000.0,173300000.0,-175500000.0,399900000.0,1433100000.0,259000000.0,-4300000.0,89700000.0,138251324.0,11800000.0,1191200000.0,557200000.0,11200000.0,2209700000.0,7200000.0,634000000.0,0,0.25,6.355555555555555,1574000000.0,0.008767471410419314,0.013624583487597186,0.8580050825921219,180600000.0,TYRES.HE,8.050209045410156,Nokian Tyres plc,Consumer Discretionary,Auto Parts & Equipment,-1.269427264219184,-185.09493621191803,-6.341607173816127,0.034261375830160604,1809800000.0,13.090652209594753,0.6149585915596918,,,0.6488183794898051,0.0805964634992591,-0.5111111111111111,0.22096364239142446,2.137832017229002,2.5555555555555554,-0.936699890121848,-0.11635721319012322,1112952059.0047302,-21.212297998949893,-93.07750188111362,-185.11154219204656,-146.76778620440592,-93.6851063721939,-0.21212297998949892,-0.9307750188111362,,,
2023-12-31,-180704929.5774648,-169800000.0,39300000.0,252200000.0,115100000.0,78200000.0,1700000.0,1173600000.0,154400000.0,-325500000.0,638400000.0,1347600000.0,414900000.0,82400000.0,72100000.0,137867243.0,93200000.0,1167100000.0,454900000.0,14200000.0,2325200000.0,25100000.0,712200000.0,0,0.11971830985915492,11.84840425531915,1571100000.0,0.02201964892275171,0.033486707566462166,0.7469925529883521,-180704929.5774648,TYRES.HE,7.418489933013916,Nokian Tyres plc,Consumer Discretionary,Auto Parts & Equipment,-2.3609669194588885,85.98678207144883,-3.1421405661686124,-0.03654213462201341,1686800000.0,12.234958524556845,0.6063355194972038,,,0.5229668660306785,0.07049505637304442,-0.22150537634408604,0.3784681052881195,2.5656188173224885,1.5657370517928286,-1.2316196095979086,-0.1660202575886677,1022766754.2878833,-13.098852276934469,113.58695652173911,85.47008547008548,31.11969111969113,151.15164785805212,-0.17254959481826826,-0.6154801299359933,,,
2024-12-31,-70157142.85714287,-272700000.0,6000000.0,350100000.0,124200000.0,-151400000.0,-8700000.0,1289800000.0,130200000.0,-22800000.0,789200000.0,1272400000.0,176100000.0,77400000.0,72000000.0,137869508.0,483500000.0,965300000.0,404500000.0,-31500000.0,2423700000.0,37500000.0,560800000.0,0,0.2761904761904762,21.965986394557824,1885500000.0,0.0023032920407622076,0.0046518840130252755,0.6840625828692655,-70157142.85714287,TYRES.HE,7.053097248077393,Nokian Tyres plc,Consumer Discretionary,Auto Parts & Equipment,-0.16537376778047252,-92.99550678082458,-42.649431906516845,0.45861819976995966,1634500000.0,11.855413308648348,0.5949263061906296,,,0.5222329508857028,0.074043066828273,-3.1578947368421058,0.4828387886203732,2.3864029666254636,0.16,-1.977957301479599,-0.280438115612084,972407047.4685841,9.901158827539192,-84.7328244274809,-92.99539170506912,60.60070671378093,-89.53983304255891,-0.09044547410280535,-0.7173826903005298,,,
2025-08-03,2824945.770065069,-164100000.0,-1400000.0,281400000.0,133900000.0,-151400000.0,-10700000.0,1341800000.0,132500000.0,-35400000.0,988700000.0,1137500000.0,124900000.0,117300000.0,62000000.0,137872287.0,863800000.0,986600000.0,564900000.0,-46100000.0,2441200000.0,44700000.0,,1,0.23210412147505424,28.376344086021504,2001300000.0,-0.0005371779493004167,-0.001043374571471158,0.6704641982711238,2824945.770065069,TYRES.HE,7.784999847412109,Nokian Tyres plc,Consumer Discretionary,Auto Parts & Equipment,-0.2567593587535108,55.260028358517665,-30.320218453597697,-0.5486826437526466,1452500000.0,10.535112107047299,0.7389574755644466,,,0.4496915322801601,0.05776384599797348,-1.751412429378531,0.6806884681583477,1.74650380598336,-0.03131991051454139,-1.1902319426963592,-0.15288785690753948,1073335733.2573586,4.031632811288577,-123.33333333333334,55.263157894736835,-39.82398239823982,-123.32218146000511,-0.059382816844547825,,,,
2021-12-31,,130700000.0,243300000.0,85000000.0,45800000.0,,48500000.0,1041000000.0,289100000.0,193800000.0,108500000.0,747900000.0,216700000.0,215700000.0,,140562964.0,-108200000.0,690200000.0,209200000.0,242300000.0,1114000000.0,1000000.0,481000000.0,0,0.2001650846058605,,639700000.0,0.3042048380731502,0.23371757925072045,1.6273253087384711,,ORNBV.HE,32.105690002441406,Orion Oyj B,Health Care,Pharmaceuticals,1.3787415581247988,,23.286227801900573,,1005500000.0,7.153377898320357,4.48818592541853,14.896638421509008,2.155230535506892,,,,0.1079065141720537,3.2992351816443595,243.3,0.9298324130387575,0.028961608143853953,4512870948.008331,,,,,,,,,,
2022-12-31,202990665.45537132,361300000.0,441800000.0,73100000.0,47500000.0,122100000.0,90800000.0,1340700000.0,489300000.0,349500000.0,214000000.0,908100000.0,332600000.0,434400000.0,,140201507.0,-118600000.0,878500000.0,275400000.0,440300000.0,1503600000.0,1500000.0,603100000.0,0,0.20622302975244153,0.6914529914529914,789500000.0,0.44419336979781043,0.32952935033937497,1.6981633945535148,202990665.45537132,ORNBV.HE,46.68606948852539,Orion Oyj B,Health Care,Pharmaceuticals,2.4928405370136284,80.80549776160335,18.728060939050014,0.23176716260448676,1289600000.0,9.19818928907804,5.075571726270145,22.713793834498716,2.055406059802151,,,,0.16594292803970223,3.1899055918663763,294.53333333333336,2.5770051102232445,0.055198587896902025,6545457298.197979,28.789625360230552,81.58651870119193,80.34055727554178,176.4345830145371,46.01785185645144,0.28789625360230553,0.8158651870119193,0.8034055727554179,1.7643458301453712,0.8080549776160335
2023-12-31,198046230.2317028,2200000.0,277100000.0,116800000.0,51600000.0,-42300000.0,55100000.0,1189600000.0,328700000.0,216800000.0,200100000.0,890100000.0,106700000.0,119000000.0,,140351305.0,85300000.0,825500000.0,264700000.0,271900000.0,1438600000.0,5200000.0,560800000.0,0,0.20264803236484003,0.568018018018018,983500000.0,0.22465300481108572,0.23293544048419637,1.2095577020843924,198046230.2317028,ORNBV.HE,37.1812858581543,Orion Oyj B,Health Care,Pharmaceuticals,1.5446952915756644,-38.03473312311515,24.070304390083027,-0.6328506187270863,1238500000.0,8.824285602474449,4.213517958635446,17.51267339635434,2.1231073644012812,,,,0.16156641098102542,3.118624858330185,53.28846153846154,0.015674952220786263,0.0004215817677900067,5218441991.77,-11.270231968374734,-37.27931190583975,-37.968526466380546,-99.39108773872128,-49.42450291112087,0.06899361939598037,0.06720342023261239,0.057676250356220926,-0.8702601036538796,0.05847347258236768
2024-12-31,160169329.4601791,206500000.0,420700000.0,86900000.0,92800000.0,181700000.0,83200000.0,1542400000.0,513500000.0,329900000.0,327300000.0,1005000000.0,205600000.0,293400000.0,,140501423.0,110800000.0,1016200000.0,273700000.0,413100000.0,1629100000.0,7600000.0,742500000.0,0,0.20140401839748245,1.0708148148148149,1126700000.0,0.2981888075443145,0.2727567427385892,1.3689535812549924,160169329.4601791,ORNBV.HE,42.14725112915039,Orion Oyj B,Health Care,Pharmaceuticals,2.348018923623286,52.00531369705881,17.950132643782926,0.3451595878903064,1301800000.0,9.265386586155786,4.548892886145326,22.124518489156564,1.9050019619548852,,,,0.2514211092333692,3.712824260138838,55.35526315789474,1.4697360040260945,0.03487145578064943,5921748759.183987,29.657027572293202,51.82244677011909,52.1678966789668,9286.363636363636,32.73305994507672,0.14002776618653323,0.2002640572183818,0.194014261964099,0.1647020042141858,0.19418856649970495
2025-08-03,107787832.69961977,218000000.0,481400000.0,94900000.0,0.0,181700000.0,95400000.0,1676700000.0,481400000.0,378000000.0,317900000.0,919600000.0,183600000.0,312900000.0,,140693334.0,134300000.0,1007500000.0,540800000.0,473400000.0,1645800000.0,,,1,0.20152091254752852,0.716580310880829,1053900000.0,0.3647289426886989,0.2871115882388024,1.5909479077711357,107787832.69961977,ORNBV.HE,70.30000305175781,Orion Oyj B,Health Care,Pharmaceuticals,2.686694452773434,14.423884140913534,26.165983623179844,1.8140733361106036,1327900000.0,9.43825810539112,7.448408622307389,23.88615923816468,2.9431271202209146,,,,0.23940055727087883,1.8629807692307692,,1.5494692875783298,0.022040813944738318,9890741809.561981,8.707209543568473,14.428333729498455,14.580175810851781,5.56900726392251,22.314766168577837,0.12655178154215685,0.18601721884580114,0.18177420644621112,0.13643663760592495,0.18150034580179675
2021-12-31,,441000000.0,671000000.0,156000000.0,304000000.0,,84000000.0,7243000000.0,975000000.0,553000000.0,709000000.0,3120000000.0,300000000.0,597000000.0,,452571977.0,220000000.0,3037000000.0,2368000000.0,610000000.0,6482000000.0,61000000.0,669000000.0,0,0.1377049180327869,,3529000000.0,0.16395579484273165,0.09264117078558608,2.0524227826579766,,OUT1V.HE,4.581788539886475,Outokumpu Oyj,Materials,Steel,1.2219050849451953,,3.749709037418382,,5773000000.0,12.7559820169776,0.3591874411384662,18.726945400286827,0.24466288772413994,,,,0.12281309544430971,1.2825168918918919,11.0,0.9744306373613584,0.21267472928497533,2073589097.6923652,,,,,,,,,,
2022-12-31,64500000.0,623000000.0,974000000.0,155000000.0,297000000.0,808000000.0,-154000000.0,9494000000.0,1271000000.0,1140000000.0,575000000.0,4119000000.0,526000000.0,778000000.0,,444134611.0,49000000.0,3558000000.0,2081000000.0,933000000.0,6983000000.0,41000000.0,1477000000.0,0,0.25,1.1170212765957446,4168000000.0,0.17526391554702495,0.10259111017484727,2.2778310940499042,64500000.0,OUT1V.HE,4.066740036010742,Outokumpu Oyj,Materials,Steel,2.5667893736838265,110.06454636359516,1.5843684245015413,0.01439490259894975,6408000000.0,14.428058163654352,0.2818632964937199,28.866246612446933,0.1408821898672892,,,,0.08973158551810237,1.7097549255165785,23.75609756097561,1.402727877021951,0.34492686146664864,1806180003.931757,31.07828247963551,45.1564828614009,106.1482820976492,41.26984126984128,6.897054608615805,0.3107828247963551,0.45156482861400904,1.061482820976492,0.4126984126984128,1.1006454636359515
2023-12-31,471406015.03759396,179000000.0,-75000000.0,146000000.0,516000000.0,-164000000.0,-22000000.0,6961000000.0,441000000.0,-106000000.0,442000000.0,3762000000.0,502000000.0,325000000.0,,431190703.0,-60000000.0,2779000000.0,1466000000.0,-133000000.0,5927000000.0,58000000.0,1313000000.0,0,0.16541353383458646,-9.39622641509434,3702000000.0,-0.016908153690547278,-0.01077431403533975,1.8803349540788763,471406015.03759396,OUT1V.HE,4.032232761383057,Outokumpu Oyj,Materials,Steel,-0.24583090326973028,-109.57736952591932,-16.402464896607466,0.1496884344602527,5485000000.0,12.720589664476138,0.31698473637928737,,,,,,0.08058340929808569,1.8956343792633015,-1.293103448275862,0.415129544200771,0.10295277300866468,1738661279.0403914,-26.680008426374556,-107.70020533880904,-109.2982456140351,-71.26805778491172,-109.64725319400426,-0.019660336062435335,,,-0.3629005637971594,
2024-12-31,353764044.94382024,-64000000.0,-25000000.0,211000000.0,213000000.0,-363000000.0,-49000000.0,5942000000.0,188000000.0,-40000000.0,501000000.0,3748000000.0,313000000.0,147000000.0,,423685628.0,188000000.0,2653000000.0,1703000000.0,-89000000.0,5965000000.0,64000000.0,950000000.0,0,0.550561797752809,2.5416666666666665,3936000000.0,-0.002854663378094455,-0.004207337596768765,1.5096544715447155,353764044.94382024,OUT1V.HE,2.790421724319458,Outokumpu Oyj,Materials,Steel,-0.09440962203230552,-61.59570632634519,-29.55653951632831,0.4798473997478399,5464000000.0,12.896354369612935,0.21637291007560988,,,,,,0.09169106881405564,1.557839107457428,-0.390625,-0.15105539525168882,-0.05413353613727651,1182261580.6531324,-14.638701336014936,-66.66666666666667,-62.264150943396224,-135.75418994413408,-83.1166463805543,-0.06386592420383341,,,,
2025-08-03,,-112000000.0,-19000000.0,,212000000.0,-363000000.0,-47000000.0,5987000000.0,193000000.0,-35000000.0,607000000.0,3657000000.0,354000000.0,99000000.0,,424229832.0,253000000.0,2694000000.0,1623000000.0,-83000000.0,5967000000.0,64000000.0,,1,0.5662650602409639,,3910000000.0,-0.0021076633901334235,-0.0031735426757975613,1.5312020460358056,,OUT1V.HE,3.2839999198913574,Outokumpu Oyj,Materials,Steel,-0.08250244881411357,-12.612245406636092,-39.80487812295783,3.1560500798703135,5360000000.0,12.634660732675679,0.2599199131163291,,,,,,0.11324626865671641,1.6598890942698705,-0.296875,-0.26400783620516344,-0.0803921567129324,1393170734.303524,0.757320767418368,-24.0,-12.5,75.0,-26.167708378270117,-0.046495618062285304,,,,
2021-12-31,,15021000.0,29433000.0,1014000.0,4515000.0,,6873000.0,121139000.0,33948000.0,22410000.0,17028000.0,51569000.0,17374000.0,16035000.0,,24782648.0,-346000.0,60581000.0,52140000.0,29284000.0,117216000.0,149000.0,8441000.0,0,0.23470154350498565,,51223000.0,0.43974444038845356,0.2429688209412328,2.3649337211799386,,QTCOM.HE,133.60000610351562,Qt Group Oyj,Information Technology,Software,0.9042617237673715,,147.74484266226145,,100188000.0,4.04266727268208,33.04748995948895,9.069270021550926,14.731064990462025,,,,0.16996047430830039,1.161891062523974,197.53691275167785,0.6061095650472863,0.004536748034110583,3310961924.0612793,,,,,,,,,,
2022-12-31,19065039.60580141,-5086000.0,36869000.0,1190000.0,8382000.0,21720000.0,3345000.0,155318000.0,45251000.0,34301000.0,28158000.0,86728000.0,8815000.0,-3896000.0,,25319398.0,15340000.0,66597000.0,36436000.0,37646000.0,178102000.0,413000.0,30161000.0,0,0.08885406152048027,0.933420832836177,106071000.0,0.31670333649915067,0.23737750936787752,1.4642833573738345,19065039.60580141,QTCOM.HE,44.5,Qt Group Oyj,Information Technology,Software,1.354732051686221,49.816365779818916,32.84782399930032,0.6593781678993389,149944000.0,5.922099727647553,7.514226717974711,13.435561472165707,3.3121057197490495,,,,0.18779010830710133,1.827780217367439,89.27118644067797,-0.2008736542630279,-0.004514014702539953,1126713211.0,28.214695515069476,25.26415927700201,53.06113342257921,-133.8592636974902,-27.980138596093006,0.28214695515069477,0.2526415927700201,0.5306113342257921,,0.49816365779818916
2023-12-31,31657083.11021866,39234000.0,45839000.0,807000.0,11191000.0,14988000.0,9365000.0,180743000.0,57030000.0,35455000.0,20513000.0,122353000.0,33595000.0,40041000.0,,25391211.0,-13082000.0,102154000.0,57005000.0,44820000.0,206510000.0,1019000.0,45149000.0,0,0.20894689870593486,0.739869496079399,109271000.0,0.3318454403292608,0.2536142478546887,1.6540802225659141,31657083.11021866,QTCOM.HE,64.16000366210938,Qt Group Oyj,Information Technology,Software,1.396349311578719,3.071991973667232,45.94839065704109,14.957197496251782,185997000.0,7.325251245401411,8.758744446122206,15.170488275177297,4.2292642463651715,,,,0.11028672505470519,1.792018244013683,44.984298331697744,1.5451803381886748,0.024083233322837287,1629100190.7453918,16.36964163844499,24.329382407985033,3.3643334013585546,-871.4117184427841,4.78116334279628,0.2214867240322742,0.2479589560865023,0.25781803238311474,0.6161507601114531,0.24265326021306088
2024-12-31,8775086.2434088,52408000.0,70639000.0,1255000.0,11456000.0,58968000.0,13045000.0,209063000.0,82095000.0,57314000.0,4316000.0,178434000.0,64861000.0,53663000.0,,25391211.0,-60545000.0,145207000.0,41090000.0,70359000.0,238763000.0,280000.0,104117000.0,0,0.1854062735399878,1.2445567246588187,117889000.0,0.48810394730134965,0.33788379579361244,1.7733885264952625,8775086.2434088,QTCOM.HE,67.19999694824219,Qt Group Oyj,Information Technology,Software,2.257237750495634,61.6527993230856,29.77089893764479,0.48287992215297865,234447000.0,9.233391822075756,7.277931906623559,21.655117482546913,3.103192444114075,,,,0.01840927800313077,3.5338768556826476,252.28214285714284,2.0640212867357923,0.030714603876031615,1706289301.7121735,15.668656600808873,54.10240188485786,61.6527993230856,33.57801906509661,47.08773663336987,0.19949303710227118,0.3388646365909844,0.36753868631097686,0.5166996274924667,0.3565247405937071
2025-08-03,7122799.729041666,51711000.0,68137000.0,981000.0,11619000.0,58968000.0,12504000.0,211221000.0,79756000.0,54665000.0,7600000.0,183134000.0,80570000.0,52692000.0,,25391211.0,-72970000.0,148206000.0,38632000.0,67169000.0,242719000.0,,,1,0.18615730470901756,1.2864307155824781,110164000.0,0.5033658883940458,0.3225862958702023,1.9173323408736067,7122799.729041666,QTCOM.HE,58.150001525878906,Qt Group Oyj,Information Technology,Software,2.152910312154863,-4.621907387374813,27.00995076180213,-5.843897010048799,235119000.0,9.25985767279867,6.279794310089415,21.179045520023518,2.745638441113957,,,,0.03232405717955589,3.8363532822530546,,2.036570843352056,0.035022713498050494,1476498958.3939133,1.0322247360843306,-3.541952745650423,-4.621907387374813,-1.3299496260112953,3.126780919735861,0.14911442789555052,0.23349422182522628,0.2497319530615154,0.362137729650468,0.24217546643265475
2021-12-31,,1185000000.0,3317000000.0,,187000000.0,,423000000.0,10114000000.0,,2567000000.0,2016000000.0,13456000000.0,4690000000.0,1185000000.0,944000000.0,2734059470.0,-2674000000.0,,,3171000000.0,58684000000.0,146000000.0,,0,0.13339640491958374,,10782000000.0,0.2666039811613561,0.3279612418429899,0.9380448896308663,,SAMPO.HE,6.728633403778076,Sampo Oyj,Financials,Insurance,0.9388969143381508,,7.166530532823445,,56668000000.0,20.72668887484002,0.3246361946382047,20.92498614463744,0.32155975431804334,0.3452741282178474,0.05131415363244171,0.36774444877288665,0.03557563351450554,,22.71917808219178,0.4334214427310903,0.06441448310852059,18396483877.757782,,,,,,,,,,
2022-12-31,,33000000.0,2022000000.0,,170000000.0,,366000000.0,7698000000.0,,2107000000.0,3582000000.0,10178000000.0,3073000000.0,33000000.0,2186000000.0,2572192560.0,312000000.0,,,1924000000.0,39212000000.0,98000000.0,,0,0.19022869022869024,,10687000000.0,0.15321021693249634,0.2626656274356976,0.7203144006737158,,SAMPO.HE,7.846781253814697,Sampo Oyj,Financials,Insurance,0.8191455152953245,-12.754477857373903,9.579227508784829,-0.7510481899693504,35630000000.0,13.851995590874425,0.5664729823466078,15.978203950647782,0.4910928210737088,0.8498586124516276,0.1083066527486631,1.0374940673943995,0.10053325849003648,,20.632653061224488,0.01282952159693674,0.0016350043644583175,20183432361.009636,-23.887680442950366,-39.041302381670185,-17.91975068172964,-97.21518987341771,-42.53265976558344,-0.23887680442950365,-0.39041302381670184,-0.1791975068172964,-0.9721518987341772,-0.12754477857373903
2023-12-31,,970000000.0,1553000000.0,,158000000.0,,339000000.0,8511000000.0,,1323000000.0,2958000000.0,7687000000.0,1415000000.0,970000000.0,1321000000.0,2508983760.0,1383000000.0,,,1481000000.0,24225000000.0,72000000.0,,0,0.2288993923024983,,9230000000.0,0.12974206324531096,0.182469745035836,0.9221018418201516,,SAMPO.HE,7.30965518951416,Sampo Oyj,Financials,Insurance,0.5273051269172025,-35.627416976445936,13.862287348216741,-0.3890904400221156,21267000000.0,8.476340237451357,0.8623598138755232,10.02827988519518,0.7289041862807853,0.526507991426776,0.07202911461296584,0.99848828420257,0.13908872901678657,,21.569444444444443,0.38661071285690585,0.0528904172404064,18339806161.69075,10.561184723304763,-23.194856577645893,-37.2093023255814,2839.3939393939395,-15.317616642710806,-0.08266319041116821,-0.31575285799531927,-0.2820949839996647,-0.09525395781806156,-0.2505855874377967
2024-12-31,,1185000000.0,1632000000.0,142000000.0,180000000.0,,330000000.0,9546000000.0,,1154000000.0,3083000000.0,7059000000.0,962000000.0,1327000000.0,903000000.0,2691238860.0,1987000000.0,,,1559000000.0,24478000000.0,73000000.0,,0,0.2116741500962155,,9180000000.0,0.1401468177606728,0.17096165933375235,1.0398692810457517,,SAMPO.HE,7.578858375549316,Sampo Oyj,Financials,Insurance,0.42879880234785256,-18.681086062115504,17.674625801312647,-0.9461241034136705,21395000000.0,7.94987034335555,0.9533310668247158,8.757861316906107,0.8653777562016365,0.33553320495676847,0.044272262170679366,0.7824956672443674,0.14409908857209627,,22.356164383561644,0.44031766098977926,0.058098151353549336,20396518174.714794,12.16073316884032,5.086928525434642,-12.7739984882842,22.164948453608257,8.019569178338859,-0.01908172234023653,-0.21054951787754894,-0.23394494970730528,0.0,-0.22990337990059895
2025-08-03,,1915000000.0,1546000000.0,,183000000.0,,326000000.0,9602000000.0,,1096000000.0,2979000000.0,7480000000.0,1819000000.0,2061000000.0,,2691238860.0,1160000000.0,,,1471000000.0,25994000000.0,75000000.0,,1,0.22161794697484705,,8640000000.0,0.1392799368028804,0.16100812330764425,1.1113425925925926,,SAMPO.HE,9.368000030517578,Sampo Oyj,Financials,Insurance,0.40724738940489286,-5.025996533795507,23.003216900191692,-4.576846948762267,23015000000.0,8.551823601417528,1.095438875629376,8.852170712169407,1.0582715059526633,,,,0.1294373234846839,,20.613333333333333,0.7115682032028923,0.07595732289548023,25211525722.610092,0.5866331447726747,-5.269607843137258,-5.025996533795496,61.60337552742617,-0.6185520097022668,-0.012903327092890104,-0.1737413777335901,-0.19165608879767926,0.1274897619142923,-0.1884596847992348
2021-12-31,,832000000.0,1548000000.0,644000000.0,549000000.0,,151000000.0,10164000000.0,2245000000.0,1266000000.0,3868000000.0,10666000000.0,1481000000.0,1476000000.0,237000000.0,788619987.0,2387000000.0,4509000000.0,3165000000.0,1419000000.0,19026000000.0,129000000.0,1344000000.0,0,0.10641296687808316,,13053000000.0,0.10597354840057667,0.15230224321133412,0.7786715697540795,,STERV.HE,14.644087791442871,Stora Enso Oyj R,Materials,Paper Products,1.6053359296864993,,9.122132957120487,,15158000000.0,19.22091786902682,0.7618828555030042,26.34882684818805,0.5557776016297253,0.3005249726190366,0.020521931915393556,0.1872037914691943,0.25517878348067025,1.4246445497630331,12.0,1.0550074988145082,0.07204323777893434,11548620323.714535,,,,,,,,,,
2022-12-31,947817007.5349836,878000000.0,1986000000.0,704000000.0,534000000.0,524000000.0,322000000.0,11680000000.0,2520000000.0,1550000000.0,3923000000.0,12502000000.0,1917000000.0,1582000000.0,434000000.0,788619987.0,2006000000.0,5801000000.0,3933000000.0,1858000000.0,20922000000.0,128000000.0,1868000000.0,0,0.17330462863293863,1.0588942307692308,14508000000.0,0.11316632254859277,0.17003424657534247,0.8050730631375793,947817007.5349836,STERV.HE,12.338926315307617,Stora Enso Oyj R,Materials,Paper Products,1.9654586816856825,22.432859399684048,6.2778863937882905,0.27985225966675964,16999000000.0,21.55537556772575,0.572429196445194,30.874576937151634,0.39964681428428206,0.5503284308719911,0.04460099823995676,0.28,0.23077828107535736,1.4749555047037886,15.515625,1.1133372403355026,0.09022966925041942,9730723910.371851,14.91538764266036,28.294573643410857,22.432859399684048,5.528846153846145,6.787329721967628,0.1491538764266036,0.2829457364341086,0.22432859399684046,0.05528846153846145,0.22432859399684046
2023-12-31,-854307070.7070707,-237000000.0,-307000000.0,989000000.0,533000000.0,131000000.0,-64000000.0,9396000000.0,226000000.0,-357000000.0,5772000000.0,10888000000.0,2464000000.0,752000000.0,472000000.0,788619987.0,3308000000.0,5344000000.0,3345000000.0,-495000000.0,20754000000.0,188000000.0,1999000000.0,0,0.1292929292929293,-6.802469135802469,14196000000.0,-0.018829745752822678,-0.032673478075776925,0.661876584953508,-854307070.7070707,STERV.HE,12.356199264526367,Stora Enso Oyj R,Materials,Paper Products,-0.452689515717283,-123.03225806451611,-27.295086003810063,0.22185308498115155,14982000000.0,18.99774320581606,0.6504035311280332,,,0.5985138695197691,0.04843834715728916,-1.3221288515406162,0.38526231477773326,1.597608370702541,-1.6329787234042554,-0.3005249726190366,-0.02432179719550324,9744345703.360193,-19.554794520547947,-115.45820745216515,-123.03225806451611,-126.99316628701594,-116.63900118759918,-0.0385223886296312,,,,
2024-12-31,979500000.0,-161000000.0,102000000.0,1113000000.0,501000000.0,-1515000000.0,65000000.0,9049000000.0,603000000.0,-136000000.0,5730000000.0,9988000000.0,1999000000.0,952000000.0,146000000.0,788619987.0,3731000000.0,4716000000.0,4232000000.0,-118000000.0,19802000000.0,220000000.0,484000000.0,0,0.25,2.675675675675676,13719000000.0,0.0055762081784386614,0.011271963752900873,0.6595961804796268,979500000.0,STERV.HE,9.587030410766602,Stora Enso Oyj R,Materials,Paper Products,-0.17245314884467924,-61.904761904761905,-55.59208674931883,0.8980260167197657,14072000000.0,17.843828753987694,0.5372742892202502,,,0.18513352743619976,0.0193108313527709,-1.0735294117647058,0.4071915861284821,1.114366729678639,0.4636363636363636,-0.20415409532348056,-0.021294820875315854,7560523797.907362,-3.6930608769689233,-133.22475570032572,-61.904761904761905,-32.0675105485232,-129.61382618563906,-0.0379920878829042,-0.596097626626421,,,
2025-08-03,1155250000.0,-205000000.0,99000000.0,923000000.0,489000000.0,-1515000000.0,69000000.0,9372000000.0,588000000.0,-116000000.0,5682000000.0,9952000000.0,1570000000.0,718000000.0,,788619987.0,3632000000.0,5350000000.0,4542000000.0,-103000000.0,19676000000.0,,,1,0.25,-3.433333333333333,14064000000.0,0.005279436860068259,0.01056338028169014,0.6663822525597269,1155250000.0,STERV.HE,9.001999855041504,Stora Enso Oyj R,Materials,Paper Products,-0.14709239166163818,-14.70588235294118,-61.19962938497269,4.161574798178142,13994000000.0,17.74492180097383,0.5073000577859678,,,,,,0.4060311562098042,1.1778952003522678,,-0.2599477611261709,-0.02887666799734384,7099157008.656833,3.569455188418602,-2.941176470588236,-14.70588235294118,27.329192546583858,-5.3220989761092135,-0.020077102274660863,-0.4971180362854156,,,
2021-12-31,,286700000.0,379100000.0,80800000.0,175500000.0,,62200000.0,2823400000.0,554600000.0,291600000.0,969600000.0,1821100000.0,323700000.0,367500000.0,156300000.0,118418184.0,439400000.0,884800000.0,805900000.0,353800000.0,3587200000.0,25300000.0,78900000.0,0,0.1758055398530243,,2467000000.0,0.12665266308946838,0.1342707374087979,1.144466963923794,,TIETO.HE,21.749080657958984,Tietoevry Oyj,Information Technology,IT Consulting & Services,2.4624596506225767,,8.832258694050164,,2617600000.0,22.10471324235136,0.9839114590407352,34.99598834262489,0.6214735370530668,1.3198986398913195,0.060687560115710366,0.536008230452675,0.3704156479217604,1.09790296562849,14.984189723320158,2.4210808704852287,0.11131876829925887,2575486635.185028,,,,,,,,,,
2022-12-31,322710378.9126853,181500000.0,265600000.0,95400000.0,162300000.0,-49500000.0,54200000.0,2928100000.0,427900000.0,188600000.0,960000000.0,1719200000.0,249700000.0,276900000.0,165800000.0,118413303.0,500300000.0,845800000.0,816400000.0,242800000.0,3393800000.0,22800000.0,29400000.0,0,0.22322899505766064,0.9848628192999054,2429500000.0,0.08491886351623186,0.09070728458727502,1.2052274130479523,322710378.9126853,TIETO.HE,22.24978256225586,Tietoevry Oyj,Information Technology,IT Consulting & Services,1.5927264523649003,-35.319693382093966,13.969619534615692,-0.3955192754220758,2433800000.0,20.553433933010044,1.0825335870772124,27.139638041449405,0.8198260613599399,1.4001805185689313,0.06293007649181134,0.8791092258748674,0.39444490097789464,1.0360117589416953,11.649122807017545,1.5327669729810678,0.06888907649736886,2634670244.2285194,3.7082949635191653,-29.939329992086517,-35.32235939643347,-36.69340774328567,-32.95137943033654,0.03708294963519165,-0.29939329992086516,-0.35322359396433467,-0.36693407743285666,-0.35319693382093964
2023-12-31,536321739.13043475,182000000.0,278400000.0,84100000.0,152500000.0,-250800000.0,48600000.0,2851400000.0,430900000.0,172200000.0,1163100000.0,1612300000.0,180800000.0,266100000.0,171700000.0,118391092.0,770600000.0,896400000.0,1117800000.0,220800000.0,3518400000.0,57600000.0,-221400000.0,0,0.22010869565217392,-0.06179286335944299,2594600000.0,0.08368216261868296,0.09763624886020902,1.098974793802513,536321739.13043475,TIETO.HE,19.254966735839844,Tietoevry Oyj,Information Technology,IT Consulting & Services,1.454501323461059,-8.678522837277091,13.238191279208795,-1.5253968362388168,2355300000.0,19.894233258698215,0.9678667423596801,25.515960565701626,0.7546244118954406,1.450278032742531,0.07531968518247738,0.997096399535424,0.4938224430008916,0.8019323671497585,4.833333333333333,1.5372778215442087,0.07983798895288807,2279616538.2797546,-2.6194460571701828,4.819277108433728,-8.695652173913048,0.2754820936639035,-1.4563323699127384,0.00494632752271329,-0.14304557974405574,-0.2315372621760582,-0.2032504120961819,-0.23144934170316256
2024-12-31,271100000.0,240100000.0,28800000.0,85600000.0,363800000.0,28700000.0,41000000.0,2802600000.0,392600000.0,-62800000.0,1097700000.0,1298100000.0,180500000.0,325700000.0,174200000.0,118594911.0,724100000.0,776000000.0,968700000.0,-21800000.0,3054300000.0,50600000.0,-192700000.0,0,0.25,-39.18852459016394,2215300000.0,0.009750372410057329,0.010276172125883108,1.2651108202049384,271100000.0,TIETO.HE,16.31553077697754,Tietoevry Oyj,Information Technology,IT Consulting & Services,-0.5295336829419266,-136.40654528122906,-30.81112930594605,0.2258772058365881,1956600000.0,16.498178408346714,0.9889292243756577,,,1.4688657256127964,0.0900286816096402,-2.7738853503184715,0.5610242256976388,0.8010736037989058,0.5691699604743083,2.024538810101219,0.12408660421627216,1934938920.413412,-1.7114399943887193,-89.65517241379311,-136.4692218350755,31.92307692307692,-88.34832644743284,-0.0024617232154524604,-0.5764744961623616,,-0.05741290604884497,
2025-08-03,364875000.0,255800000.0,-87900000.0,78700000.0,538200000.0,28700000.0,16800000.0,2765100000.0,450300000.0,-244200000.0,942200000.0,1000500000.0,143000000.0,334500000.0,176200000.0,118401578.0,712400000.0,1101700000.0,548900000.0,-133000000.0,2864200000.0,45100000.0,,1,0.25,-6.166189111747851,1799700000.0,-0.03663110518419736,-0.031789085385700334,1.5364227371228538,364875000.0,TIETO.HE,14.84000015258789,Tietoevry Oyj,Information Technology,IT Consulting & Services,-2.0624725119795277,289.4884458569403,-7.1952474839748035,-0.024855042012732205,1922000000.0,16.232891760952715,0.9141932547277039,,,1.4881558419770384,0.10028004222880851,-0.7215397215397216,0.4902185223725286,2.007105119329568,-1.9490022172949002,2.1604441792152467,0.14558249036395698,1757079435.586647,-1.3380432455576963,-405.20833333333337,288.8535031847134,6.538942107455226,-475.6892931229279,-0.005202676896461589,,,-0.028107542365144678,
2021-12-31,,-271000000.0,1595000000.0,1521000000.0,515000000.0,,240000000.0,9814000000.0,2110000000.0,1286000000.0,2621000000.0,11107000000.0,1460000000.0,1250000000.0,,533324046.0,587000000.0,5258000000.0,2468000000.0,1548000000.0,17676000000.0,47000000.0,2790000000.0,0,0.15503875968992248,,12268000000.0,0.10985598127604936,0.16252292643162827,0.7999673948483861,,UPM.HE,28.21510124206543,UPM-Kymmene Oyj,Materials,Paper Products,2.4112919896358846,,11.701237910356111,,15055000000.0,28.22861656607173,0.9995212190447,39.13460530778496,0.7209757456389285,,,,0.17409498505479906,2.1304700162074552,33.93617021276596,-0.5081338485158046,-0.01800928673465953,15047791952.71796,,,,,,,,,,
2022-12-31,-331574074.0740738,-969000000.0,2007000000.0,1477000000.0,458000000.0,919000000.0,388000000.0,11720000000.0,2529000000.0,1526000000.0,4874000000.0,12878000000.0,2067000000.0,508000000.0,693000000.0,533324046.0,2140000000.0,7232000000.0,3523000000.0,1944000000.0,22207000000.0,63000000.0,3709000000.0,0,0.19958847736625515,1.762816553428042,15685000000.0,0.10241797423818463,0.17124573378839592,0.7472107108702583,-331574074.0740738,UPM.HE,30.717578887939453,UPM-Kymmene Oyj,Materials,Paper Products,2.8612998259598443,18.662519440124402,10.735533064115367,0.5752456466855156,17333000000.0,32.499940945846646,0.945157990875212,45.74190306350693,0.6715413402300277,1.299397627385434,0.04230143372059874,0.4541284403669725,0.2811977153406796,2.0527959125745103,31.857142857142858,-1.8169066391579876,-0.059148757972958405,16382423455.84005,19.421234970450385,25.830721003134794,18.662519440124427,257.56457564575646,-6.770689180022227,0.19421234970450385,0.25830721003134793,0.18662519440124425,,0.18662519440124403
2023-12-31,1637687500.0,1189000000.0,551000000.0,1080000000.0,660000000.0,-1591000000.0,71000000.0,10460000000.0,1211000000.0,388000000.0,3256000000.0,11531000000.0,632000000.0,2269000000.0,799000000.0,533324046.0,1918000000.0,4559000000.0,2441000000.0,464000000.0,18473000000.0,87000000.0,2118000000.0,0,0.15301724137931033,0.3104166666666667,14155000000.0,0.032969798657718125,0.052676864244741876,0.7389614977039916,1637687500.0,UPM.HE,31.514631271362305,UPM-Kymmene Oyj,Materials,Paper Products,0.727512668723735,-74.5740498034076,43.31832643773471,-0.5808766796483582,15217000000.0,28.5323718555904,1.1045219595085147,21.611279343383806,1.4582492211878406,1.498151088428516,0.0475382712089639,2.0592783505154637,0.2139712164027075,1.8676771814829987,6.333333333333333,2.229413822454951,0.07074218331346444,16807510657.841068,-10.750853242320824,-72.54608868958645,-74.5740498034076,-222.70381836945305,-67.80858154737261,0.032387685216218376,-0.4122461863547413,-0.45071798595923596,,-0.45071798595923596
2024-12-31,585786000.0,756000000.0,611000000.0,596000000.0,1139000000.0,523000000.0,37000000.0,10339000000.0,1750000000.0,436000000.0,3814000000.0,11540000000.0,892000000.0,1352000000.0,801000000.0,533324046.0,2090000000.0,5035000000.0,2394000000.0,500000000.0,19096000000.0,111000000.0,2641000000.0,0,0.074,3.9337979094076654,14462000000.0,0.03912225141750795,0.05909662443176323,0.7149080348499516,585786000.0,UPM.HE,25.787906646728516,UPM-Kymmene Oyj,Materials,Paper Products,0.8175142359885269,12.371134020618557,31.544290620879693,2.5498301585211083,15282000000.0,28.65424897792814,0.8999679826399387,22.957967470419913,1.1232661027137887,1.5019011537312157,0.05824052236212623,1.8371559633027523,0.24957466300222483,2.1031746031746033,5.504504504504505,1.4175246844204734,0.05496858290357982,13753310710.703545,-1.1567877629063084,10.88929219600725,12.371134020618557,-36.417157275021026,18.660874528421047,0.017522826149976467,-0.273737688408644,-0.3027072117142787,,-0.3027072117142787
2025-08-03,548753768.8442211,790000000.0,513000000.0,491000000.0,1091000000.0,523000000.0,32000000.0,10199000000.0,1604000000.0,345000000.0,4066000000.0,10329000000.0,627000000.0,1281000000.0,797000000.0,527324046.0,3439000000.0,4572000000.0,2768000000.0,398000000.0,18186000000.0,115000000.0,,1,0.08040201005025126,4.376299376299376,13768000000.0,0.03426450964876679,0.05029904892636533,0.7407757117954678,548753768.8442211,UPM.HE,22.5,UPM-Kymmene Oyj,Materials,Paper Products,0.6542466679018085,-19.9712201817865,34.39069865217391,-1.7220128935105223,14120000000.0,26.776704205140685,0.840282651203966,19.85365996059988,1.1332923020063732,1.5114046212108445,0.06717353872048198,2.3101449275362316,0.2879603399433428,1.6517341040462428,4.460869565217391,1.4981300511374747,0.06658355782833221,11864791035.0,-1.354096140826,-16.0392798690671,-20.871559633027527,4.497354497354489,-12.416825700801127,0.009666354955532253,-0.24692337182261515,-0.2803115521525277,,-0.2782730393307873
2021-12-31,,385000000.0,405000000.0,97000000.0,120000000.0,,99000000.0,3935000000.0,525000000.0,296000000.0,476000000.0,1332000000.0,517000000.0,482000000.0,,149471196.0,-41000000.0,2363000000.0,2569000000.0,395000000.0,4420000000.0,10000000.0,-206000000.0,0,0.25063291139240507,,1291000000.0,0.23508417574444304,0.10292249047013977,3.048024786986832,,VALMT.HE,31.964672088623047,Valmet Oyj,Industrials,Industrial Machinery,1.9803146554069186,,16.141208671737516,,3944000000.0,26.38635473285435,1.2114091700898337,34.2884661665601,0.9322281123148245,,,,0.1206896551724138,0.9198131568703776,40.5,2.5757471024718366,0.08058105821735001,4777797766.834305,,,,,,,,,,
2022-12-31,86292343.38747096,-76000000.0,448000000.0,112000000.0,203000000.0,355000000.0,94000000.0,5074000000.0,651000000.0,337000000.0,808000000.0,2499000000.0,277000000.0,36000000.0,,184184830.0,433000000.0,2887000000.0,2738000000.0,431000000.0,6271000000.0,17000000.0,149000000.0,0,0.21809744779582366,1.8926553672316384,3030000000.0,0.11560803412127757,0.08829325975561687,1.6745874587458747,86292343.38747096,VALMT.HE,22.143754959106445,Valmet Oyj,Industrials,Industrial Machinery,1.8296838018635955,-7.606410078926129,12.102503687550971,-1.5910927181117218,5463000000.0,29.66042317383033,0.7465758269640632,34.94362468813849,0.6336994274844955,,,,0.14790408200622368,1.0544192841490139,26.352941176470587,-0.4126289879573687,-0.01863410197228895,4078543742.7046776,28.9453621346887,10.617283950617274,13.85135135135136,-119.74025974025975,-50.82270690692785,0.289453621346887,0.10617283950617273,0.1385135135135136,,-0.07606410078926129
2023-12-31,-17327695.56025374,227000000.0,520000000.0,125000000.0,196000000.0,483000000.0,114000000.0,5532000000.0,716000000.0,357000000.0,1484000000.0,2571000000.0,432000000.0,352000000.0,240000000.0,184161105.0,911000000.0,3296000000.0,2664000000.0,473000000.0,7064000000.0,47000000.0,632000000.0,0,0.24101479915433405,1.980295566502463,3623000000.0,0.10893522065684412,0.09399855386840203,1.5269113993927683,-17327695.56025374,VALMT.HE,24.23179817199707,Valmet Oyj,Industrials,Industrial Machinery,1.938520080013638,5.9483653972991934,12.500153298296809,2.1014434156940665,5580000000.0,30.299557553154344,0.7997409905899571,36.35335976876372,0.6665628246228293,1.3032067764797566,0.05378085304398821,0.6722689075630252,0.26594982078853047,1.2372372372372373,11.063829787234043,1.2326164094204366,0.050867723504105525,4462554727.491961,9.026409144659041,16.07142857142858,5.934718100890213,-398.6842105263158,-5.771928841410268,0.18568333923534563,0.13311544746506332,0.09821722854865156,-0.23213908185766507,-0.010608781859968497
2024-12-31,503989556.1357702,447000000.0,476000000.0,107000000.0,219000000.0,-44000000.0,103000000.0,5359000000.0,695000000.0,280000000.0,1544000000.0,2614000000.0,482000000.0,554000000.0,249000000.0,184165347.0,905000000.0,2944000000.0,2356000000.0,383000000.0,6832000000.0,93000000.0,588000000.0,0,0.2689295039164491,0.7560321715817694,3676000000.0,0.0946652764243118,0.0888225415189401,1.4578346028291622,503989556.1357702,VALMT.HE,22.749948501586914,Valmet Oyj,Industrials,Industrial Machinery,1.5203728853506844,-21.57043401170298,14.963400571524586,-0.6936995594713687,5288000000.0,28.71332792048007,0.7923131921382156,31.340655982538312,0.7258925439934066,1.3520458873297156,0.05943072298539068,0.8892857142857142,0.291981845688351,1.2495755517826825,5.118279569892473,2.4271667133991284,0.10668888825088207,4189752160.026884,-3.127259580621833,-8.461538461538465,-21.568627450980394,96.91629955947137,-13.099477052957875,0.10844208549938195,0.055319532742591715,-0.018352782071564544,0.051031174748360275,-0.08433073289911419
2025-08-03,475302052.7859237,478000000.0,431000000.0,106000000.0,215000000.0,-44000000.0,86000000.0,5249000000.0,646000000.0,255000000.0,1495000000.0,2378000000.0,485000000.0,584000000.0,249000000.0,184211753.0,827000000.0,2877000000.0,2612000000.0,341000000.0,6744000000.0,,,1,0.25219941348973607,0.8028985507246377,3388000000.0,0.09513047602890312,0.0821108782625262,1.5492916174734357,475302052.7859237,VALMT.HE,31.420000076293945,Valmet Oyj,Industrials,Industrial Machinery,1.3842764961907723,-8.951513833957947,22.697777620840164,-2.535635652456368,5249000000.0,28.49438168041319,1.1026735174917588,29.79080921623161,1.0546877007682847,1.3517052845156954,0.04302053727668647,0.9764705882352942,0.2848161554581825,1.1014548238897397,,2.5948398634478007,0.08258560971187201,5787933293.314241,-2.052621757790629,-9.453781512605042,-8.92857142857143,6.9351230425055865,0.49141524977562856,0.07468938441862916,0.01567686849422567,-0.03658785386312857,0.055581552394138534,-0.08562959527031166
2021-12-31,,589000000.0,322000000.0,142000000.0,149000000.0,,103000000.0,4778000000.0,471000000.0,194000000.0,972000000.0,2323000000.0,964000000.0,731000000.0,121000000.0,590023390.0,8000000.0,3985000000.0,3046000000.0,296000000.0,6523000000.0,26000000.0,939000000.0,0,0.34797297297297297,,2331000000.0,0.09006979952925898,0.06739221431561322,2.04976404976405,,WRT1V.HE,11.305368423461914,Wärtsilä Oyj Abp,Industrials,Industrial Machinery,0.3288005243317557,,34.383669084587396,,5551000000.0,9.408101600853485,1.201663088166088,8.342736159969268,1.355115181240918,0.20507661569145588,0.0181397552038961,0.6237113402061856,0.1751035849396505,1.3082731451083387,12.384615384615385,0.9982655094402274,0.08830013070326283,6670431802.409954,,,,,,,,,,
2022-12-31,291750000.0,-218000000.0,1000000.0,156000000.0,142000000.0,-305000000.0,26000000.0,5842000000.0,143000000.0,-64000000.0,949000000.0,2148000000.0,461000000.0,-62000000.0,145000000.0,590023390.0,222000000.0,4049000000.0,3415000000.0,-32000000.0,6608000000.0,33000000.0,634000000.0,0,0.25,0.28,2636000000.0,0.0002845220030349014,0.00017117425539198904,2.216236722306525,291750000.0,WRT1V.HE,7.418742656707764,Wärtsilä Oyj Abp,Industrials,Industrial Machinery,-0.10847027606820808,-132.9896907216495,-68.39424518513002,0.5142823087564039,5659000000.0,9.591145191718587,0.7734991503531226,,,0.24575296921703393,0.03312595955796267,-2.265625,0.16769747305177593,1.1856515373352856,0.030303030303030304,-0.36947687785733374,-0.0498031667836956,4377231691.848321,22.268731686898292,-99.68944099378882,-132.98969072164948,-137.0118845500849,-99.6841094301065,0.2226873168689829,-0.9968944099378882,,,
2023-12-31,98340659.34065926,674000000.0,424000000.0,148000000.0,139000000.0,206000000.0,95000000.0,6015000000.0,563000000.0,258000000.0,859000000.0,2233000000.0,819000000.0,822000000.0,156000000.0,589023390.0,40000000.0,4252000000.0,3412000000.0,364000000.0,6803000000.0,60000000.0,840000000.0,0,0.260989010989011,1.4984802431610942,2273000000.0,0.13785334770816515,0.07049044056525353,2.646282446106467,98340659.34065926,WRT1V.HE,12.719289779663086,Wärtsilä Oyj Abp,Industrials,Industrial Machinery,0.4380131661664573,-503.809395572135,29.03860148995932,-0.05763807055837568,5944000000.0,10.091280076331094,1.260423819718961,9.972590164064254,1.2754248966829531,0.2648451702401835,0.02082232379544063,0.6046511627906977,0.14451547779273216,1.246189917936694,7.066666666666666,1.1442669534736134,0.08996311691107042,7491959184.409504,2.9613146182814187,42300.0,-503.125,-409.17431192660547,48350.85660782977,0.12200487303723273,0.1475060724612327,0.1532115622107224,0.06972538246409088,0.15419006538875357
2024-12-31,383493449.78165936,1038000000.0,750000000.0,170000000.0,149000000.0,149000000.0,180000000.0,6449000000.0,901000000.0,503000000.0,766000000.0,2531000000.0,1554000000.0,1208000000.0,194000000.0,589080815.0,-788000000.0,5110000000.0,4121000000.0,687000000.0,7694000000.0,63000000.0,989000000.0,0,0.26200873362445415,0.8210526315789474,1743000000.0,0.317552180023901,0.11629710032563188,3.699942627653471,383493449.78165936,WRT1V.HE,16.8949031829834,Wärtsilä Oyj Abp,Industrials,Industrial Machinery,0.8538726558256697,94.94223502431755,19.78620941625836,0.20840260829324816,6928000000.0,11.760695347038249,1.4365564861977418,15.031568907884276,1.1239613966125503,0.329326630676302,0.01949266160980436,0.3856858846918489,0.11056581986143187,1.2399902936180538,11.904761904761905,1.7620672301134097,0.10429578737616974,9952463336.377954,7.215295095594354,76.88679245283019,94.96124031007751,54.00593471810089,130.35507320152817,0.1051351962592928,0.3255673462766986,0.37379548599528634,0.207889908515565,0.3745278219843453
2025-08-03,464065876.15283275,1171000000.0,802000000.0,168000000.0,183000000.0,149000000.0,193000000.0,6851000000.0,987000000.0,561000000.0,602000000.0,2503000000.0,1697000000.0,1339000000.0,227000000.0,588436960.0,-1095000000.0,5408000000.0,4430000000.0,759000000.0,7890000000.0,,,1,0.25428194993412384,0.8210180623973727,1408000000.0,0.42476269613127327,0.11706320245219676,4.865767045454546,464065876.15283275,WRT1V.HE,24.06999969482422,Wärtsilä Oyj Abp,Industrials,Industrial Machinery,0.9533731531751507,11.652849716011438,25.247196876333852,2.1666113861953686,7288000000.0,12.385353904350264,1.9434244576870596,16.2995993159974,1.4767233984212411,0.3857677464719415,0.01602691114927157,0.4046345811051693,0.08260153677277716,1.220767494356659,,1.9900177582319099,0.08267626852774013,14163677447.623291,6.233524577453875,6.933333333333325,11.530815109343928,12.813102119460495,33.761543094839695,0.09427620480044552,0.25626026706577276,0.3040381074927436,0.18743651564311326,0.30491614416945967
