{
  "enterprise_value": 3173867179822.9805,
  "terminal_value": 4539983615253.044,
  "npv": 3173867179822.9805,
  "net_debt": 79785000000.0,
  "equity_value": 3094082179822.9805,
  "per_share_value": 918.5341277174032,
  "upside": 103.53071742020899,
  "average_growth_rate": 0.10000000000000003
}