{
  "enterprise_value": 3224051843480.868,
  "terminal_value": 4551458733395.653,
  "npv": 3224051843480.868,
  "net_debt": 79785000000.0,
  "equity_value": 3144266843480.868,
  "per_share_value": 933.4323507052704,
  "upside": 106.83189689901849,
  "average_growth_rate": 0.10812704617161208
}