{
  "enterprise_value": 3570277027050.9375,
  "terminal_value": 5160215131699.642,
  "npv": 3570277027050.9375,
  "net_debt": 79785000000.0,
  "equity_value": 3490492027050.9375,
  "per_share_value": 1036.2155440729805,
  "upside": 129.60681233613573,
  "average_growth_rate": 0.11849002218973638
}