{
  "enterprise_value": 4146244377261.9556,
  "terminal_value": 6251526826551.798,
  "npv": 4146244377261.9556,
  "net_debt": 79785000000.0,
  "equity_value": 4066459377261.9556,
  "per_share_value": 1207.2018452998113,
  "upside": 167.49431537775567,
  "average_growth_rate": 0.14999999999999994
}