{
  "enterprise_value": 2618705825165.2373,
  "terminal_value": 3580616365166.4956,
  "npv": 2618705825165.2373,
  "net_debt": 79785000000.0,
  "equity_value": 2538920825165.2373,
  "per_share_value": 753.7244617142408,
  "upside": 67.01184615870612,
  "average_growth_rate": 0.06648916216847499
}