{
  "enterprise_value": 2714642469917.643,
  "terminal_value": 3701016095341.351,
  "npv": 2714642469917.643,
  "net_debt": 79785000000.0,
  "equity_value": 2634857469917.643,
  "per_share_value": 782.204985883391,
  "upside": 73.32262040403081,
  "average_growth_rate": 0.07412201896849505
}