{
  "enterprise_value": 48954877631.72475,
  "terminal_value": 55640592189.968506,
  "npv": 48954877631.72475,
  "net_debt": 11512000000.0,
  "equity_value": 37442877631.72475,
  "per_share_value": 222.52194520416927,
  "share_price": 190.2,
  "upside": 16.993662042149992,
  "average_growth_rate": 0.0375
}