{
  "enterprise_value": 53692884342.83366,
  "terminal_value": 61348310253.941376,
  "npv": 53692884342.83366,
  "net_debt": 11512000000.0,
  "equity_value": 42180884342.83366,
  "per_share_value": 250.67978286067094,
  "share_price": 190.2,
  "upside": 31.797993091835412,
  "average_growth_rate": 0.03375
}