{
  "enterprise_value": 61299603793.63611,
  "terminal_value": 83681302506.9363,
  "npv": 61299603793.63611,
  "net_debt": 11512000000.0,
  "equity_value": 49787603793.63611,
  "per_share_value": 295.8862978476704,
  "share_price": 190.2,
  "upside": 55.565876891519665,
  "average_growth_rate": 0.03721024848534868
}