{
  "enterprise_value": 39473948702.872406,
  "terminal_value": 45056886508.48295,
  "npv": 39473948702.872406,
  "net_debt": 11512000000.0,
  "equity_value": 27961948702.872406,
  "per_share_value": 166.1770571765681,
  "share_price": 190.2,
  "upside": -12.630359002855885,
  "average_growth_rate": 0.049872728396080646
}