{
  "enterprise_value": 126834290106.1877,
  "terminal_value": 166448175892.85715,
  "npv": 126834290106.1877,
  "net_debt": 11512000000.0,
  "equity_value": 115322290106.1877,
  "per_share_value": 685.3570543436446,
  "share_price": 190.3,
  "upside": 260.1455881994979,
  "average_growth_rate": 0.042808005491918925
}