{
  "enterprise_value": 56570348874.504456,
  "terminal_value": 76981947969.4652,
  "npv": 56570348874.504456,
  "net_debt": 11512000000.0,
  "equity_value": 45058348874.504456,
  "per_share_value": 267.78047183925725,
  "share_price": 190.2,
  "upside": 40.788891608442306,
  "average_growth_rate": 0.042808005491918925
}