{
  "enterprise_value": 32669958994.4607,
  "terminal_value": 26370009404.96535,
  "npv": 32669958994.4607,
  "net_debt": 11512000000.0,
  "equity_value": 21157958994.4607,
  "per_share_value": 125.7411419684351,
  "share_price": 190.3,
  "upside": -33.9247808888938,
  "average_growth_rate": 0.049872728396080646
}