{
  "enterprise_value": 48698785124.15669,
  "terminal_value": 56837883068.52011,
  "npv": 48698785124.15669,
  "net_debt": 11512000000.0,
  "equity_value": 37186785124.15669,
  "per_share_value": 220.9999947948884,
  "share_price": 190.2,
  "upside": 16.193477810141125,
  "average_growth_rate": 0.047295097445204604
}