{
  "enterprise_value": 49616394649.39459,
  "terminal_value": 57305986798.19436,
  "npv": 49616394649.39459,
  "net_debt": 11512000000.0,
  "equity_value": 38104394649.39459,
  "per_share_value": 226.4533218201811,
  "share_price": 190.2,
  "upside": 19.060631871809203,
  "average_growth_rate": 0.04241090987725645
}