{
  "enterprise_value": 66029713001.99926,
  "terminal_value": 95890996128.0523,
  "npv": 66029713001.99926,
  "net_debt": 11512000000.0,
  "equity_value": 54517713001.99926,
  "per_share_value": 323.9972008724238,
  "share_price": 190.2,
  "upside": 70.34553147866656,
  "average_growth_rate": 0.047055294260203766
}