{
  "enterprise_value": 123452754216.24103,
  "terminal_value": 139969954381.29504,
  "npv": 123452754216.24103,
  "net_debt": 11512000000.0,
  "equity_value": 111940754216.24103,
  "per_share_value": 665.2606837759323,
  "share_price": 190.3,
  "upside": 249.5852253157815,
  "average_growth_rate": 0.03375
}