{
  "enterprise_value": 88318413024.35414,
  "terminal_value": 97199725000.0,
  "npv": 88318413024.35414,
  "net_debt": 11512000000.0,
  "equity_value": 76806413024.35414,
  "per_share_value": 456.45830425846066,
  "share_price": 190.3,
  "upside": 139.86248253203397,
  "average_growth_rate": 0.047295097445204604
}