{
  "enterprise_value": 45572461922.98293,
  "terminal_value": 45615097764.17115,
  "npv": 45572461922.98293,
  "net_debt": 11512000000.0,
  "equity_value": 34060461922.982933,
  "per_share_value": 202.42034589865412,
  "share_price": 190.3,
  "upside": 6.369072989308517,
  "average_growth_rate": 0.05644921588954983
}