{
  "enterprise_value": 51884504619.08012,
  "terminal_value": 67695287979.17989,
  "npv": 51884504619.08012,
  "net_debt": 11512000000.0,
  "equity_value": 40372504619.08012,
  "per_share_value": 239.93263415710908,
  "share_price": 190.2,
  "upside": 26.147546875451678,
  "average_growth_rate": 0.038636363636363635
}